{
	"credit": "Made with Blockbench",
	"texture_size": [48, 48],
	"textures": {
		"0": "fraggle:furniture/plushes/chonk_bear"
	},
	"elements": [
		{
			"name": "Body",
			"from": [4, 0, 5],
			"to": [12, 8, 12],
			"faces": {
				"north": {"uv": [0, 0, 2.66667, 2.66667], "texture": "#0"},
				"east": {"uv": [3, 0, 5.33333, 2.66667], "texture": "#0"},
				"south": {"uv": [0, 3, 2.66667, 5.66667], "texture": "#0"},
				"west": {"uv": [3, 3, 5.33333, 5.66667], "texture": "#0"},
				"up": {"uv": [8.33333, 2.33333, 5.66667, 0], "texture": "#0"},
				"down": {"uv": [8.33333, 2.66667, 5.66667, 5], "texture": "#0"}
			}
		},
		{
			"name": "Body",
			"from": [5, 8, 6],
			"to": [11, 9, 11],
			"faces": {
				"north": {"uv": [11.66667, 10, 13.66667, 10.33333], "texture": "#0"},
				"east": {"uv": [13, 3.33333, 14.66667, 3.66667], "texture": "#0"},
				"south": {"uv": [12.33333, 0, 14.33333, 0.33333], "texture": "#0"},
				"west": {"uv": [13, 6.33333, 14.66667, 6.66667], "texture": "#0"},
				"up": {"uv": [4.33333, 7.66667, 2.33333, 6], "texture": "#0"},
				"down": {"uv": [4.33333, 8, 2.33333, 9.66667], "texture": "#0"}
			}
		},
		{
			"name": "Head",
			"from": [6, 9, 6],
			"to": [10, 13, 10],
			"faces": {
				"north": {"uv": [2, 10, 3.33333, 11.33333], "texture": "#0"},
				"east": {"uv": [10, 2.33333, 11.33333, 3.66667], "texture": "#0"},
				"south": {"uv": [10, 4, 11.33333, 5.33333], "texture": "#0"},
				"west": {"uv": [10, 5.66667, 11.33333, 7], "texture": "#0"},
				"up": {"uv": [11.33333, 8.66667, 10, 7.33333], "texture": "#0"},
				"down": {"uv": [10, 10, 8.66667, 11.33333], "texture": "#0"}
			}
		},
		{
			"name": "Nose",
			"from": [7, 9, 5],
			"to": [9, 11, 6],
			"faces": {
				"north": {"uv": [10.33333, 13, 11, 13.66667], "texture": "#0"},
				"east": {"uv": [1, 13.33333, 1.33333, 14], "texture": "#0"},
				"south": {"uv": [13, 10.66667, 13.66667, 11.33333], "texture": "#0"},
				"west": {"uv": [13.66667, 7, 14, 7.66667], "texture": "#0"},
				"up": {"uv": [5.33333, 7.66667, 4.66667, 7.33333], "texture": "#0"},
				"down": {"uv": [14.33333, 8, 13.66667, 8.33333], "texture": "#0"}
			}
		},
		{
			"name": "Ear",
			"from": [9, 12, 7],
			"to": [11, 14, 8],
			"faces": {
				"north": {"uv": [11.33333, 13, 12, 13.66667], "texture": "#0"},
				"east": {"uv": [14, 2, 14.33333, 2.66667], "texture": "#0"},
				"south": {"uv": [13, 11.66667, 13.66667, 12.33333], "texture": "#0"},
				"west": {"uv": [3.66667, 14, 4, 14.66667], "texture": "#0"},
				"up": {"uv": [14.66667, 5, 14, 4.66667], "texture": "#0"},
				"down": {"uv": [14.66667, 5.33333, 14, 5.66667], "texture": "#0"}
			}
		},
		{
			"name": "Ear",
			"from": [5, 12, 7],
			"to": [7, 14, 8],
			"faces": {
				"north": {"uv": [12.33333, 13, 13, 13.66667], "texture": "#0"},
				"east": {"uv": [4.33333, 14, 4.66667, 14.66667], "texture": "#0"},
				"south": {"uv": [0, 13.33333, 0.66667, 14], "texture": "#0"},
				"west": {"uv": [14, 9.66667, 14.33333, 10.33333], "texture": "#0"},
				"up": {"uv": [11, 14.33333, 10.33333, 14], "texture": "#0"},
				"down": {"uv": [14.66667, 10.66667, 14, 11], "texture": "#0"}
			}
		},
		{
			"name": "Bow",
			"from": [2.25, 12, 8.75],
			"to": [7.25, 14, 8.75],
			"rotation": {"angle": 45, "axis": "z", "origin": [4.75, 14, 9]},
			"faces": {
				"north": {"uv": [11.66667, 4, 13.33333, 4.66667], "texture": "#0"},
				"east": {"uv": [2, 8.66667, 2, 9.33333], "texture": "#0"},
				"south": {"uv": [5, 11.66667, 6.66667, 12.33333], "texture": "#0"},
				"west": {"uv": [10, 9, 10, 9.66667], "texture": "#0"},
				"up": {"uv": [15.33333, 8.66667, 13.66667, 8.66667], "texture": "#0"},
				"down": {"uv": [15.66667, 3, 14, 3], "texture": "#0"}
			}
		},
		{
			"name": "Body",
			"from": [3, 0, 6],
			"to": [4, 6, 11],
			"faces": {
				"north": {"uv": [7.66667, 12, 8, 14], "texture": "#0"},
				"east": {"uv": [4.66667, 8, 6.33333, 10], "texture": "#0"},
				"south": {"uv": [5, 12.66667, 5.33333, 14.66667], "texture": "#0"},
				"west": {"uv": [8, 5.33333, 9.66667, 7.33333], "texture": "#0"},
				"up": {"uv": [3.33333, 14.66667, 3, 13], "texture": "#0"},
				"down": {"uv": [13.33333, 7, 13, 8.66667], "texture": "#0"}
			}
		},
		{
			"name": "Body",
			"from": [12, 0, 6],
			"to": [13, 6, 11],
			"faces": {
				"north": {"uv": [5.66667, 12.66667, 6, 14.66667], "texture": "#0"},
				"east": {"uv": [6.66667, 8, 8.33333, 10], "texture": "#0"},
				"south": {"uv": [6.33333, 12.66667, 6.66667, 14.66667], "texture": "#0"},
				"west": {"uv": [0, 8.66667, 1.66667, 10.66667], "texture": "#0"},
				"up": {"uv": [8.66667, 14.66667, 8.33333, 13], "texture": "#0"},
				"down": {"uv": [9.33333, 13, 9, 14.66667], "texture": "#0"}
			}
		},
		{
			"name": "Body",
			"from": [5, 0, 4],
			"to": [11, 7, 5],
			"faces": {
				"north": {"uv": [5.66667, 5.33333, 7.66667, 7.66667], "texture": "#0"},
				"east": {"uv": [9.66667, 11.66667, 10, 14], "texture": "#0"},
				"south": {"uv": [0, 6, 2, 8.33333], "texture": "#0"},
				"west": {"uv": [7, 12, 7.33333, 14.33333], "texture": "#0"},
				"up": {"uv": [14.33333, 1, 12.33333, 0.66667], "texture": "#0"},
				"down": {"uv": [14.33333, 1.33333, 12.33333, 1.66667], "texture": "#0"}
			}
		},
		{
			"name": "Tail",
			"from": [6, 0, 12],
			"to": [10, 2, 13],
			"faces": {
				"north": {"uv": [11.66667, 9, 13, 9.66667], "texture": "#0"},
				"east": {"uv": [11.33333, 14, 11.66667, 14.66667], "texture": "#0"},
				"south": {"uv": [11.33333, 12, 12.66667, 12.66667], "texture": "#0"},
				"west": {"uv": [14, 11.33333, 14.33333, 12], "texture": "#0"},
				"up": {"uv": [14.66667, 9.33333, 13.33333, 9], "texture": "#0"},
				"down": {"uv": [14.66667, 12.66667, 13.33333, 13], "texture": "#0"}
			}
		},
		{
			"name": "Leg",
			"from": [2.925, -0.025, 3],
			"to": [5.925, 2.975, 7],
			"rotation": {"angle": 0, "axis": "y", "origin": [-0.075, -0.025, 0]},
			"faces": {
				"north": {"uv": [11.66667, 5, 12.66667, 6], "texture": "#0"},
				"east": {"uv": [3.66667, 10.33333, 5, 11.33333], "texture": "#0"},
				"south": {"uv": [11.66667, 6.33333, 12.66667, 7.33333], "texture": "#0"},
				"west": {"uv": [5.33333, 10.33333, 6.66667, 11.33333], "texture": "#0"},
				"up": {"uv": [8, 11.66667, 7, 10.33333], "texture": "#0"},
				"down": {"uv": [11.33333, 9, 10.33333, 10.33333], "texture": "#0"}
			}
		},
		{
			"name": "Arm",
			"from": [1.75, 1.75, 7],
			"to": [3.75, 7.75, 10],
			"rotation": {"angle": -22.5, "axis": "z", "origin": [2.75, 4.75, 8.5]},
			"faces": {
				"north": {"uv": [10.33333, 10.66667, 11, 12.66667], "texture": "#0"},
				"east": {"uv": [8.66667, 0, 9.66667, 2], "texture": "#0"},
				"south": {"uv": [0, 11, 0.66667, 13], "texture": "#0"},
				"west": {"uv": [8.66667, 2.33333, 9.66667, 4.33333], "texture": "#0"},
				"up": {"uv": [5.33333, 7, 4.66667, 6], "texture": "#0"},
				"down": {"uv": [2.66667, 13, 2, 14], "texture": "#0"}
			}
		},
		{
			"name": "Arm",
			"from": [12.25, 1.75, 7],
			"to": [14.25, 7.75, 10],
			"rotation": {"angle": 22.5, "axis": "z", "origin": [13.25, 4.75, 8.5]},
			"faces": {
				"north": {"uv": [1, 11, 1.66667, 13], "texture": "#0"},
				"east": {"uv": [8.66667, 7.66667, 9.66667, 9.66667], "texture": "#0"},
				"south": {"uv": [11.33333, 0, 12, 2], "texture": "#0"},
				"west": {"uv": [10, 0, 11, 2], "texture": "#0"},
				"up": {"uv": [13.66667, 3, 13, 2], "texture": "#0"},
				"down": {"uv": [13.66667, 5, 13, 6], "texture": "#0"}
			}
		},
		{
			"name": "Foot",
			"from": [2.925, 2.975, 3],
			"to": [5.925, 3.975, 3],
			"rotation": {"angle": 0, "axis": "y", "origin": [-0.075, -0.025, 0]},
			"faces": {
				"north": {"uv": [8.66667, 4.66667, 9.66667, 5], "texture": "#0"},
				"east": {"uv": [8.33333, 10.33333, 8.33333, 10.66667], "texture": "#0"},
				"south": {"uv": [3.66667, 13.33333, 4.66667, 13.66667], "texture": "#0"},
				"west": {"uv": [8.33333, 11, 8.33333, 11.33333], "texture": "#0"},
				"up": {"uv": [15, 6, 14, 6], "texture": "#0"},
				"down": {"uv": [13, 14, 12, 14], "texture": "#0"}
			}
		},
		{
			"name": "Foot",
			"from": [10.075, 2.975, 3],
			"to": [13.075, 3.975, 3],
			"rotation": {"angle": 0, "axis": "y", "origin": [0.075, -0.025, 0]},
			"faces": {
				"north": {"uv": [13.33333, 13.33333, 14.33333, 13.66667], "texture": "#0"},
				"east": {"uv": [1.66667, 13.33333, 1.66667, 13.66667], "texture": "#0"},
				"south": {"uv": [13.66667, 4, 14.66667, 4.33333], "texture": "#0"},
				"west": {"uv": [1.66667, 14, 1.66667, 14.33333], "texture": "#0"},
				"up": {"uv": [15, 12.33333, 14, 12.33333], "texture": "#0"},
				"down": {"uv": [14.33333, 14, 13.33333, 14], "texture": "#0"}
			}
		},
		{
			"name": "Leg",
			"from": [10.075, -0.025, 3],
			"to": [13.075, 2.975, 7],
			"rotation": {"angle": 0, "axis": "y", "origin": [0.075, -0.025, 0]},
			"faces": {
				"north": {"uv": [11.66667, 7.66667, 12.66667, 8.66667], "texture": "#0"},
				"east": {"uv": [11.33333, 10.66667, 12.66667, 11.66667], "texture": "#0"},
				"south": {"uv": [8.33333, 11.66667, 9.33333, 12.66667], "texture": "#0"},
				"west": {"uv": [2, 11.66667, 3.33333, 12.66667], "texture": "#0"},
				"up": {"uv": [12.66667, 3.66667, 11.66667, 2.33333], "texture": "#0"},
				"down": {"uv": [4.66667, 11.66667, 3.66667, 13], "texture": "#0"}
			}
		}
	],
	"display": {
		"thirdperson_righthand": {
			"rotation": [-178.14, 21.86, 170.43],
			"translation": [2, 7.75, 0]
		},
		"thirdperson_lefthand": {
			"rotation": [-178.14, 21.86, 170.43],
			"translation": [2, 7.75, 0]
		},
		"ground": {
			"translation": [0, 4.5, 0]
		},
		"gui": {
			"rotation": [-165, -21.75, 180],
			"translation": [0, 1.75, 0],
			"scale": [1.28, 1.28, 1.28]
		},
		"head": {
			"translation": [0, 25, 0],
			"scale": [4, 4, 4]
		},
		"fixed": {
			"rotation": [-90, 0, 0],
			"translation": [0, 0, -21],
			"scale": [2.5, 2.5, 2.5]
		}
	},
	"groups": [
		{
			"name": "Bear",
			"origin": [0, 0, 0],
			"color": 0,
			"children": [0, 1, 2, 3, 4, 5, 6, 7, 8, 9, 10, 11, 12, 13, 14, 15, 16]
		},
		{
			"name": "hitbox",
			"origin": [0, 0, 0],
			"color": 0,
			"children": [17]
		}
	]
}