{"textures":{"0":"modelengine:entity/elephant","1":"modelengine:entity/elephantsaddle1"},"elements":[{"from":[5.8829103,6.3831906,6.3502936],"to":[9.9308195,6.9504137,7.716785],"rotation":{"angle":0.0,"axis":"y","origin":[7.90152,7.453636,6.658865]},"faces":{"east":{"uv":[2.76875,0.1375,2.4375,0.0],"rotation":0,"texture":"#0","tintindex":0},"south":{"uv":[3.41875,0.1375,2.4375,0.0],"rotation":0,"texture":"#0","tintindex":0},"north":{"uv":[4.3125,2.375,2.4375,0.0],"rotation":0,"texture":"#0","tintindex":0},"west":{"uv":[2.76875,0.1375,2.4375,0.0],"rotation":0,"texture":"#0","tintindex":0},"up":{"uv":[4.3125,2.375,2.4375,0.0],"rotation":0,"texture":"#0","tintindex":0},"down":{"uv":[3.41875,0.33125,2.4375,0.0],"rotation":0,"texture":"#0","tintindex":0}}},{"from":[5.8829103,7.621121,4.3204527],"to":[9.9308195,8.626653,6.7440414],"rotation":{"angle":45.0,"axis":"x","origin":[7.90152,7.453636,6.658865]},"faces":{"east":{"uv":[3.025,0.24375,2.4375,0.0],"rotation":0,"texture":"#0","tintindex":0},"south":{"uv":[4.3125,2.375,2.4375,0.0],"rotation":0,"texture":"#0","tintindex":0},"north":{"uv":[3.41875,0.24375,2.4375,0.0],"rotation":0,"texture":"#0","tintindex":0},"west":{"uv":[3.025,0.24375,2.4375,0.0],"rotation":0,"texture":"#0","tintindex":0},"up":{"uv":[4.3125,2.375,2.4375,0.0],"rotation":0,"texture":"#0","tintindex":0},"down":{"uv":[3.41875,0.5875,2.4375,0.0],"rotation":0,"texture":"#0","tintindex":0}}},{"from":[5.7282133,6.687318,6.065733],"to":[10.1112995,7.6670666,8.721368],"rotation":{"angle":-22.5,"axis":"x","origin":[7.90152,7.453636,6.658865]},"faces":{"east":{"uv":[3.13125,0.2875,2.4375,0.0],"rotation":0,"texture":"#0","tintindex":0},"south":{"uv":[3.13125,0.2875,2.4375,0.0],"rotation":0,"texture":"#0","tintindex":0},"north":{"uv":[3.5,0.2375,2.4375,0.0],"rotation":0,"texture":"#0","tintindex":0},"west":{"uv":[3.08125,0.2375,2.4375,0.0],"rotation":0,"texture":"#0","tintindex":0},"up":{"uv":[3.5,0.64375,2.4375,0.0],"rotation":0,"texture":"#0","tintindex":0},"down":{"uv":[3.13125,0.2875,2.4375,0.0],"rotation":0,"texture":"#0","tintindex":0}}},{"from":[5.4915853,8.2570095,8.129389],"to":[6.187722,9.649284,8.954441],"rotation":{"angle":-22.5,"axis":"z","origin":[7.90152,7.453636,6.658865]},"faces":{"east":{"uv":[4.3125,2.375,2.4375,0.0],"rotation":0,"texture":"#0","tintindex":0},"south":{"uv":[4.3125,2.375,2.4375,0.0],"rotation":0,"texture":"#0","tintindex":0},"north":{"uv":[2.60625,0.3375,2.4375,0.0],"rotation":0,"texture":"#0","tintindex":0},"west":{"uv":[2.6375,0.3375,2.4375,0.0],"rotation":0,"texture":"#0","tintindex":0},"up":{"uv":[4.3125,2.375,2.4375,0.0],"rotation":0,"texture":"#0","tintindex":0},"down":{"uv":[4.3125,2.375,2.4375,0.0],"rotation":0,"texture":"#0","tintindex":0}}},{"from":[6.0633903,7.952159,5.6302924],"to":[9.801905,10.117919,8.157013],"rotation":{"angle":22.5,"axis":"x","origin":[7.90152,7.453636,6.658865]},"faces":{"east":{"uv":[3.05,0.525,2.4375,0.0],"rotation":0,"texture":"#0","tintindex":0},"south":{"uv":[4.3125,2.375,2.4375,0.0],"rotation":0,"texture":"#0","tintindex":0},"north":{"uv":[3.34375,0.525,2.4375,0.0],"rotation":0,"texture":"#0","tintindex":0},"west":{"uv":[3.05,0.525,2.4375,0.0],"rotation":0,"texture":"#0","tintindex":0},"up":{"uv":[4.3125,2.375,2.4375,0.0],"rotation":0,"texture":"#0","tintindex":0},"down":{"uv":[3.34375,0.6125,2.4375,0.0],"rotation":0,"texture":"#0","tintindex":0}}},{"from":[9.131551,7.553108,5.983361],"to":[9.921494,8.471966,6.7568464],"rotation":{"angle":0.0,"axis":"y","origin":[7.90152,7.453636,6.658865]},"faces":{"east":{"uv":[0.0,15.714286,0.14285715,16.0],"rotation":0,"texture":"#1","tintindex":0},"south":{"uv":[0.0,15.75,0.5,16.0],"rotation":0,"texture":"#1","tintindex":0},"north":{"uv":[0.0,15.714286,0.42857143,16.0],"rotation":0,"texture":"#1","tintindex":0},"west":{"uv":[0.0,15.75,0.5,16.0],"rotation":0,"texture":"#1","tintindex":0},"up":{"uv":[0.0,15.75,0.5,16.0],"rotation":0,"texture":"#1","tintindex":0},"down":{"uv":[0.0,15.75,0.5,16.0],"rotation":0,"texture":"#1","tintindex":0}}},{"from":[5.934476,7.462998,8.129389],"to":[9.879253,9.138884,8.980224],"rotation":{"angle":0.0,"axis":"y","origin":[7.90152,7.453636,6.658865]},"faces":{"east":{"uv":[2.64375,0.40625,2.4375,0.0],"rotation":0,"texture":"#0","tintindex":0},"south":{"uv":[4.3125,2.375,2.4375,0.0],"rotation":0,"texture":"#0","tintindex":0},"north":{"uv":[3.39375,0.40625,2.4375,0.0],"rotation":0,"texture":"#0","tintindex":0},"west":{"uv":[2.64375,0.40625,2.4375,0.0],"rotation":0,"texture":"#0","tintindex":0},"up":{"uv":[4.3125,2.375,2.4375,0.0],"rotation":0,"texture":"#0","tintindex":0},"down":{"uv":[4.3125,2.375,2.4375,0.0],"rotation":0,"texture":"#0","tintindex":0}}},{"from":[8.254933,5.2863936,4.9370794],"to":[9.672991,5.905182,6.514771],"rotation":{"angle":0.0,"axis":"y","origin":[7.90152,7.453636,6.658865]},"faces":{"east":{"uv":[2.8,0.15,2.4375,0.0],"rotation":0,"texture":"#0","tintindex":0},"south":{"uv":[4.3125,2.375,2.4375,0.0],"rotation":0,"texture":"#0","tintindex":0},"north":{"uv":[2.78125,0.15,2.4375,0.0],"rotation":0,"texture":"#0","tintindex":0},"west":{"uv":[4.3125,2.375,2.4375,0.0],"rotation":0,"texture":"#0","tintindex":0},"up":{"uv":[4.3125,2.375,2.4375,0.0],"rotation":0,"texture":"#0","tintindex":0},"down":{"uv":[2.5926,0.17256,2.4375,0.0],"rotation":0,"texture":"#0","tintindex":0}}},{"from":[6.862659,4.220246,4.0947747],"to":[8.899505,6.6954,5.848009],"rotation":{"angle":22.5,"axis":"x","origin":[7.90152,7.453636,6.658865]},"faces":{"east":{"uv":[2.8625,0.6,2.4375,0.0],"rotation":0,"texture":"#0","tintindex":0},"south":{"uv":[4.3125,2.375,2.4375,0.0],"rotation":0,"texture":"#0","tintindex":0},"north":{"uv":[2.93125,0.6,2.4375,0.0],"rotation":0,"texture":"#0","tintindex":0},"west":{"uv":[2.8625,0.6,2.4375,0.0],"rotation":0,"texture":"#0","tintindex":0},"up":{"uv":[4.3125,2.375,2.4375,0.0],"rotation":0,"texture":"#0","tintindex":0},"down":{"uv":[4.3125,2.375,2.4375,0.0],"rotation":0,"texture":"#0","tintindex":0}}},{"from":[6.3985677,5.5127444,4.8570776],"to":[6.9400077,6.1573157,6.0173063],"rotation":{"angle":-22.5,"axis":"x","origin":[7.90152,7.453636,6.658865]},"faces":{"east":{"uv":[2.4375,7.75,3.0625,8.5],"rotation":0,"texture":"#1","tintindex":0},"south":{"uv":[2.4375,7.75,3.0625,8.5],"rotation":0,"texture":"#1","tintindex":0},"north":{"uv":[2.4375,7.75,3.0625,8.5],"rotation":0,"texture":"#1","tintindex":0},"west":{"uv":[2.4375,7.75,3.0625,8.5],"rotation":0,"texture":"#1","tintindex":0},"up":{"uv":[2.4375,7.75,3.0625,8.5],"rotation":0,"texture":"#1","tintindex":0},"down":{"uv":[2.4375,7.75,3.0625,8.5],"rotation":0,"texture":"#1","tintindex":0}}},{"from":[8.29812,5.7803717,6.3396397],"to":[10.154486,7.2757773,7.654566],"rotation":{"angle":-22.5,"axis":"z","origin":[7.90152,7.453636,6.658865]},"faces":{"east":{"uv":[2.75625,0.3625,2.4375,0.0],"rotation":0,"texture":"#0","tintindex":0},"south":{"uv":[2.8875,0.3625,2.4375,0.0],"rotation":0,"texture":"#0","tintindex":0},"north":{"uv":[4.3125,2.375,2.4375,0.0],"rotation":0,"texture":"#0","tintindex":0},"west":{"uv":[4.3125,2.375,2.4375,0.0],"rotation":0,"texture":"#0","tintindex":0},"up":{"uv":[4.3125,2.375,2.4375,0.0],"rotation":0,"texture":"#0","tintindex":0},"down":{"uv":[2.8875,0.31875,2.4375,0.0],"rotation":0,"texture":"#0","tintindex":0}}},{"from":[8.254933,5.4270954,6.088642],"to":[9.672991,7.1545467,7.5582647],"rotation":{"angle":22.5,"axis":"x","origin":[7.90152,7.453636,6.658865]},"faces":{"east":{"uv":[2.79375,0.41875,2.4375,0.0],"rotation":0,"texture":"#0","tintindex":0},"south":{"uv":[2.78125,0.41875,2.4375,0.0],"rotation":0,"texture":"#0","tintindex":0},"north":{"uv":[2.78125,0.41875,2.4375,0.0],"rotation":0,"texture":"#0","tintindex":0},"west":{"uv":[4.3125,2.375,2.4375,0.0],"rotation":0,"texture":"#0","tintindex":0},"up":{"uv":[4.3125,2.375,2.4375,0.0],"rotation":0,"texture":"#0","tintindex":0},"down":{"uv":[2.78125,0.35625,2.4375,0.0],"rotation":0,"texture":"#0","tintindex":0}}},{"from":[9.6490135,8.2430525,8.129389],"to":[10.345151,9.635326,8.954441],"rotation":{"angle":22.5,"axis":"z","origin":[7.90152,7.453636,6.658865]},"faces":{"east":{"uv":[10.5,0.3125,10.7,0.65],"rotation":0,"texture":"#0","tintindex":0},"south":{"uv":[0.875,12.3125,1.0625,12.625],"rotation":0,"texture":"#0","tintindex":0},"north":{"uv":[12.25,11.0625,12.4375,11.375],"rotation":0,"texture":"#0","tintindex":0},"west":{"uv":[1.0625,12.3125,1.25,12.625],"rotation":0,"texture":"#0","tintindex":0},"up":{"uv":[2.75,12.625,2.5625,12.4375],"rotation":0,"texture":"#0","tintindex":0},"down":{"uv":[2.9375,12.4375,2.75,12.625],"rotation":0,"texture":"#0","tintindex":0}}},{"from":[6.7595277,6.609096,5.2776775],"to":[9.079985,9.62569,7.185609],"rotation":{"angle":-22.5,"axis":"x","origin":[7.90152,7.453636,6.658865]},"faces":{"east":{"uv":[2.9,0.73125,2.4375,0.0],"rotation":0,"texture":"#0","tintindex":0},"south":{"uv":[4.3125,2.375,2.4375,0.0],"rotation":0,"texture":"#0","tintindex":0},"north":{"uv":[3.0,0.73125,2.4375,0.0],"rotation":0,"texture":"#0","tintindex":0},"west":{"uv":[2.9,0.73125,2.4375,0.0],"rotation":0,"texture":"#0","tintindex":0},"up":{"uv":[3.0,0.4625,2.4375,0.0],"rotation":0,"texture":"#0","tintindex":0},"down":{"uv":[4.3125,2.375,2.4375,0.0],"rotation":0,"texture":"#0","tintindex":0}}},{"from":[6.9915733,4.2718115,4.1463404],"to":[8.770591,8.010326,5.848009],"rotation":{"angle":22.5,"axis":"x","origin":[7.90152,7.453636,6.658865]},"faces":{"east":{"uv":[2.85,0.90625,2.4375,0.0],"rotation":0,"texture":"#0","tintindex":0},"south":{"uv":[4.3125,2.375,2.4375,0.0],"rotation":0,"texture":"#0","tintindex":0},"north":{"uv":[2.86875,0.90625,2.4375,0.0],"rotation":0,"texture":"#0","tintindex":0},"west":{"uv":[2.85,0.90625,2.4375,0.0],"rotation":0,"texture":"#0","tintindex":0},"up":{"uv":[4.3125,2.375,2.4375,0.0],"rotation":0,"texture":"#0","tintindex":0},"down":{"uv":[4.3125,2.375,2.4375,0.0],"rotation":0,"texture":"#0","tintindex":0}}},{"from":[5.660393,5.605667,6.3654227],"to":[7.4909763,7.307336,7.654566],"rotation":{"angle":22.5,"axis":"z","origin":[7.90152,7.453636,6.658865]},"faces":{"east":{"uv":[4.3125,2.375,2.4375,0.0],"rotation":0,"texture":"#0","tintindex":0},"south":{"uv":[2.88125,0.4125,2.4375,0.0],"rotation":0,"texture":"#0","tintindex":0},"north":{"uv":[4.3125,2.375,2.4375,0.0],"rotation":0,"texture":"#0","tintindex":0},"west":{"uv":[2.75,0.4125,2.4375,0.0],"rotation":0,"texture":"#0","tintindex":0},"up":{"uv":[4.3125,2.375,2.4375,0.0],"rotation":0,"texture":"#0","tintindex":0},"down":{"uv":[4.3125,2.375,2.4375,0.0],"rotation":0,"texture":"#0","tintindex":0}}},{"from":[6.3985677,9.221036,7.598913],"to":[9.466728,11.025836,8.9654045],"rotation":{"angle":0.0,"axis":"y","origin":[7.90152,7.453636,6.658865]},"faces":{"east":{"uv":[8.5,2.75,8.83125,3.1875],"rotation":0,"texture":"#0","tintindex":0},"south":{"uv":[10.375,5.6875,11.125,6.125],"rotation":0,"texture":"#0","tintindex":0},"north":{"uv":[10.375,5.25,11.125,5.6875],"rotation":0,"texture":"#0","tintindex":0},"west":{"uv":[10.25,0.875,10.58125,1.3125],"rotation":0,"texture":"#0","tintindex":0},"up":{"uv":[11.99375,4.64375,11.25,4.3125],"rotation":0,"texture":"#0","tintindex":0},"down":{"uv":[12.0,5.9375,11.25,6.25],"rotation":0,"texture":"#0","tintindex":0}}},{"from":[6.4830475,10.51724,7.593053],"to":[9.253333,11.47724,8.635339],"rotation":{"angle":-45.0,"axis":"x","origin":[7.9070477,6.2941294,13.979999]},"faces":{"east":{"uv":[2.675,0.21875,2.4375,0.0],"rotation":0,"texture":"#0","tintindex":0},"south":{"uv":[4.3125,2.375,2.4375,0.0],"rotation":0,"texture":"#0","tintindex":0},"north":{"uv":[3.06875,0.21875,2.4375,0.0],"rotation":0,"texture":"#0","tintindex":0},"west":{"uv":[2.675,0.21875,2.4375,0.0],"rotation":0,"texture":"#0","tintindex":0},"up":{"uv":[4.3125,2.375,2.4375,0.0],"rotation":0,"texture":"#0","tintindex":0},"down":{"uv":[3.06875,0.2375,2.4375,0.0],"rotation":0,"texture":"#0","tintindex":0}}},{"from":[6.702476,10.51724,7.0444813],"to":[9.006476,11.47724,7.593053],"rotation":{"angle":-45.0,"axis":"x","origin":[7.9070477,6.2941294,13.979999]},"faces":{"east":{"uv":[2.5625,0.21875,2.4375,0.0],"rotation":0,"texture":"#0","tintindex":0},"south":{"uv":[4.3125,2.375,2.4375,0.0],"rotation":0,"texture":"#0","tintindex":0},"north":{"uv":[2.9625,0.21875,2.4375,0.0],"rotation":0,"texture":"#0","tintindex":0},"west":{"uv":[2.5625,0.21875,2.4375,0.0],"rotation":0,"texture":"#0","tintindex":0},"up":{"uv":[2.9535713,0.125,2.4285715,0.0],"rotation":0,"texture":"#0","tintindex":0},"down":{"uv":[2.9625,0.125,2.4375,0.0],"rotation":0,"texture":"#0","tintindex":0}}},{"from":[6.0633903,8.374367,4.330818],"to":[9.801905,9.560379,5.233218],"rotation":{"angle":45.0,"axis":"x","origin":[7.90152,7.453636,6.658865]},"faces":{"east":{"uv":[2.65625,0.2875,2.4375,0.0],"rotation":0,"texture":"#0","tintindex":0},"south":{"uv":[4.3125,2.375,2.4375,0.0],"rotation":0,"texture":"#0","tintindex":0},"north":{"uv":[3.34375,0.2875,2.4375,0.0],"rotation":0,"texture":"#0","tintindex":0},"west":{"uv":[2.65625,0.2875,2.4375,0.0],"rotation":0,"texture":"#0","tintindex":0},"up":{"uv":[2.8464,0.0987,2.4375,0.0],"rotation":0,"texture":"#0","tintindex":0},"down":{"uv":[4.3125,2.375,2.4375,0.0],"rotation":0,"texture":"#0","tintindex":0}}},{"from":[6.8039317,5.3166046,5.019365],"to":[8.273555,7.4050164,6.3600736],"rotation":{"angle":-22.5,"axis":"z","origin":[7.90152,7.453636,6.658865]},"faces":{"east":{"uv":[4.3125,2.375,2.4375,0.0],"rotation":0,"texture":"#0","tintindex":0},"south":{"uv":[4.3125,2.375,2.4375,0.0],"rotation":0,"texture":"#0","tintindex":0},"north":{"uv":[2.79375,0.50625,2.4375,0.0],"rotation":0,"texture":"#0","tintindex":0},"west":{"uv":[2.7625,0.50625,2.4375,0.0],"rotation":0,"texture":"#0","tintindex":0},"up":{"uv":[4.3125,2.375,2.4375,0.0],"rotation":0,"texture":"#0","tintindex":0},"down":{"uv":[4.3125,2.375,2.4375,0.0],"rotation":0,"texture":"#0","tintindex":0}}},{"from":[8.796373,5.5127444,4.8570776],"to":[9.337813,6.1573157,6.0173063],"rotation":{"angle":-22.5,"axis":"x","origin":[7.90152,7.453636,6.658865]},"faces":{"east":{"uv":[2.4375,7.75,3.0625,8.5],"rotation":0,"texture":"#1","tintindex":0},"south":{"uv":[2.4375,7.75,3.0625,8.5],"rotation":0,"texture":"#1","tintindex":0},"north":{"uv":[2.4375,7.75,3.0625,8.5],"rotation":0,"texture":"#1","tintindex":0},"west":{"uv":[2.4375,7.75,3.0625,8.5],"rotation":0,"texture":"#1","tintindex":0},"up":{"uv":[2.4375,7.75,3.0625,8.5],"rotation":0,"texture":"#1","tintindex":0},"down":{"uv":[2.4375,7.75,3.0625,8.5],"rotation":0,"texture":"#1","tintindex":0}}},{"from":[6.0633903,5.2863936,5.019365],"to":[7.4814477,5.905182,6.514771],"rotation":{"angle":0.0,"axis":"y","origin":[7.90152,7.453636,6.658865]},"faces":{"east":{"uv":[4.3125,2.375,2.4375,0.0],"rotation":0,"texture":"#0","tintindex":0},"south":{"uv":[4.3125,2.375,2.4375,0.0],"rotation":0,"texture":"#0","tintindex":0},"north":{"uv":[2.78125,0.15,2.4375,0.0],"rotation":0,"texture":"#0","tintindex":0},"west":{"uv":[2.8,0.15,2.4375,0.0],"rotation":0,"texture":"#0","tintindex":0},"up":{"uv":[4.3125,2.375,2.4375,0.0],"rotation":0,"texture":"#0","tintindex":0},"down":{"uv":[2.5926,0.16356,2.4375,0.0],"rotation":0,"texture":"#0","tintindex":0}}},{"from":[7.4917207,5.3322473,5.019365],"to":[8.961344,7.4206586,6.3600736],"rotation":{"angle":22.5,"axis":"z","origin":[7.90152,7.453636,6.658865]},"faces":{"east":{"uv":[2.7625,0.50625,2.4375,0.0],"rotation":0,"texture":"#0","tintindex":0},"south":{"uv":[4.3125,2.375,2.4375,0.0],"rotation":0,"texture":"#0","tintindex":0},"north":{"uv":[2.79375,0.50625,2.4375,0.0],"rotation":0,"texture":"#0","tintindex":0},"west":{"uv":[4.3125,2.375,2.4375,0.0],"rotation":0,"texture":"#0","tintindex":0},"up":{"uv":[4.3125,2.375,2.4375,0.0],"rotation":0,"texture":"#0","tintindex":0},"down":{"uv":[4.3125,2.375,2.4375,0.0],"rotation":0,"texture":"#0","tintindex":0}}},{"from":[6.2438703,8.583167,7.7496333],"to":[9.621425,10.310618,8.935645],"rotation":{"angle":-22.5,"axis":"x","origin":[7.90152,7.453636,6.658865]},"faces":{"east":{"uv":[2.85625,0.2875,2.4375,0.0],"rotation":270,"texture":"#0","tintindex":0},"south":{"uv":[4.3125,2.375,2.4375,0.0],"rotation":0,"texture":"#0","tintindex":0},"north":{"uv":[4.3125,2.375,2.4375,0.0],"rotation":180,"texture":"#0","tintindex":0},"west":{"uv":[2.85625,0.2875,2.4375,0.0],"rotation":90,"texture":"#0","tintindex":0},"up":{"uv":[3.25625,0.2875,2.4375,0.0],"rotation":180,"texture":"#0","tintindex":0},"down":{"uv":[4.3125,2.375,2.4375,0.0],"rotation":0,"texture":"#0","tintindex":0}}},{"from":[5.918019,7.553108,5.983361],"to":[6.707962,8.471966,6.7568464],"rotation":{"angle":0.0,"axis":"y","origin":[7.90152,7.453636,6.658865]},"faces":{"east":{"uv":[0.0,15.714286,0.14285715,16.0],"rotation":0,"texture":"#1","tintindex":0},"south":{"uv":[0.0,15.75,0.5,16.0],"rotation":0,"texture":"#1","tintindex":0},"north":{"uv":[0.42857143,15.714286,0.0,16.0],"rotation":0,"texture":"#1","tintindex":0},"west":{"uv":[0.0,15.714286,0.14285715,16.0],"rotation":0,"texture":"#1","tintindex":0},"up":{"uv":[0.0,15.75,0.5,16.0],"rotation":0,"texture":"#1","tintindex":0},"down":{"uv":[0.0,15.75,0.5,16.0],"rotation":0,"texture":"#1","tintindex":0}}},{"from":[6.0633903,5.4270954,6.088642],"to":[7.4814477,7.1545467,7.5582647],"rotation":{"angle":22.5,"axis":"x","origin":[7.90152,7.453636,6.658865]},"faces":{"east":{"uv":[4.3125,2.375,2.4375,0.0],"rotation":0,"texture":"#0","tintindex":0},"south":{"uv":[2.78125,0.41875,2.4375,0.0],"rotation":0,"texture":"#0","tintindex":0},"north":{"uv":[2.78125,0.41875,2.4375,0.0],"rotation":0,"texture":"#0","tintindex":0},"west":{"uv":[2.79375,0.41875,2.4375,0.0],"rotation":0,"texture":"#0","tintindex":0},"up":{"uv":[4.3125,2.375,2.4375,0.0],"rotation":0,"texture":"#0","tintindex":0},"down":{"uv":[2.78125,0.35625,2.4375,0.0],"rotation":0,"texture":"#0","tintindex":0}}},{"from":[6.4830475,4.504421,6.2300096],"to":[9.253333,7.2198496,8.095153],"rotation":{"angle":0.0,"axis":"y","origin":[7.9070477,6.2941294,13.979999]},"faces":{"east":{"uv":[2.8625,0.61875,2.4375,0.0],"rotation":0,"texture":"#0","tintindex":0},"south":{"uv":[4.3125,2.375,2.4375,0.0],"rotation":0,"texture":"#0","tintindex":0},"north":{"uv":[4.3125,2.375,2.4375,0.0],"rotation":0,"texture":"#0","tintindex":0},"west":{"uv":[2.8625,0.61875,2.4375,0.0],"rotation":0,"texture":"#0","tintindex":0},"up":{"uv":[4.3125,2.375,2.4375,0.0],"rotation":0,"texture":"#0","tintindex":0},"down":{"uv":[3.06875,0.425,2.4375,0.0],"rotation":0,"texture":"#0","tintindex":0}}},{"from":[5.857127,6.5841866,5.9626017],"to":[9.956602,7.770198,8.824499],"rotation":{"angle":-22.5,"axis":"x","origin":[7.90152,7.453636,6.658865]},"faces":{"east":{"uv":[3.13125,0.2875,2.4375,0.0],"rotation":0,"texture":"#0","tintindex":0},"south":{"uv":[3.13125,0.2875,2.4375,0.0],"rotation":0,"texture":"#0","tintindex":0},"north":{"uv":[3.43125,0.2875,2.4375,0.0],"rotation":0,"texture":"#0","tintindex":0},"west":{"uv":[3.13125,0.2875,2.4375,0.0],"rotation":0,"texture":"#0","tintindex":0},"up":{"uv":[3.43125,0.69375,2.4375,0.0],"rotation":0,"texture":"#0","tintindex":0},"down":{"uv":[3.13125,0.2875,2.4375,0.0],"rotation":0,"texture":"#0","tintindex":0}}}],"display":{"head":{"translation":[0.0,-6.4,0.0],"scale":[4.0,4.0,4.0]}}}