{"textures":{"1":"modelengine:entity/mammoth"},"elements":[{"from":[3.015873,2.5529332,3.9019089],"to":[4.15873,3.9815044,5.6161947],"rotation":{"angle":0.0,"axis":"y","origin":[6.815873,3.6672192,6.444766]},"faces":{"east":{"uv":[9.375,1.25,9.5625,1.375],"rotation":0,"texture":"#1","tintindex":0},"south":{"uv":[8.6875,11.4375,8.8125,11.5625],"rotation":0,"texture":"#1","tintindex":0},"north":{"uv":[10.4375,4.875,10.5625,5.0],"rotation":0,"texture":"#1","tintindex":0},"west":{"uv":[6.6875,9.375,6.875,9.5],"rotation":0,"texture":"#1","tintindex":0},"up":{"uv":[11.1875,1.625,11.0625,1.4375],"rotation":0,"texture":"#1","tintindex":0},"down":{"uv":[6.5625,11.0625,6.4375,11.25],"rotation":0,"texture":"#1","tintindex":0}}},{"from":[6.7511597,-2.3507967,4.691534],"to":[10.865445,0.9634886,7.6058197],"rotation":{"angle":-22.5,"axis":"z","origin":[9.094017,-0.43651104,6.148677]},"faces":{"east":{"uv":[11.9375,11.375,12.25,11.75],"rotation":0,"texture":"#1","tintindex":0},"south":{"uv":[7.5,1.875,7.9375,2.25],"rotation":0,"texture":"#1","tintindex":0},"north":{"uv":[7.3125,3.9375,7.75,4.3125],"rotation":0,"texture":"#1","tintindex":0},"west":{"uv":[11.9375,11.75,12.25,12.125],"rotation":0,"texture":"#1","tintindex":0},"up":{"uv":[8.875,4.9375,8.4375,4.625],"rotation":0,"texture":"#1","tintindex":0},"down":{"uv":[9.125,6.4375,8.6875,6.75],"rotation":0,"texture":"#1","tintindex":0}}},{"from":[9.073016,-8.807861,-4.997328],"to":[10.273016,-7.3792896,-2.4258995],"rotation":{"angle":-22.5,"axis":"y","origin":[9.387301,-8.093575,-3.7116137]},"faces":{"east":{"uv":[12.3125,4.9375,12.625,5.0625],"rotation":0,"texture":"#1","tintindex":0},"south":{"uv":[3.9375,12.0625,4.0625,12.1875],"rotation":0,"texture":"#1","tintindex":0},"north":{"uv":[0.5,12.0625,0.625,12.1875],"rotation":0,"texture":"#1","tintindex":0},"west":{"uv":[12.3125,5.0625,12.625,5.1875],"rotation":0,"texture":"#1","tintindex":0},"up":{"uv":[10.0,8.9375,9.875,8.625],"rotation":0,"texture":"#1","tintindex":0},"down":{"uv":[6.5625,10.75,6.4375,11.0625],"rotation":0,"texture":"#1","tintindex":0}}},{"from":[8.330159,-8.46352,1.4796786],"to":[10.501587,-4.463519,3.8225355],"rotation":{"angle":45.0,"axis":"x","origin":[8.301587,-4.0349474,2.1368213]},"faces":{"east":{"uv":[3.6875,12.0625,3.9375,12.5],"rotation":0,"texture":"#1","tintindex":0},"south":{"uv":[12.0625,4.8125,12.3125,5.25],"rotation":0,"texture":"#1","tintindex":0},"north":{"uv":[0.25,12.0625,0.5,12.5],"rotation":0,"texture":"#1","tintindex":0},"west":{"uv":[6.8125,12.0625,7.0625,12.5],"rotation":0,"texture":"#1","tintindex":0},"up":{"uv":[12.0,12.375,11.75,12.125],"rotation":0,"texture":"#1","tintindex":0},"down":{"uv":[12.25,12.125,12.0,12.375],"rotation":0,"texture":"#1","tintindex":0}}},{"from":[8.55873,-8.93527,-3.0390959],"to":[10.215874,-6.9924135,-0.06766701],"rotation":{"angle":-22.5,"axis":"x","origin":[9.415873,-7.7638426,-2.067667]},"faces":{"east":{"uv":[10.0,9.375,10.3125,9.5625],"rotation":0,"texture":"#1","tintindex":0},"south":{"uv":[8.625,1.375,8.8125,1.5625],"rotation":0,"texture":"#1","tintindex":0},"north":{"uv":[0.8125,6.875,1.0,7.0625],"rotation":0,"texture":"#1","tintindex":0},"west":{"uv":[10.0625,1.0625,10.375,1.25],"rotation":0,"texture":"#1","tintindex":0},"up":{"uv":[12.4375,4.6875,12.25,4.375],"rotation":0,"texture":"#1","tintindex":0},"down":{"uv":[4.625,12.25,4.4375,12.5625],"rotation":0,"texture":"#1","tintindex":0}}},{"from":[3.9301586,-3.9300747,6.545853],"to":[9.701588,-1.9300747,8.717282],"rotation":{"angle":-45.0,"axis":"x","origin":[6.9015875,-4.4443617,6.2315674]},"faces":{"east":{"uv":[0.5,12.1875,0.75,12.4375],"rotation":0,"texture":"#1","tintindex":0},"south":{"uv":[11.625,9.9375,12.25,10.1875],"rotation":0,"texture":"#1","tintindex":0},"north":{"uv":[11.625,1.1875,12.25,1.4375],"rotation":0,"texture":"#1","tintindex":0},"west":{"uv":[0.75,12.1875,1.0,12.4375],"rotation":0,"texture":"#1","tintindex":0},"up":{"uv":[0.625,12.0625,0.0,11.8125],"rotation":0,"texture":"#1","tintindex":0},"down":{"uv":[12.4375,11.125,11.8125,11.375],"rotation":0,"texture":"#1","tintindex":0}}},{"from":[2.901587,6.3264227,1.6259203],"to":[10.730159,9.183566,2.9687777],"rotation":{"angle":0.0,"axis":"y","origin":[6.815873,5.0121374,4.4259205]},"faces":{"east":{"uv":[12.375,9.3125,12.5,9.5625],"rotation":0,"texture":"#1","tintindex":0},"south":{"uv":[10.9375,11.125,11.8125,11.375],"rotation":0,"texture":"#1","tintindex":0},"north":{"uv":[11.125,6.9375,12.0,7.1875],"rotation":0,"texture":"#1","tintindex":0},"west":{"uv":[9.625,12.375,9.75,12.625],"rotation":0,"texture":"#1","tintindex":0},"up":{"uv":[5.875,4.8125,5.0,4.6875],"rotation":0,"texture":"#1","tintindex":0},"down":{"uv":[12.875,6.875,12.0,7.0],"rotation":0,"texture":"#1","tintindex":0}}},{"from":[4.787301,-4.0063763,-1.7774639],"to":[8.730159,4.279338,1.9939642],"rotation":{"angle":22.5,"axis":"x","origin":[6.815873,-1.2920904,3.1082501]},"faces":{"east":{"uv":[1.0625,9.625,1.5,10.5625],"rotation":0,"texture":"#1","tintindex":0},"south":{"uv":[1.5,9.625,1.9375,10.5625],"rotation":0,"texture":"#1","tintindex":0},"north":{"uv":[9.3125,9.5625,9.75,10.5],"rotation":0,"texture":"#1","tintindex":0},"west":{"uv":[1.9375,9.625,2.375,10.5625],"rotation":0,"texture":"#1","tintindex":0},"up":{"uv":[11.9375,5.875,11.5,5.4375],"rotation":0,"texture":"#1","tintindex":0},"down":{"uv":[11.9375,7.1875,11.5,7.625],"rotation":0,"texture":"#1","tintindex":0}}},{"from":[8.673016,-2.8635197,1.7653933],"to":[11.930159,1.7650523,4.736821],"rotation":{"angle":22.5,"axis":"z","origin":[6.6444445,-4.8349485,3.0511074]},"faces":{"east":{"uv":[8.3125,11.75,8.625,12.25],"rotation":0,"texture":"#1","tintindex":0},"south":{"uv":[11.625,0.6875,12.0,1.1875],"rotation":0,"texture":"#1","tintindex":0},"north":{"uv":[8.6875,11.5625,9.0625,12.0625],"rotation":0,"texture":"#1","tintindex":0},"west":{"uv":[11.75,9.125,12.0625,9.625],"rotation":0,"texture":"#1","tintindex":0},"up":{"uv":[10.0,2.0,9.625,1.6875],"rotation":0,"texture":"#1","tintindex":0},"down":{"uv":[10.625,11.9375,10.25,12.25],"rotation":0,"texture":"#1","tintindex":0}}},{"from":[4.3873014,-3.9300747,5.402996],"to":[9.187302,-1.9300747,6.545853],"rotation":{"angle":-45.0,"axis":"x","origin":[6.9015875,-4.4443617,6.2315674]},"faces":{"east":{"uv":[9.6875,4.375,9.8125,4.625],"rotation":0,"texture":"#1","tintindex":0},"south":{"uv":[1.125,7.875,1.625,8.125],"rotation":0,"texture":"#1","tintindex":0},"north":{"uv":[7.5625,0.5625,8.0625,0.8125],"rotation":0,"texture":"#1","tintindex":0},"west":{"uv":[2.6875,11.75,2.8125,12.0],"rotation":0,"texture":"#1","tintindex":0},"up":{"uv":[4.6875,6.8125,4.1875,6.6875],"rotation":0,"texture":"#1","tintindex":0},"down":{"uv":[7.25,0.8125,6.75,0.9375],"rotation":0,"texture":"#1","tintindex":0}}},{"from":[2.5064244,-8.807861,-8.676798],"to":[3.7064242,-7.3792896,-6.1053696],"rotation":{"angle":22.5,"axis":"y","origin":[6.730159,-8.093575,-5.8900843]},"faces":{"east":{"uv":[12.3125,9.6875,12.625,9.8125],"rotation":0,"texture":"#1","tintindex":0},"south":{"uv":[5.125,12.4375,5.25,12.5625],"rotation":0,"texture":"#1","tintindex":0},"north":{"uv":[5.0,12.4375,5.125,12.5625],"rotation":0,"texture":"#1","tintindex":0},"west":{"uv":[12.3125,9.8125,12.625,9.9375],"rotation":0,"texture":"#1","tintindex":0},"up":{"uv":[9.3125,12.4375,9.1875,12.125],"rotation":0,"texture":"#1","tintindex":0},"down":{"uv":[6.8125,12.1875,6.6875,12.5],"rotation":0,"texture":"#1","tintindex":0}}},{"from":[9.35873,5.7890863,8.658176],"to":[10.9015875,8.874801,10.486749],"rotation":{"angle":22.5,"axis":"z","origin":[10.130159,6.560515,9.601034]},"faces":{"east":{"uv":[12.25,7.0,12.4375,7.3125],"rotation":0,"texture":"#1","tintindex":0},"south":{"uv":[12.25,7.3125,12.4375,7.625],"rotation":0,"texture":"#1","tintindex":0},"north":{"uv":[12.25,6.1875,12.4375,6.5],"rotation":0,"texture":"#1","tintindex":0},"west":{"uv":[12.25,7.625,12.4375,7.9375],"rotation":0,"texture":"#1","tintindex":0},"up":{"uv":[10.5625,1.25,10.375,1.0625],"rotation":0,"texture":"#1","tintindex":0},"down":{"uv":[10.875,11.1875,10.6875,11.375],"rotation":0,"texture":"#1","tintindex":0}}},{"from":[10.468179,-7.3792896,-9.819654],"to":[11.668179,-5.950718,-7.248226],"rotation":{"angle":22.5,"axis":"x","origin":[6.730159,-8.093575,-10.819654]},"faces":{"east":{"uv":[11.125,12.3125,11.4375,12.4375],"rotation":0,"texture":"#1","tintindex":0},"south":{"uv":[5.25,12.4375,5.375,12.5625],"rotation":0,"texture":"#1","tintindex":0},"north":{"uv":[12.4375,5.1875,12.5625,5.3125],"rotation":0,"texture":"#1","tintindex":0},"west":{"uv":[11.4375,12.3125,11.75,12.4375],"rotation":0,"texture":"#1","tintindex":0},"up":{"uv":[6.25,12.5625,6.125,12.25],"rotation":0,"texture":"#1","tintindex":0},"down":{"uv":[2.25,12.375,2.125,12.6875],"rotation":0,"texture":"#1","tintindex":0}}},{"from":[2.7301583,-2.3492336,1.7653933],"to":[5.8730154,-0.97780514,5.0796785],"rotation":{"angle":0.0,"axis":"y","origin":[2.9873013,-1.1206617,2.9939642]},"faces":{"east":{"uv":[8.5625,7.625,8.9375,7.75],"rotation":0,"texture":"#1","tintindex":0},"south":{"uv":[11.0,0.25,11.3125,0.375],"rotation":0,"texture":"#1","tintindex":0},"north":{"uv":[10.875,5.9375,11.1875,6.0625],"rotation":0,"texture":"#1","tintindex":0},"west":{"uv":[9.8125,5.0,10.1875,5.125],"rotation":0,"texture":"#1","tintindex":0},"up":{"uv":[12.3125,1.125,12.0,0.75],"rotation":0,"texture":"#1","tintindex":0},"down":{"uv":[12.3125,2.5,12.0,2.875],"rotation":0,"texture":"#1","tintindex":0}}},{"from":[9.530159,2.5529332,3.9019089],"to":[10.673016,3.9815044,5.6161947],"rotation":{"angle":0.0,"axis":"y","origin":[6.815873,3.6672192,6.444766]},"faces":{"east":{"uv":[5.3125,8.6875,5.5,8.8125],"rotation":0,"texture":"#1","tintindex":0},"south":{"uv":[2.1875,6.3125,2.3125,6.4375],"rotation":0,"texture":"#1","tintindex":0},"north":{"uv":[4.75,5.9375,4.875,6.0625],"rotation":0,"texture":"#1","tintindex":0},"west":{"uv":[8.9375,7.625,9.125,7.75],"rotation":0,"texture":"#1","tintindex":0},"up":{"uv":[7.5,5.3125,7.375,5.125],"rotation":0,"texture":"#1","tintindex":0},"down":{"uv":[8.4375,3.75,8.3125,3.9375],"rotation":0,"texture":"#1","tintindex":0}}},{"from":[2.5873013,8.838635,4.7286177],"to":[11.1587305,12.181494,9.042904],"rotation":{"angle":45.0,"axis":"x","origin":[6.8444443,12.838636,3.557189]},"faces":{"east":{"uv":[0.625,11.8125,1.0,12.1875],"rotation":0,"texture":"#1","tintindex":0},"south":{"uv":[10.0,8.625,10.9375,9.0],"rotation":0,"texture":"#1","tintindex":0},"north":{"uv":[10.0,2.6875,10.9375,3.0625],"rotation":0,"texture":"#1","tintindex":0},"west":{"uv":[6.4375,11.8125,6.8125,12.1875],"rotation":0,"texture":"#1","tintindex":0},"up":{"uv":[10.9375,9.375,10.0,9.0],"rotation":0,"texture":"#1","tintindex":0},"down":{"uv":[11.0,0.0,10.0625,0.375],"rotation":0,"texture":"#1","tintindex":0}}},{"from":[2.7301583,4.32435,5.7286177],"to":[11.1587305,9.124351,11.328618],"rotation":{"angle":22.5,"axis":"x","origin":[5.2444444,9.638636,3.557189]},"faces":{"east":{"uv":[10.5,6.3125,11.125,6.8125],"rotation":0,"texture":"#1","tintindex":0},"south":{"uv":[7.75,9.0,8.625,9.5],"rotation":0,"texture":"#1","tintindex":0},"north":{"uv":[6.875,9.0,7.75,9.5],"rotation":0,"texture":"#1","tintindex":0},"west":{"uv":[10.5,6.8125,11.125,7.3125],"rotation":0,"texture":"#1","tintindex":0},"up":{"uv":[9.1875,8.375,8.3125,7.75],"rotation":0,"texture":"#1","tintindex":0},"down":{"uv":[9.1875,8.375,8.3125,9.0],"rotation":0,"texture":"#1","tintindex":0}}},{"from":[3.9301586,-3.1872187,5.5744247],"to":[9.701588,2.4699254,9.460139],"rotation":{"angle":0.0,"axis":"y","origin":[6.95873,1.3842106,15.345854]},"faces":{"east":{"uv":[0.4375,10.875,0.875,11.5],"rotation":0,"texture":"#1","tintindex":0},"south":{"uv":[9.75,3.75,10.375,4.375],"rotation":0,"texture":"#1","tintindex":0},"north":{"uv":[8.5625,9.625,9.1875,10.25],"rotation":0,"texture":"#1","tintindex":0},"west":{"uv":[0.875,10.875,1.3125,11.5],"rotation":0,"texture":"#1","tintindex":0},"up":{"uv":[1.9375,11.3125,1.3125,10.875],"rotation":0,"texture":"#1","tintindex":0},"down":{"uv":[5.9375,10.875,5.3125,11.3125],"rotation":0,"texture":"#1","tintindex":0}}},{"from":[3.644444,-3.8157902,9.460139],"to":[10.1587305,10.298496,14.945853],"rotation":{"angle":0.0,"axis":"y","origin":[6.95873,1.3842106,15.345854]},"faces":{"east":{"uv":[5.6875,1.5,6.3125,3.0625],"rotation":0,"texture":"#1","tintindex":0},"south":{"uv":[2.3125,5.125,3.0,6.6875],"rotation":0,"texture":"#1","tintindex":0},"north":{"uv":[5.0,2.25,5.6875,3.8125],"rotation":0,"texture":"#1","tintindex":0},"west":{"uv":[5.6875,3.0625,6.3125,4.625],"rotation":0,"texture":"#1","tintindex":0},"up":{"uv":[9.75,4.375,9.0625,3.75],"rotation":0,"texture":"#1","tintindex":0},"down":{"uv":[9.875,6.4375,9.1875,7.0625],"rotation":0,"texture":"#1","tintindex":0}}},{"from":[2.2730155,-0.17066097,4.977248],"to":[11.35873,2.4579105,11.320106],"rotation":{"angle":-22.5,"axis":"x","origin":[6.815873,-0.71351814,4.2058196]},"faces":{"east":{"uv":[11.1875,1.4375,11.875,1.75],"rotation":0,"texture":"#1","tintindex":0},"south":{"uv":[10.5625,0.375,11.5625,0.6875],"rotation":0,"texture":"#1","tintindex":0},"north":{"uv":[10.5,7.3125,11.5,7.625],"rotation":0,"texture":"#1","tintindex":0},"west":{"uv":[11.1875,1.75,11.875,2.0625],"rotation":0,"texture":"#1","tintindex":0},"up":{"uv":[1.0,6.875,0.0,6.1875],"rotation":0,"texture":"#1","tintindex":0},"down":{"uv":[7.3125,2.25,6.3125,2.9375],"rotation":0,"texture":"#1","tintindex":0}}},{"from":[3.1873016,-8.807861,-4.997328],"to":[4.3873014,-7.3792896,-2.4258995],"rotation":{"angle":22.5,"axis":"y","origin":[4.0730157,-8.093575,-3.7116137]},"faces":{"east":{"uv":[12.3125,1.0,12.625,1.125],"rotation":0,"texture":"#1","tintindex":0},"south":{"uv":[11.75,9.625,11.875,9.75],"rotation":0,"texture":"#1","tintindex":0},"north":{"uv":[4.0625,11.5625,4.1875,11.6875],"rotation":0,"texture":"#1","tintindex":0},"west":{"uv":[12.3125,3.75,12.625,3.875],"rotation":0,"texture":"#1","tintindex":0},"up":{"uv":[7.875,4.25,7.75,3.9375],"rotation":0,"texture":"#1","tintindex":0},"down":{"uv":[8.0625,1.875,7.9375,2.1875],"rotation":0,"texture":"#1","tintindex":0}}},{"from":[3.6158729,6.2283044,9.33962],"to":[10.130159,12.914019,12.368191],"rotation":{"angle":22.5,"axis":"x","origin":[6.8444443,9.256876,10.082477]},"faces":{"east":{"uv":[1.0,11.5,1.3125,12.125],"rotation":0,"texture":"#1","tintindex":0},"south":{"uv":[2.0,9.0,2.75,9.625],"rotation":0,"texture":"#1","tintindex":0},"north":{"uv":[1.25,9.0,2.0,9.625],"rotation":0,"texture":"#1","tintindex":0},"west":{"uv":[1.9375,11.5,2.25,12.125],"rotation":0,"texture":"#1","tintindex":0},"up":{"uv":[11.875,6.625,11.125,6.3125],"rotation":0,"texture":"#1","tintindex":0},"down":{"uv":[11.875,6.625,11.125,6.9375],"rotation":0,"texture":"#1","tintindex":0}}},{"from":[4.273016,0.095778465,3.042904],"to":[9.415873,6.781493,7.2714753],"rotation":{"angle":-22.5,"axis":"x","origin":[6.8444443,0.43863535,4.528618]},"faces":{"east":{"uv":[5.25,1.5,5.6875,2.25],"rotation":0,"texture":"#1","tintindex":0},"south":{"uv":[0.5,9.5625,1.0625,10.3125],"rotation":0,"texture":"#1","tintindex":0},"north":{"uv":[8.0,9.5,8.5625,10.25],"rotation":0,"texture":"#1","tintindex":0},"west":{"uv":[5.5,10.125,5.9375,10.875],"rotation":0,"texture":"#1","tintindex":0},"up":{"uv":[11.5625,4.8125,11.0,4.375],"rotation":0,"texture":"#1","tintindex":0},"down":{"uv":[11.625,1.0,11.0625,1.4375],"rotation":0,"texture":"#1","tintindex":0}}},{"from":[3.015873,-8.46352,1.4796786],"to":[5.1873016,-4.463519,3.8225355],"rotation":{"angle":45.0,"axis":"x","origin":[2.9873013,-4.0349474,2.1368213]},"faces":{"east":{"uv":[12.0,7.625,12.25,8.0625],"rotation":0,"texture":"#1","tintindex":0},"south":{"uv":[12.0,8.625,12.25,9.0625],"rotation":0,"texture":"#1","tintindex":0},"north":{"uv":[2.3125,4.625,2.5625,5.0625],"rotation":0,"texture":"#1","tintindex":0},"west":{"uv":[0.0,12.0625,0.25,12.5],"rotation":0,"texture":"#1","tintindex":0},"up":{"uv":[7.5,12.375,7.25,12.125],"rotation":0,"texture":"#1","tintindex":0},"down":{"uv":[9.1875,12.125,8.9375,12.375],"rotation":0,"texture":"#1","tintindex":0}}},{"from":[2.7301583,-5.149234,0.9653926],"to":[5.8730154,-1.3206615,4.222536],"rotation":{"angle":22.5,"axis":"x","origin":[2.9873013,-4.0349474,2.1368213]},"faces":{"east":{"uv":[11.5625,3.6875,11.9375,4.125],"rotation":0,"texture":"#1","tintindex":0},"south":{"uv":[11.9375,5.4375,12.25,5.875],"rotation":0,"texture":"#1","tintindex":0},"north":{"uv":[11.9375,4.375,12.25,4.8125],"rotation":0,"texture":"#1","tintindex":0},"west":{"uv":[11.5625,4.375,11.9375,4.8125],"rotation":0,"texture":"#1","tintindex":0},"up":{"uv":[12.3125,0.375,12.0,0.0],"rotation":0,"texture":"#1","tintindex":0},"down":{"uv":[12.3125,0.375,12.0,0.75],"rotation":0,"texture":"#1","tintindex":0}}},{"from":[1.7921386,-7.3792896,-9.676798],"to":[2.9921389,-5.950718,-7.1053696],"rotation":{"angle":22.5,"axis":"x","origin":[6.730159,-8.093575,-10.819654]},"faces":{"east":{"uv":[2.6875,12.375,3.0,12.5],"rotation":0,"texture":"#1","tintindex":0},"south":{"uv":[5.375,12.4375,5.5,12.5625],"rotation":0,"texture":"#1","tintindex":0},"north":{"uv":[12.4375,5.3125,12.5625,5.4375],"rotation":0,"texture":"#1","tintindex":0},"west":{"uv":[3.0,12.375,3.3125,12.5],"rotation":0,"texture":"#1","tintindex":0},"up":{"uv":[2.375,12.6875,2.25,12.375],"rotation":0,"texture":"#1","tintindex":0},"down":{"uv":[12.5,4.0,12.375,4.3125],"rotation":0,"texture":"#1","tintindex":0}}},{"from":[1.9873013,0.057909966,5.2058196],"to":[11.701588,2.2293386,11.091534],"rotation":{"angle":-22.5,"axis":"x","origin":[6.815873,-0.71351814,4.2058196]},"faces":{"east":{"uv":[9.0625,4.375,9.6875,4.625],"rotation":0,"texture":"#1","tintindex":0},"south":{"uv":[10.9375,8.875,12.0,9.125],"rotation":0,"texture":"#1","tintindex":0},"north":{"uv":[10.9375,8.625,12.0,8.875],"rotation":0,"texture":"#1","tintindex":0},"west":{"uv":[11.4375,8.375,12.0625,8.625],"rotation":0,"texture":"#1","tintindex":0},"up":{"uv":[6.875,6.9375,5.8125,6.3125],"rotation":0,"texture":"#1","tintindex":0},"down":{"uv":[2.0625,6.4375,1.0,7.0625],"rotation":0,"texture":"#1","tintindex":0}}},{"from":[7.5873017,-2.3492336,1.7653933],"to":[10.730159,-0.97780514,5.0796785],"rotation":{"angle":0.0,"axis":"y","origin":[2.9873013,-1.1206617,2.9939642]},"faces":{"east":{"uv":[10.1875,5.0,10.5625,5.125],"rotation":0,"texture":"#1","tintindex":0},"south":{"uv":[11.125,8.0625,11.4375,8.1875],"rotation":0,"texture":"#1","tintindex":0},"north":{"uv":[11.125,7.1875,11.4375,7.3125],"rotation":0,"texture":"#1","tintindex":0},"west":{"uv":[2.0,10.5625,2.375,10.6875],"rotation":0,"texture":"#1","tintindex":0},"up":{"uv":[3.3125,12.375,3.0,12.0],"rotation":0,"texture":"#1","tintindex":0},"down":{"uv":[12.3125,3.25,12.0,3.625],"rotation":0,"texture":"#1","tintindex":0}}},{"from":[1.5873013,-2.8635197,1.7653933],"to":[4.8444443,1.7650523,4.736821],"rotation":{"angle":-22.5,"axis":"z","origin":[6.873016,-4.8349485,3.0511074]},"faces":{"east":{"uv":[7.6875,11.75,8.0,12.25],"rotation":0,"texture":"#1","tintindex":0},"south":{"uv":[3.6875,11.5625,4.0625,12.0625],"rotation":0,"texture":"#1","tintindex":0},"north":{"uv":[5.9375,1.0,6.3125,1.5],"rotation":0,"texture":"#1","tintindex":0},"west":{"uv":[8.0,11.75,8.3125,12.25],"rotation":0,"texture":"#1","tintindex":0},"up":{"uv":[4.1875,7.625,3.8125,7.3125],"rotation":0,"texture":"#1","tintindex":0},"down":{"uv":[3.8125,9.0625,3.4375,9.375],"rotation":0,"texture":"#1","tintindex":0}}},{"from":[10.468179,-8.818644,-11.595249],"to":[11.668179,-7.390072,-9.023819],"rotation":{"angle":45.0,"axis":"x","origin":[6.730159,-7.675786,-8.095249]},"faces":{"east":{"uv":[4.625,12.375,4.9375,12.5],"rotation":0,"texture":"#1","tintindex":0},"south":{"uv":[5.5,12.4375,5.625,12.5625],"rotation":0,"texture":"#1","tintindex":0},"north":{"uv":[12.4375,5.4375,12.5625,5.5625],"rotation":0,"texture":"#1","tintindex":0},"west":{"uv":[12.375,9.0625,12.6875,9.1875],"rotation":0,"texture":"#1","tintindex":0},"up":{"uv":[7.375,12.6875,7.25,12.375],"rotation":0,"texture":"#1","tintindex":0},"down":{"uv":[7.5,12.375,7.375,12.6875],"rotation":0,"texture":"#1","tintindex":0}}},{"from":[2.7663007,-2.7507973,4.748677],"to":[6.8234434,1.0206318,7.6058197],"rotation":{"angle":22.5,"axis":"z","origin":[4.480586,-0.43651104,6.148677]},"faces":{"east":{"uv":[9.625,11.9375,9.9375,12.375],"rotation":0,"texture":"#1","tintindex":0},"south":{"uv":[3.25,11.5625,3.6875,12.0],"rotation":0,"texture":"#1","tintindex":0},"north":{"uv":[2.8125,11.5625,3.25,12.0],"rotation":0,"texture":"#1","tintindex":0},"west":{"uv":[9.9375,11.9375,10.25,12.375],"rotation":0,"texture":"#1","tintindex":0},"up":{"uv":[12.3125,9.9375,11.875,9.625],"rotation":0,"texture":"#1","tintindex":0},"down":{"uv":[12.375,10.1875,11.9375,10.5],"rotation":0,"texture":"#1","tintindex":0}}},{"from":[3.4730158,6.3711615,7.482476],"to":[10.273016,13.056876,10.511048],"rotation":{"angle":0.0,"axis":"y","origin":[6.8444443,9.256876,10.082477]},"faces":{"east":{"uv":[1.3125,11.3125,1.625,11.9375],"rotation":0,"texture":"#1","tintindex":0},"south":{"uv":[8.875,1.375,9.625,2.0],"rotation":0,"texture":"#1","tintindex":0},"north":{"uv":[5.3125,8.8125,6.0625,9.4375],"rotation":0,"texture":"#1","tintindex":0},"west":{"uv":[1.625,11.3125,1.9375,11.9375],"rotation":0,"texture":"#1","tintindex":0},"up":{"uv":[7.0625,4.625,6.3125,4.3125],"rotation":0,"texture":"#1","tintindex":0},"down":{"uv":[4.9375,11.0625,4.1875,11.375],"rotation":0,"texture":"#1","tintindex":0}}},{"from":[9.753893,-8.807861,-8.676798],"to":[10.953894,-7.3792896,-6.1053696],"rotation":{"angle":-22.5,"axis":"y","origin":[6.730159,-8.093575,-5.8900843]},"faces":{"east":{"uv":[8.625,12.3125,8.9375,12.4375],"rotation":0,"texture":"#1","tintindex":0},"south":{"uv":[12.4375,4.5625,12.5625,4.6875],"rotation":0,"texture":"#1","tintindex":0},"north":{"uv":[12.4375,4.4375,12.5625,4.5625],"rotation":0,"texture":"#1","tintindex":0},"west":{"uv":[12.3125,9.5625,12.625,9.6875],"rotation":0,"texture":"#1","tintindex":0},"up":{"uv":[4.9375,11.6875,4.8125,11.375],"rotation":0,"texture":"#1","tintindex":0},"down":{"uv":[5.25,11.75,5.125,12.0625],"rotation":0,"texture":"#1","tintindex":0}}},{"from":[4.501587,-4.1206627,-1.8917503],"to":[9.015873,1.3650522,1.9939642],"rotation":{"angle":22.5,"axis":"x","origin":[6.815873,-1.2920904,3.1082501]},"faces":{"east":{"uv":[7.9375,10.8125,8.375,11.4375],"rotation":0,"texture":"#1","tintindex":0},"south":{"uv":[10.5625,1.0,11.0625,1.625],"rotation":0,"texture":"#1","tintindex":0},"north":{"uv":[9.0625,10.5,9.5625,11.125],"rotation":0,"texture":"#1","tintindex":0},"west":{"uv":[8.375,10.8125,8.8125,11.4375],"rotation":0,"texture":"#1","tintindex":0},"up":{"uv":[11.625,8.0625,11.125,7.625],"rotation":0,"texture":"#1","tintindex":0},"down":{"uv":[9.3125,11.125,8.8125,11.5625],"rotation":0,"texture":"#1","tintindex":0}}},{"from":[2.3301587,3.897851,1.7402062],"to":[11.301587,6.126423,7.1116347],"rotation":{"angle":45.0,"axis":"x","origin":[6.815873,5.0121374,4.4259205]},"faces":{"east":{"uv":[11.875,1.4375,12.4375,1.6875],"rotation":0,"texture":"#1","tintindex":0},"south":{"uv":[11.0,4.125,12.0,4.375],"rotation":0,"texture":"#1","tintindex":0},"north":{"uv":[11.0,0.0,12.0,0.25],"rotation":0,"texture":"#1","tintindex":0},"west":{"uv":[11.875,1.6875,12.4375,1.9375],"rotation":0,"texture":"#1","tintindex":0},"up":{"uv":[8.5625,0.5625,7.5625,0.0],"rotation":0,"texture":"#1","tintindex":0},"down":{"uv":[8.6875,6.1875,7.6875,6.75],"rotation":0,"texture":"#1","tintindex":0}}},{"from":[7.5873017,-5.149234,0.9653926],"to":[10.730159,-1.3206615,4.222536],"rotation":{"angle":22.5,"axis":"x","origin":[2.9873013,-4.0349474,2.1368213]},"faces":{"east":{"uv":[11.625,3.0,12.0,3.4375],"rotation":0,"texture":"#1","tintindex":0},"south":{"uv":[9.3125,11.9375,9.625,12.375],"rotation":0,"texture":"#1","tintindex":0},"north":{"uv":[11.9375,7.1875,12.25,7.625],"rotation":0,"texture":"#1","tintindex":0},"west":{"uv":[11.625,7.625,12.0,8.0625],"rotation":0,"texture":"#1","tintindex":0},"up":{"uv":[3.0,12.375,2.6875,12.0],"rotation":0,"texture":"#1","tintindex":0},"down":{"uv":[12.3125,2.875,12.0,3.25],"rotation":0,"texture":"#1","tintindex":0}}},{"from":[2.4444442,2.4748006,8.658176],"to":[11.187302,6.189086,10.543891],"rotation":{"angle":0.0,"axis":"y","origin":[6.873016,4.446229,10.343891]},"faces":{"east":{"uv":[7.0625,12.0625,7.25,12.5],"rotation":0,"texture":"#1","tintindex":0},"south":{"uv":[9.625,5.125,10.5625,5.5625],"rotation":0,"texture":"#1","tintindex":0},"north":{"uv":[9.625,1.25,10.5625,1.6875],"rotation":0,"texture":"#1","tintindex":0},"west":{"uv":[12.0625,8.0625,12.25,8.5],"rotation":0,"texture":"#1","tintindex":0},"up":{"uv":[11.875,9.9375,10.9375,9.75],"rotation":0,"texture":"#1","tintindex":0},"down":{"uv":[12.125,2.0625,11.1875,2.25],"rotation":0,"texture":"#1","tintindex":0}}},{"from":[3.1301584,6.0872126,5.020682],"to":[10.615873,12.601499,8.363539],"rotation":{"angle":-22.5,"axis":"x","origin":[6.873016,9.772927,6.506396]},"faces":{"east":{"uv":[1.1875,3.75,1.5625,4.375],"rotation":0,"texture":"#1","tintindex":0},"south":{"uv":[6.0625,8.75,6.875,9.375],"rotation":0,"texture":"#1","tintindex":0},"north":{"uv":[8.6875,5.8125,9.5,6.4375],"rotation":0,"texture":"#1","tintindex":0},"west":{"uv":[11.0625,4.8125,11.4375,5.4375],"rotation":0,"texture":"#1","tintindex":0},"up":{"uv":[11.4375,8.625,10.625,8.25],"rotation":0,"texture":"#1","tintindex":0},"down":{"uv":[2.8125,10.6875,2.0,11.0625],"rotation":0,"texture":"#1","tintindex":0}}},{"from":[3.2444444,-8.93527,-3.0390959],"to":[4.9015875,-6.9924135,-0.06766701],"rotation":{"angle":-22.5,"axis":"x","origin":[4.1015873,-7.7638426,-2.067667]},"faces":{"east":{"uv":[9.625,5.5625,9.9375,5.75],"rotation":0,"texture":"#1","tintindex":0},"south":{"uv":[6.6875,6.125,6.875,6.3125],"rotation":0,"texture":"#1","tintindex":0},"north":{"uv":[1.0,5.5625,1.1875,5.75],"rotation":0,"texture":"#1","tintindex":0},"west":{"uv":[10.0,3.0625,10.3125,3.25],"rotation":0,"texture":"#1","tintindex":0},"up":{"uv":[7.6875,6.0625,7.5,5.75],"rotation":0,"texture":"#1","tintindex":0},"down":{"uv":[7.6875,12.125,7.5,12.4375],"rotation":0,"texture":"#1","tintindex":0}}},{"from":[1.9301586,-5.3165197,-12.928228],"to":[2.7873015,-4.345091,-10.3568],"rotation":{"angle":45.0,"axis":"x","origin":[6.730159,-5.402234,-11.642513]},"faces":{"east":{"uv":[12.3125,3.875,12.625,4.0],"rotation":0,"texture":"#1","tintindex":0},"south":{"uv":[0.5,8.75,0.5625,8.875],"rotation":0,"texture":"#1","tintindex":0},"north":{"uv":[4.6875,6.6875,4.75,6.8125],"rotation":0,"texture":"#1","tintindex":0},"west":{"uv":[12.3125,4.8125,12.625,4.9375],"rotation":0,"texture":"#1","tintindex":0},"up":{"uv":[9.1875,6.75,9.125,6.4375],"rotation":0,"texture":"#1","tintindex":0},"down":{"uv":[11.625,0.6875,11.5625,1.0],"rotation":0,"texture":"#1","tintindex":0}}},{"from":[2.3301587,0.08161068,4.715146],"to":[11.301587,1.3387537,7.7437177],"rotation":{"angle":0.0,"axis":"y","origin":[6.8444443,1.0816107,6.2865744]},"faces":{"east":{"uv":[5.5,7.625,5.8125,7.75],"rotation":0,"texture":"#1","tintindex":0},"south":{"uv":[11.9375,10.5,12.9375,10.625],"rotation":0,"texture":"#1","tintindex":0},"north":{"uv":[11.875,1.9375,12.875,2.0625],"rotation":0,"texture":"#1","tintindex":0},"west":{"uv":[4.5,10.0,4.8125,10.125],"rotation":0,"texture":"#1","tintindex":0},"up":{"uv":[11.5625,1.0,10.5625,0.6875],"rotation":0,"texture":"#1","tintindex":0},"down":{"uv":[2.0,10.5625,1.0,10.875],"rotation":0,"texture":"#1","tintindex":0}}},{"from":[1.7921386,-8.818644,-11.452391],"to":[2.9921389,-7.390072,-8.880962],"rotation":{"angle":45.0,"axis":"x","origin":[6.730159,-7.675786,-8.095249]},"faces":{"east":{"uv":[12.375,9.1875,12.6875,9.3125],"rotation":0,"texture":"#1","tintindex":0},"south":{"uv":[5.625,12.4375,5.75,12.5625],"rotation":0,"texture":"#1","tintindex":0},"north":{"uv":[12.4375,5.5625,12.5625,5.6875],"rotation":0,"texture":"#1","tintindex":0},"west":{"uv":[9.3125,12.375,9.625,12.5],"rotation":0,"texture":"#1","tintindex":0},"up":{"uv":[9.0625,12.6875,8.9375,12.375],"rotation":0,"texture":"#1","tintindex":0},"down":{"uv":[9.1875,12.375,9.0625,12.6875],"rotation":0,"texture":"#1","tintindex":0}}},{"from":[10.673016,-5.3165197,-12.928228],"to":[11.530159,-4.345091,-10.3568],"rotation":{"angle":45.0,"axis":"x","origin":[6.730159,-5.402234,-11.642513]},"faces":{"east":{"uv":[12.3125,5.875,12.625,6.0],"rotation":0,"texture":"#1","tintindex":0},"south":{"uv":[8.5625,9.5,8.625,9.625],"rotation":0,"texture":"#1","tintindex":0},"north":{"uv":[9.125,7.625,9.1875,7.75],"rotation":0,"texture":"#1","tintindex":0},"west":{"uv":[12.3125,6.0,12.625,6.125],"rotation":0,"texture":"#1","tintindex":0},"up":{"uv":[8.6875,12.0625,8.625,11.75],"rotation":0,"texture":"#1","tintindex":0},"down":{"uv":[12.1875,12.375,12.125,12.6875],"rotation":0,"texture":"#1","tintindex":0}}},{"from":[2.7873015,5.7890863,8.658176],"to":[4.3301587,8.874801,10.486749],"rotation":{"angle":-22.5,"axis":"z","origin":[3.5587301,6.560515,9.601034]},"faces":{"east":{"uv":[12.25,5.5625,12.4375,5.875],"rotation":0,"texture":"#1","tintindex":0},"south":{"uv":[5.75,12.25,5.9375,12.5625],"rotation":0,"texture":"#1","tintindex":0},"north":{"uv":[12.25,5.25,12.4375,5.5625],"rotation":0,"texture":"#1","tintindex":0},"west":{"uv":[5.9375,12.25,6.125,12.5625],"rotation":0,"texture":"#1","tintindex":0},"up":{"uv":[10.125,5.75,9.9375,5.5625],"rotation":0,"texture":"#1","tintindex":0},"down":{"uv":[10.5,3.0625,10.3125,3.25],"rotation":0,"texture":"#1","tintindex":0}}}],"display":{"head":{"translation":[0.0,-6.4,0.0],"scale":[4.0,4.0,4.0]}}}