{"textures":{"0":"modelengine:entity/elephant"},"elements":[{"from":[6.0,7.142857,6.6285715],"to":[9.314285,9.028571,9.257143],"rotation":{"angle":0.0,"axis":"y","origin":[11.142858,-0.05714321,12.742857]},"faces":{"east":{"uv":[2.8,0.20625,2.4375,0.0],"rotation":0,"texture":"#0","tintindex":0},"south":{"uv":[2.8,0.20625,2.4375,0.0],"rotation":0,"texture":"#0","tintindex":0},"north":{"uv":[2.8,0.20625,2.4375,0.0],"rotation":0,"texture":"#0","tintindex":0},"west":{"uv":[2.8,0.20625,2.4375,0.0],"rotation":0,"texture":"#0","tintindex":0},"up":{"uv":[2.8,0.20625,2.4375,0.0],"rotation":0,"texture":"#0","tintindex":0},"down":{"uv":[2.8,0.20625,2.4375,0.0],"rotation":0,"texture":"#0","tintindex":0}}},{"from":[4.685714,7.3714285,6.9142857],"to":[6.0,8.914286,8.914286],"rotation":{"angle":0.0,"axis":"y","origin":[3.5142856,7.0857143,7.9142857]},"faces":{"east":{"uv":[2.58125,0.21875,2.4375,0.0],"rotation":0,"texture":"#0","tintindex":0},"south":{"uv":[2.58125,0.21875,2.4375,0.0],"rotation":0,"texture":"#0","tintindex":0},"north":{"uv":[2.58125,0.21875,2.4375,0.0],"rotation":0,"texture":"#0","tintindex":0},"west":{"uv":[2.58125,0.21875,2.4375,0.0],"rotation":0,"texture":"#0","tintindex":0},"up":{"uv":[2.58125,0.21875,2.4375,0.0],"rotation":0,"texture":"#0","tintindex":0},"down":{"uv":[2.58125,0.21875,2.4375,0.0],"rotation":0,"texture":"#0","tintindex":0}}},{"from":[-4.902113,-1.6482239,7.609991],"to":[1.840745,5.03749,8.284277],"rotation":{"angle":-22.5,"axis":"z","origin":[-3.1021128,-2.705367,7.9428573]},"faces":{"east":{"uv":[4.3125,2.375,2.4375,0.0],"rotation":0,"texture":"#0","tintindex":0},"south":{"uv":[3.175,0.73125,2.4375,0.0],"rotation":0,"texture":"#0","tintindex":0},"north":{"uv":[3.175,0.73125,2.4375,0.0],"rotation":0,"texture":"#0","tintindex":0},"west":{"uv":[4.3125,2.375,2.4375,0.0],"rotation":0,"texture":"#0","tintindex":0},"up":{"uv":[4.3125,2.375,2.4375,0.0],"rotation":0,"texture":"#0","tintindex":0},"down":{"uv":[3.175,0.07375,2.4375,0.0],"rotation":0,"texture":"#0","tintindex":0}}},{"from":[-2.681407,0.8372817,7.6],"to":[5.604308,7.5229964,8.285714],"rotation":{"angle":22.5,"axis":"z","origin":[2.2614508,8.237282,7.9428573]},"faces":{"east":{"uv":[4.3125,2.375,2.4375,0.0],"rotation":0,"texture":"#0","tintindex":0},"south":{"uv":[3.34375,0.73125,2.4375,0.0],"rotation":0,"texture":"#0","tintindex":0},"north":{"uv":[3.34375,0.73125,2.4375,0.0],"rotation":0,"texture":"#0","tintindex":0},"west":{"uv":[4.3125,2.375,2.4375,0.0],"rotation":0,"texture":"#0","tintindex":0},"up":{"uv":[4.3125,2.375,2.4375,0.0],"rotation":0,"texture":"#0","tintindex":0},"down":{"uv":[4.3125,2.375,2.4375,0.0],"rotation":0,"texture":"#0","tintindex":0}}},{"from":[-2.681407,-5.7912903,7.6],"to":[5.604308,0.89442444,8.285714],"rotation":{"angle":22.5,"axis":"z","origin":[2.2614508,8.237282,7.9428573]},"faces":{"east":{"uv":[4.3125,2.375,2.4375,0.0],"rotation":0,"texture":"#0","tintindex":0},"south":{"uv":[3.34375,0.73125,2.4375,0.0],"rotation":0,"texture":"#0","tintindex":0},"north":{"uv":[3.34375,0.73125,2.4375,0.0],"rotation":0,"texture":"#0","tintindex":0},"west":{"uv":[2.5125,0.73125,2.4375,0.0],"rotation":0,"texture":"#0","tintindex":0},"up":{"uv":[4.3125,2.375,2.4375,0.0],"rotation":0,"texture":"#0","tintindex":0},"down":{"uv":[3.34375,0.075,2.4375,0.0],"rotation":0,"texture":"#0","tintindex":0}}},{"from":[-2.7576494,5.4937987,7.542857],"to":[-0.3005066,6.465227,8.514286],"rotation":{"angle":45.0,"axis":"z","origin":[-1.643364,6.465227,7.9428573]},"faces":{"east":{"uv":[2.70625,0.10625,2.4375,0.0],"rotation":0,"texture":"#0","tintindex":0},"south":{"uv":[2.70625,0.10625,2.4375,0.0],"rotation":0,"texture":"#0","tintindex":0},"north":{"uv":[2.70625,0.10625,2.4375,0.0],"rotation":0,"texture":"#0","tintindex":0},"west":{"uv":[2.70625,0.10625,2.4375,0.0],"rotation":0,"texture":"#0","tintindex":0},"up":{"uv":[2.70625,0.10625,2.4375,0.0],"rotation":0,"texture":"#0","tintindex":0},"down":{"uv":[2.70625,0.10625,2.4375,0.0],"rotation":0,"texture":"#0","tintindex":0}}},{"from":[2.6900225,7.637282,7.2],"to":[4.6900225,8.837282,8.6285715],"rotation":{"angle":0.0,"axis":"y","origin":[5.575737,8.18014,7.9142857]},"faces":{"east":{"uv":[2.65625,0.13125,2.4375,0.0],"rotation":0,"texture":"#0","tintindex":0},"south":{"uv":[2.65625,0.13125,2.4375,0.0],"rotation":0,"texture":"#0","tintindex":0},"north":{"uv":[2.65625,0.13125,2.4375,0.0],"rotation":0,"texture":"#0","tintindex":0},"west":{"uv":[2.65625,0.13125,2.4375,0.0],"rotation":0,"texture":"#0","tintindex":0},"up":{"uv":[2.65625,0.13125,2.4375,0.0],"rotation":0,"texture":"#0","tintindex":0},"down":{"uv":[2.65625,0.13125,2.4375,0.0],"rotation":0,"texture":"#0","tintindex":0}}},{"from":[-0.79569244,7.5229964,7.4857144],"to":[2.9185934,8.60871,8.514286],"rotation":{"angle":22.5,"axis":"z","origin":[2.2614508,8.237282,7.9428573]},"faces":{"east":{"uv":[2.84375,0.11875,2.4375,0.0],"rotation":0,"texture":"#0","tintindex":0},"south":{"uv":[2.84375,0.11875,2.4375,0.0],"rotation":0,"texture":"#0","tintindex":0},"north":{"uv":[2.84375,0.11875,2.4375,0.0],"rotation":0,"texture":"#0","tintindex":0},"west":{"uv":[2.84375,0.11875,2.4375,0.0],"rotation":0,"texture":"#0","tintindex":0},"up":{"uv":[2.84375,0.11875,2.4375,0.0],"rotation":0,"texture":"#0","tintindex":0},"down":{"uv":[2.84375,0.11875,2.4375,0.0],"rotation":0,"texture":"#0","tintindex":0}}},{"from":[-2.0147924,-1.7062016,7.6],"to":[-1.15765,5.436656,8.457143],"rotation":{"angle":-22.5,"axis":"z","origin":[-1.643364,6.465227,7.9428573]},"faces":{"east":{"uv":[2.53125,0.78125,2.4375,0.0],"rotation":0,"texture":"#0","tintindex":0},"south":{"uv":[2.53125,0.78125,2.4375,0.0],"rotation":0,"texture":"#0","tintindex":0},"north":{"uv":[2.53125,0.78125,2.4375,0.0],"rotation":0,"texture":"#0","tintindex":0},"west":{"uv":[2.53125,0.78125,2.4375,0.0],"rotation":0,"texture":"#0","tintindex":0},"up":{"uv":[2.53125,0.78125,2.4375,0.0],"rotation":0,"texture":"#0","tintindex":0},"down":{"uv":[2.53125,0.09375,2.4375,0.0],"rotation":0,"texture":"#0","tintindex":0}}},{"from":[5.604308,1.922996,7.6],"to":[6.918594,5.8658533,8.285714],"rotation":{"angle":22.5,"axis":"z","origin":[2.2614508,8.237282,7.9428573]},"faces":{"east":{"uv":[4.3125,2.375,2.4375,0.0],"rotation":0,"texture":"#0","tintindex":0},"south":{"uv":[4.3125,2.375,2.4375,0.0],"rotation":0,"texture":"#0","tintindex":0},"north":{"uv":[4.3125,2.375,2.4375,0.0],"rotation":0,"texture":"#0","tintindex":0},"west":{"uv":[4.3125,2.375,2.4375,0.0],"rotation":0,"texture":"#0","tintindex":0},"up":{"uv":[4.3125,2.375,2.4375,0.0],"rotation":0,"texture":"#0","tintindex":0},"down":{"uv":[4.3125,2.375,2.4375,0.0],"rotation":0,"texture":"#0","tintindex":0}}}],"display":{"head":{"translation":[0.0,-6.4,0.0],"scale":[4.0,4.0,4.0]}}}