{"textures":{},"elements":[{"from":[6.285714,-2.5714293,5.714286],"to":[9.714286,8.285714,10.285714],"rotation":{"angle":22.5,"axis":"x","origin":[8.0,8.0,8.0]},"faces":{"east":{"uv":[0.0,0.0,4.0,9.5],"rotation":0,"texture":"#missing","tintindex":0},"south":{"uv":[0.0,0.0,3.0,9.5],"rotation":0,"texture":"#missing","tintindex":0},"north":{"uv":[0.0,0.0,3.0,9.5],"rotation":0,"texture":"#missing","tintindex":0},"west":{"uv":[0.0,0.0,4.0,9.5],"rotation":0,"texture":"#missing","tintindex":0},"up":{"uv":[0.0,0.0,3.0,4.0],"rotation":0,"texture":"#missing","tintindex":0},"down":{"uv":[0.0,0.0,3.0,4.0],"rotation":0,"texture":"#missing","tintindex":0}}}],"display":{"head":{"translation":[0.0,-6.4,0.0],"scale":[4.0,4.0,4.0]}}}