{"textures":{"1":"modelengine:entity/mammoth"},"elements":[{"from":[7.0857143,6.3809524,5.928571],"to":[11.771429,12.095238,12.042857],"rotation":{"angle":22.5,"axis":"z","origin":[8.6285715,11.609524,7.785714]},"faces":{"east":{"uv":[9.375,0.0,10.0625,0.625],"rotation":0,"texture":"#1","tintindex":0},"south":{"uv":[10.625,7.625,11.125,8.25],"rotation":0,"texture":"#1","tintindex":0},"north":{"uv":[6.5625,10.625,7.0625,11.25],"rotation":0,"texture":"#1","tintindex":0},"west":{"uv":[9.375,0.625,10.0625,1.25],"rotation":0,"texture":"#1","tintindex":0},"up":{"uv":[5.0,10.8125,4.5,10.125],"rotation":0,"texture":"#1","tintindex":0},"down":{"uv":[5.5,10.125,5.0,10.8125],"rotation":0,"texture":"#1","tintindex":0}}},{"from":[6.742857,3.5809522,5.8142853],"to":[10.8,11.180952,12.157143],"rotation":{"angle":-22.5,"axis":"z","origin":[7.6571426,10.695238,7.785714]},"faces":{"east":{"uv":[1.8125,8.1875,2.5,9.0],"rotation":0,"texture":"#1","tintindex":0},"south":{"uv":[4.0625,10.0,4.5,10.8125],"rotation":0,"texture":"#1","tintindex":0},"north":{"uv":[3.625,10.0,4.0625,10.8125],"rotation":0,"texture":"#1","tintindex":0},"west":{"uv":[2.5,8.1875,3.1875,9.0],"rotation":0,"texture":"#1","tintindex":0},"up":{"uv":[7.9375,11.375,7.5,10.6875],"rotation":0,"texture":"#1","tintindex":0},"down":{"uv":[11.1875,1.625,10.75,2.3125],"rotation":0,"texture":"#1","tintindex":0}}},{"from":[4.5142856,-3.5047626,6.042857],"to":[10.8,4.609524,11.928572],"rotation":{"angle":0.0,"axis":"y","origin":[7.6571426,4.295238,7.785714]},"faces":{"east":{"uv":[3.1875,8.1875,3.8125,9.0625],"rotation":0,"texture":"#1","tintindex":0},"south":{"uv":[10.875,5.5,11.5,5.9375],"rotation":0,"texture":"#1","tintindex":0},"north":{"uv":[7.3125,3.0625,8.0,3.9375],"rotation":0,"texture":"#1","tintindex":0},"west":{"uv":[8.5625,6.75,9.1875,7.625],"rotation":0,"texture":"#1","tintindex":0},"up":{"uv":[10.0,3.25,9.3125,2.625],"rotation":0,"texture":"#1","tintindex":0},"down":{"uv":[10.0,8.9375,9.3125,9.5625],"rotation":0,"texture":"#1","tintindex":0}}}],"display":{"head":{"translation":[0.0,-6.4,0.0],"scale":[4.0,4.0,4.0]}}}