{"textures":{"1":"modelengine:entity/mammoth"},"elements":[{"from":[6.5475554,4.0764813,4.571604],"to":[9.086985,4.956481,5.5270324],"rotation":{"angle":-45.0,"axis":"x","origin":[7.8549843,3.8501954,4.433318]},"faces":{"east":{"uv":[0.5,12.1875,0.75,12.4375],"rotation":0,"texture":"#1","tintindex":0},"south":{"uv":[11.625,9.9375,12.25,10.1875],"rotation":0,"texture":"#1","tintindex":0},"north":{"uv":[11.625,1.1875,12.25,1.4375],"rotation":0,"texture":"#1","tintindex":0},"west":{"uv":[0.75,12.1875,1.0,12.4375],"rotation":0,"texture":"#1","tintindex":0},"up":{"uv":[0.625,12.0625,0.0,11.8125],"rotation":0,"texture":"#1","tintindex":0},"down":{"uv":[12.4375,11.125,11.8125,11.375],"rotation":0,"texture":"#1","tintindex":0}}},{"from":[6.421841,4.126767,5.8538895],"to":[9.288127,10.337053,8.267604],"rotation":{"angle":0.0,"axis":"y","origin":[7.880127,6.4147673,8.443604]},"faces":{"east":{"uv":[5.6875,1.5,6.3125,3.0625],"rotation":0,"texture":"#1","tintindex":0},"south":{"uv":[2.3125,5.125,3.0,6.6875],"rotation":0,"texture":"#1","tintindex":0},"north":{"uv":[5.0,2.25,5.6875,3.8125],"rotation":0,"texture":"#1","tintindex":0},"west":{"uv":[5.6875,3.0625,6.3125,4.625],"rotation":0,"texture":"#1","tintindex":0},"up":{"uv":[9.75,4.375,9.0625,3.75],"rotation":0,"texture":"#1","tintindex":0},"down":{"uv":[9.875,6.4375,9.1875,7.0625],"rotation":0,"texture":"#1","tintindex":0}}},{"from":[6.0195556,4.772052,2.4682016],"to":[7.4024124,5.37548,3.926487],"rotation":{"angle":0.0,"axis":"y","origin":[6.1326985,5.312623,3.0087724]},"faces":{"east":{"uv":[10.1875,5.0,10.5625,5.125],"rotation":0,"texture":"#1","tintindex":0},"south":{"uv":[10.1875,5.0,10.5625,5.125],"rotation":0,"texture":"#1","tintindex":0},"north":{"uv":[10.1875,5.0,10.5625,5.125],"rotation":0,"texture":"#1","tintindex":0},"west":{"uv":[10.1875,5.0,10.5625,5.125],"rotation":0,"texture":"#1","tintindex":0},"up":{"uv":[10.1875,5.0,10.5625,5.125],"rotation":0,"texture":"#1","tintindex":0},"down":{"uv":[10.1875,5.0,10.5625,5.125],"rotation":0,"texture":"#1","tintindex":0}}},{"from":[6.798984,3.9926229,0.8590584],"to":[8.78527,6.4063373,2.5687728],"rotation":{"angle":22.5,"axis":"x","origin":[7.81727,5.2371945,3.0590582]},"faces":{"east":{"uv":[7.9375,10.8125,8.375,11.4375],"rotation":0,"texture":"#1","tintindex":0},"south":{"uv":[10.5625,1.0,11.0625,1.625],"rotation":0,"texture":"#1","tintindex":0},"north":{"uv":[9.0625,10.5,9.5625,11.125],"rotation":0,"texture":"#1","tintindex":0},"west":{"uv":[8.375,10.8125,8.8125,11.4375],"rotation":0,"texture":"#1","tintindex":0},"up":{"uv":[11.625,8.0625,11.125,7.625],"rotation":0,"texture":"#1","tintindex":0},"down":{"uv":[9.3125,11.125,8.8125,11.5625],"rotation":0,"texture":"#1","tintindex":0}}},{"from":[6.748698,4.0764813,4.0687466],"to":[8.860699,4.956481,4.571604],"rotation":{"angle":-45.0,"axis":"x","origin":[7.8549843,3.8501954,4.433318]},"faces":{"east":{"uv":[8.0,11.75,8.3125,12.25],"rotation":0,"texture":"#1","tintindex":0},"south":{"uv":[8.0,11.75,8.3125,12.25],"rotation":0,"texture":"#1","tintindex":0},"north":{"uv":[8.0,11.75,8.3125,12.25],"rotation":0,"texture":"#1","tintindex":0},"west":{"uv":[8.0,11.75,8.3125,12.25],"rotation":0,"texture":"#1","tintindex":0},"up":{"uv":[8.0,11.75,8.3125,12.25],"rotation":0,"texture":"#1","tintindex":0},"down":{"uv":[8.0,11.75,8.3125,12.25],"rotation":0,"texture":"#1","tintindex":0}}},{"from":[6.1955557,8.484088,3.9005284],"to":[9.48927,10.636088,5.3713856],"rotation":{"angle":-22.5,"axis":"x","origin":[7.8424125,10.105803,4.5542426]},"faces":{"east":{"uv":[1.1875,3.75,1.5625,4.375],"rotation":0,"texture":"#1","tintindex":0},"south":{"uv":[6.0625,8.75,6.875,9.375],"rotation":0,"texture":"#1","tintindex":0},"north":{"uv":[8.6875,5.8125,9.5,6.4375],"rotation":0,"texture":"#1","tintindex":0},"west":{"uv":[11.0625,4.8125,11.4375,5.4375],"rotation":0,"texture":"#1","tintindex":0},"up":{"uv":[11.4375,8.625,10.625,8.25],"rotation":0,"texture":"#1","tintindex":0},"down":{"uv":[2.8125,10.6875,2.0,11.0625],"rotation":0,"texture":"#1","tintindex":0}}},{"from":[5.6926985,5.5454807,3.8391318],"to":[9.966984,6.5009093,6.4288464],"rotation":{"angle":-22.5,"axis":"x","origin":[7.81727,5.491766,3.5419888]},"faces":{"east":{"uv":[9.0625,4.375,9.6875,4.625],"rotation":0,"texture":"#1","tintindex":0},"south":{"uv":[10.9375,8.875,12.0,9.125],"rotation":0,"texture":"#1","tintindex":0},"north":{"uv":[10.9375,8.625,12.0,8.875],"rotation":0,"texture":"#1","tintindex":0},"west":{"uv":[11.4375,8.375,12.0625,8.625],"rotation":0,"texture":"#1","tintindex":0},"up":{"uv":[6.875,6.9375,5.8125,6.3125],"rotation":0,"texture":"#1","tintindex":0},"down":{"uv":[2.0625,6.4375,1.0,7.0625],"rotation":0,"texture":"#1","tintindex":0}}},{"from":[6.698413,5.8478565,3.0303059],"to":[8.96127,8.789571,4.8908777],"rotation":{"angle":-22.5,"axis":"x","origin":[7.829841,5.998714,3.68402]},"faces":{"east":{"uv":[5.25,1.5,5.6875,2.25],"rotation":0,"texture":"#1","tintindex":0},"south":{"uv":[0.5,9.5625,1.0625,10.3125],"rotation":0,"texture":"#1","tintindex":0},"north":{"uv":[8.0,9.5,8.5625,10.25],"rotation":0,"texture":"#1","tintindex":0},"west":{"uv":[5.5,10.125,5.9375,10.875],"rotation":0,"texture":"#1","tintindex":0},"up":{"uv":[11.5625,4.8125,11.0,4.375],"rotation":0,"texture":"#1","tintindex":0},"down":{"uv":[11.625,1.0,11.0625,1.4375],"rotation":0,"texture":"#1","tintindex":0}}},{"from":[8.634413,4.545766,2.4682016],"to":[10.067555,6.5823374,3.77563],"rotation":{"angle":22.5,"axis":"z","origin":[7.7418413,3.678337,3.0339155]},"faces":{"east":{"uv":[8.3125,11.75,8.625,12.25],"rotation":0,"texture":"#1","tintindex":0},"south":{"uv":[8.3125,11.75,8.625,12.25],"rotation":0,"texture":"#1","tintindex":0},"north":{"uv":[8.3125,11.75,8.625,12.25],"rotation":0,"texture":"#1","tintindex":0},"west":{"uv":[8.3125,11.75,8.625,12.25],"rotation":0,"texture":"#1","tintindex":0},"up":{"uv":[8.3125,11.75,8.625,12.25],"rotation":0,"texture":"#1","tintindex":0},"down":{"uv":[8.3125,11.75,8.625,12.25],"rotation":0,"texture":"#1","tintindex":0}}},{"from":[5.8766985,7.7084284,4.2120204],"to":[9.870984,9.820429,6.6760206],"rotation":{"angle":22.5,"axis":"x","origin":[7.125841,10.046715,3.2565918]},"faces":{"east":{"uv":[10.5,6.3125,11.125,6.8125],"rotation":0,"texture":"#1","tintindex":0},"south":{"uv":[7.75,9.0,8.625,9.5],"rotation":0,"texture":"#1","tintindex":0},"north":{"uv":[6.875,9.0,7.75,9.5],"rotation":0,"texture":"#1","tintindex":0},"west":{"uv":[10.5,6.8125,11.125,7.3125],"rotation":0,"texture":"#1","tintindex":0},"up":{"uv":[9.1875,8.375,8.3125,7.75],"rotation":0,"texture":"#1","tintindex":0},"down":{"uv":[9.1875,8.375,8.3125,9.0],"rotation":0,"texture":"#1","tintindex":0}}},{"from":[7.788796,4.7713633,3.7557034],"to":[9.599082,6.2296495,5.037989],"rotation":{"angle":-22.5,"axis":"z","origin":[8.8196535,5.6136494,4.3968463]},"faces":{"east":{"uv":[11.9375,11.375,12.25,11.75],"rotation":0,"texture":"#1","tintindex":0},"south":{"uv":[7.5,1.875,7.9375,2.25],"rotation":0,"texture":"#1","tintindex":0},"north":{"uv":[7.3125,3.9375,7.75,4.3125],"rotation":0,"texture":"#1","tintindex":0},"west":{"uv":[11.9375,11.75,12.25,12.125],"rotation":0,"texture":"#1","tintindex":0},"up":{"uv":[8.875,4.9375,8.4375,4.625],"rotation":0,"texture":"#1","tintindex":0},"down":{"uv":[9.125,6.4375,8.6875,6.75],"rotation":0,"texture":"#1","tintindex":0}}},{"from":[5.973841,6.6432905,3.4082685],"to":[6.648127,7.557576,4.162554],"rotation":{"angle":0.0,"axis":"y","origin":[7.81727,7.4192905,4.5271254]},"faces":{"east":{"uv":[9.375,1.25,9.5625,1.375],"rotation":0,"texture":"#1","tintindex":0},"south":{"uv":[8.6875,11.4375,8.8125,11.5625],"rotation":0,"texture":"#1","tintindex":0},"north":{"uv":[10.4375,4.875,10.5625,5.0],"rotation":0,"texture":"#1","tintindex":0},"west":{"uv":[6.6875,9.375,6.875,9.5],"rotation":0,"texture":"#1","tintindex":0},"up":{"uv":[11.1875,1.625,11.0625,1.4375],"rotation":0,"texture":"#1","tintindex":0},"down":{"uv":[6.5625,11.0625,6.4375,11.25],"rotation":0,"texture":"#1","tintindex":0}}},{"from":[8.936127,8.352912,5.501026],"to":[9.6149845,9.710627,6.305598],"rotation":{"angle":22.5,"axis":"z","origin":[9.275556,8.692341,5.9158835]},"faces":{"east":{"uv":[12.25,7.0,12.4375,7.3125],"rotation":0,"texture":"#1","tintindex":0},"south":{"uv":[12.25,7.3125,12.4375,7.625],"rotation":0,"texture":"#1","tintindex":0},"north":{"uv":[12.25,6.1875,12.4375,6.5],"rotation":0,"texture":"#1","tintindex":0},"west":{"uv":[12.25,7.625,12.4375,7.9375],"rotation":0,"texture":"#1","tintindex":0},"up":{"uv":[10.5625,1.25,10.375,1.0625],"rotation":0,"texture":"#1","tintindex":0},"down":{"uv":[10.875,11.1875,10.6875,11.375],"rotation":0,"texture":"#1","tintindex":0}}},{"from":[5.8938413,6.8946266,5.501026],"to":[9.740699,8.528913,6.3307405],"rotation":{"angle":0.0,"axis":"y","origin":[7.8424125,7.762055,6.2427406]},"faces":{"east":{"uv":[7.0625,12.0625,7.25,12.5],"rotation":0,"texture":"#1","tintindex":0},"south":{"uv":[9.625,5.125,10.5625,5.5625],"rotation":0,"texture":"#1","tintindex":0},"north":{"uv":[9.625,1.25,10.5625,1.6875],"rotation":0,"texture":"#1","tintindex":0},"west":{"uv":[12.0625,8.0625,12.25,8.5],"rotation":0,"texture":"#1","tintindex":0},"up":{"uv":[11.875,9.9375,10.9375,9.75],"rotation":0,"texture":"#1","tintindex":0},"down":{"uv":[12.125,2.0625,11.1875,2.25],"rotation":0,"texture":"#1","tintindex":0}}},{"from":[6.094984,8.58934,2.8354049],"to":[9.539556,9.332197,3.4262624],"rotation":{"angle":0.0,"axis":"y","origin":[7.81727,8.011055,3.6388335]},"faces":{"east":{"uv":[12.375,9.3125,12.5,9.5625],"rotation":0,"texture":"#1","tintindex":0},"south":{"uv":[10.9375,11.125,11.8125,11.375],"rotation":0,"texture":"#1","tintindex":0},"north":{"uv":[11.125,6.9375,12.0,7.1875],"rotation":0,"texture":"#1","tintindex":0},"west":{"uv":[9.625,12.375,9.75,12.625],"rotation":0,"texture":"#1","tintindex":0},"up":{"uv":[5.875,4.8125,5.0,4.6875],"rotation":0,"texture":"#1","tintindex":0},"down":{"uv":[12.875,6.875,12.0,7.0],"rotation":0,"texture":"#1","tintindex":0}}},{"from":[6.40927,8.546168,5.800861],"to":[9.275556,10.773597,7.1334324],"rotation":{"angle":22.5,"axis":"x","origin":[7.829841,9.878739,6.127718]},"faces":{"east":{"uv":[1.0,11.5,1.3125,12.125],"rotation":0,"texture":"#1","tintindex":0},"south":{"uv":[2.0,9.0,2.75,9.625],"rotation":0,"texture":"#1","tintindex":0},"north":{"uv":[1.25,9.0,2.0,9.625],"rotation":0,"texture":"#1","tintindex":0},"west":{"uv":[1.9375,11.5,2.25,12.125],"rotation":0,"texture":"#1","tintindex":0},"up":{"uv":[11.875,6.625,11.125,6.3125],"rotation":0,"texture":"#1","tintindex":0},"down":{"uv":[11.875,6.625,11.125,6.9375],"rotation":0,"texture":"#1","tintindex":0}}},{"from":[9.011556,6.6432905,3.4082685],"to":[9.742984,7.557576,4.162554],"rotation":{"angle":0.0,"axis":"y","origin":[7.81727,7.4192905,4.5271254]},"faces":{"east":{"uv":[5.3125,8.6875,5.5,8.8125],"rotation":0,"texture":"#1","tintindex":0},"south":{"uv":[2.1875,6.3125,2.3125,6.4375],"rotation":0,"texture":"#1","tintindex":0},"north":{"uv":[4.75,5.9375,4.875,6.0625],"rotation":0,"texture":"#1","tintindex":0},"west":{"uv":[8.9375,7.625,9.125,7.75],"rotation":0,"texture":"#1","tintindex":0},"up":{"uv":[7.5,5.3125,7.375,5.125],"rotation":0,"texture":"#1","tintindex":0},"down":{"uv":[8.4375,3.75,8.3125,3.9375],"rotation":0,"texture":"#1","tintindex":0}}},{"from":[6.035458,4.5953636,3.780846],"to":[7.820601,6.254792,5.037989],"rotation":{"angle":22.5,"axis":"z","origin":[6.7897434,5.6136494,4.3968463]},"faces":{"east":{"uv":[9.625,11.9375,9.9375,12.375],"rotation":0,"texture":"#1","tintindex":0},"south":{"uv":[3.25,11.5625,3.6875,12.0],"rotation":0,"texture":"#1","tintindex":0},"north":{"uv":[2.8125,11.5625,3.25,12.0],"rotation":0,"texture":"#1","tintindex":0},"west":{"uv":[9.9375,11.9375,10.25,12.375],"rotation":0,"texture":"#1","tintindex":0},"up":{"uv":[12.3125,9.9375,11.875,9.625],"rotation":0,"texture":"#1","tintindex":0},"down":{"uv":[12.375,10.1875,11.9375,10.5],"rotation":0,"texture":"#1","tintindex":0}}},{"from":[6.5475554,4.4033384,4.1441755],"to":[9.086985,6.8924813,5.8538895],"rotation":{"angle":0.0,"axis":"y","origin":[7.880127,6.4147673,8.443604]},"faces":{"east":{"uv":[0.4375,10.875,0.875,11.5],"rotation":0,"texture":"#1","tintindex":0},"south":{"uv":[9.75,3.75,10.375,4.375],"rotation":0,"texture":"#1","tintindex":0},"north":{"uv":[8.5625,9.625,9.1875,10.25],"rotation":0,"texture":"#1","tintindex":0},"west":{"uv":[0.875,10.875,1.3125,11.5],"rotation":0,"texture":"#1","tintindex":0},"up":{"uv":[1.9375,11.3125,1.3125,10.875],"rotation":0,"texture":"#1","tintindex":0},"down":{"uv":[5.9375,10.875,5.3125,11.3125],"rotation":0,"texture":"#1","tintindex":0}}},{"from":[6.3464127,8.609025,4.983718],"to":[9.338413,10.836454,6.3162894],"rotation":{"angle":0.0,"axis":"y","origin":[7.829841,9.878739,6.127718]},"faces":{"east":{"uv":[1.3125,11.3125,1.625,11.9375],"rotation":0,"texture":"#1","tintindex":0},"south":{"uv":[8.875,1.375,9.625,2.0],"rotation":0,"texture":"#1","tintindex":0},"north":{"uv":[5.3125,8.8125,6.0625,9.4375],"rotation":0,"texture":"#1","tintindex":0},"west":{"uv":[1.625,11.3125,1.9375,11.9375],"rotation":0,"texture":"#1","tintindex":0},"up":{"uv":[7.0625,4.625,6.3125,4.3125],"rotation":0,"texture":"#1","tintindex":0},"down":{"uv":[4.9375,11.0625,4.1875,11.375],"rotation":0,"texture":"#1","tintindex":0}}},{"from":[8.156698,4.772052,2.4682016],"to":[9.539556,5.37548,3.926487],"rotation":{"angle":0.0,"axis":"y","origin":[6.1326985,5.312623,3.0087724]},"faces":{"east":{"uv":[10.1875,5.0,10.5625,5.125],"rotation":0,"texture":"#1","tintindex":0},"south":{"uv":[10.1875,5.0,10.5625,5.125],"rotation":0,"texture":"#1","tintindex":0},"north":{"uv":[10.1875,5.0,10.5625,5.125],"rotation":0,"texture":"#1","tintindex":0},"west":{"uv":[10.1875,5.0,10.5625,5.125],"rotation":0,"texture":"#1","tintindex":0},"up":{"uv":[10.1875,5.0,10.5625,5.125],"rotation":0,"texture":"#1","tintindex":0},"down":{"uv":[10.1875,5.0,10.5625,5.125],"rotation":0,"texture":"#1","tintindex":0}}},{"from":[5.9566984,9.694715,4.4577346],"to":[9.728127,11.165571,5.670306],"rotation":{"angle":45.0,"axis":"x","origin":[7.829841,11.454714,3.2565918]},"faces":{"east":{"uv":[0.625,11.8125,1.0,12.1875],"rotation":0,"texture":"#1","tintindex":0},"south":{"uv":[10.0,8.625,10.9375,9.0],"rotation":0,"texture":"#1","tintindex":0},"north":{"uv":[10.0,2.6875,10.9375,3.0625],"rotation":0,"texture":"#1","tintindex":0},"west":{"uv":[6.4375,11.8125,6.8125,12.1875],"rotation":0,"texture":"#1","tintindex":0},"up":{"uv":[10.9375,9.375,10.0,9.0],"rotation":0,"texture":"#1","tintindex":0},"down":{"uv":[11.0,0.0,10.0625,0.375],"rotation":0,"texture":"#1","tintindex":0}}},{"from":[6.9246984,4.0429087,0.9093437],"to":[8.659555,7.688623,2.5687728],"rotation":{"angle":22.5,"axis":"x","origin":[7.81727,5.2371945,3.0590582]},"faces":{"east":{"uv":[7.9375,10.8125,8.375,11.4375],"rotation":0,"texture":"#1","tintindex":0},"south":{"uv":[10.5625,1.0,11.0625,1.625],"rotation":0,"texture":"#1","tintindex":0},"north":{"uv":[9.0625,10.5,9.5625,11.125],"rotation":0,"texture":"#1","tintindex":0},"west":{"uv":[8.375,10.8125,8.8125,11.4375],"rotation":0,"texture":"#1","tintindex":0},"up":{"uv":[11.625,8.0625,11.125,7.625],"rotation":0,"texture":"#1","tintindex":0},"down":{"uv":[9.3125,11.125,8.8125,11.5625],"rotation":0,"texture":"#1","tintindex":0}}},{"from":[5.8435555,5.8416233,3.7660928],"to":[9.790984,6.394766,5.0986643],"rotation":{"angle":0.0,"axis":"y","origin":[7.829841,6.281623,4.4575214]},"faces":{"east":{"uv":[5.5,7.625,5.8125,7.75],"rotation":0,"texture":"#1","tintindex":0},"south":{"uv":[11.9375,10.5,12.9375,10.625],"rotation":0,"texture":"#1","tintindex":0},"north":{"uv":[11.875,1.9375,12.875,2.0625],"rotation":0,"texture":"#1","tintindex":0},"west":{"uv":[4.5,10.0,4.8125,10.125],"rotation":0,"texture":"#1","tintindex":0},"up":{"uv":[11.5625,1.0,10.5625,0.6875],"rotation":0,"texture":"#1","tintindex":0},"down":{"uv":[2.0,10.5625,1.0,10.875],"rotation":0,"texture":"#1","tintindex":0}}},{"from":[5.818413,5.444909,3.7385602],"to":[9.816127,6.6014805,6.529418],"rotation":{"angle":-22.5,"axis":"x","origin":[7.81727,5.491766,3.5419888]},"faces":{"east":{"uv":[11.1875,1.4375,11.875,1.75],"rotation":0,"texture":"#1","tintindex":0},"south":{"uv":[10.5625,0.375,11.5625,0.6875],"rotation":0,"texture":"#1","tintindex":0},"north":{"uv":[10.5,7.3125,11.5,7.625],"rotation":0,"texture":"#1","tintindex":0},"west":{"uv":[11.1875,1.75,11.875,2.0625],"rotation":0,"texture":"#1","tintindex":0},"up":{"uv":[1.0,6.875,0.0,6.1875],"rotation":0,"texture":"#1","tintindex":0},"down":{"uv":[7.3125,2.25,6.3125,2.9375],"rotation":0,"texture":"#1","tintindex":0}}},{"from":[5.516698,4.545766,2.4682016],"to":[6.9498415,6.5823374,3.77563],"rotation":{"angle":-22.5,"axis":"z","origin":[7.8424125,3.678337,3.0339155]},"faces":{"east":{"uv":[8.0,11.75,8.3125,12.25],"rotation":0,"texture":"#1","tintindex":0},"south":{"uv":[8.0,11.75,8.3125,12.25],"rotation":0,"texture":"#1","tintindex":0},"north":{"uv":[8.0,11.75,8.3125,12.25],"rotation":0,"texture":"#1","tintindex":0},"west":{"uv":[8.0,11.75,8.3125,12.25],"rotation":0,"texture":"#1","tintindex":0},"up":{"uv":[8.0,11.75,8.3125,12.25],"rotation":0,"texture":"#1","tintindex":0},"down":{"uv":[8.0,11.75,8.3125,12.25],"rotation":0,"texture":"#1","tintindex":0}}},{"from":[6.044698,8.352912,5.501026],"to":[6.7235556,9.710627,6.305598],"rotation":{"angle":-22.5,"axis":"z","origin":[6.3841267,8.692341,5.9158835]},"faces":{"east":{"uv":[12.25,5.5625,12.4375,5.875],"rotation":0,"texture":"#1","tintindex":0},"south":{"uv":[5.75,12.25,5.9375,12.5625],"rotation":0,"texture":"#1","tintindex":0},"north":{"uv":[12.25,5.25,12.4375,5.5625],"rotation":0,"texture":"#1","tintindex":0},"west":{"uv":[5.9375,12.25,6.125,12.5625],"rotation":0,"texture":"#1","tintindex":0},"up":{"uv":[10.125,5.75,9.9375,5.5625],"rotation":0,"texture":"#1","tintindex":0},"down":{"uv":[10.5,3.0625,10.3125,3.25],"rotation":0,"texture":"#1","tintindex":0}}},{"from":[5.8435555,7.520769,2.4571195],"to":[9.933842,8.501341,4.820548],"rotation":{"angle":45.0,"axis":"x","origin":[7.81727,8.011055,3.6388335]},"faces":{"east":{"uv":[11.875,1.4375,12.4375,1.6875],"rotation":0,"texture":"#1","tintindex":0},"south":{"uv":[11.0,4.125,12.0,4.375],"rotation":0,"texture":"#1","tintindex":0},"north":{"uv":[11.0,0.0,12.0,0.25],"rotation":0,"texture":"#1","tintindex":0},"west":{"uv":[11.875,1.6875,12.4375,1.9375],"rotation":0,"texture":"#1","tintindex":0},"up":{"uv":[8.5625,0.5625,7.5625,0.0],"rotation":0,"texture":"#1","tintindex":0},"down":{"uv":[8.6875,6.1875,7.6875,6.75],"rotation":0,"texture":"#1","tintindex":0}}}],"display":{"head":{"translation":[0.0,-6.4,0.0],"scale":[4.0,4.0,4.0]}}}