{"textures":{"1":"modelengine:entity/mammoth"},"elements":[{"from":[9.008178,6.7839365,7.982316],"to":[10.831035,8.254794,8.133173],"rotation":{"angle":-22.5,"axis":"z","origin":[9.44763,9.377916,8.290034]},"faces":{"east":{"uv":[10.125,12.375,10.1875,12.75],"rotation":0,"texture":"#1","tintindex":0},"south":{"uv":[2.25,11.75,2.6875,12.125],"rotation":0,"texture":"#1","tintindex":0},"north":{"uv":[11.5,11.6875,11.9375,12.0625],"rotation":0,"texture":"#1","tintindex":0},"west":{"uv":[10.1875,12.375,10.25,12.75],"rotation":0,"texture":"#1","tintindex":0},"up":{"uv":[9.3125,5.8125,8.875,5.75],"rotation":0,"texture":"#1","tintindex":0},"down":{"uv":[1.6875,8.9375,1.25,9.0],"rotation":0,"texture":"#1","tintindex":0}}},{"from":[8.528932,8.181714,7.831459],"to":[8.818074,8.521143,8.271459],"rotation":{"angle":0.0,"axis":"y","origin":[9.172006,9.124572,8.283749]},"faces":{"east":{"uv":[10.9375,3.0,11.0625,3.0625],"rotation":0,"texture":"#1","tintindex":0},"south":{"uv":[7.0,11.3125,7.0625,11.375],"rotation":0,"texture":"#1","tintindex":0},"north":{"uv":[7.0,11.25,7.0625,11.3125],"rotation":0,"texture":"#1","tintindex":0},"west":{"uv":[11.3125,8.1875,11.4375,8.25],"rotation":0,"texture":"#1","tintindex":0},"up":{"uv":[11.0,4.25,10.9375,4.125],"rotation":0,"texture":"#1","tintindex":0},"down":{"uv":[10.9375,11.1875,10.875,11.3125],"rotation":0,"texture":"#1","tintindex":0}}},{"from":[9.599035,8.254794,7.9571733],"to":[10.416178,8.493651,8.183459],"rotation":{"angle":-22.5,"axis":"z","origin":[9.44763,9.377916,8.290034]},"faces":{"east":{"uv":[11.375,6.0,11.4375,6.0625],"rotation":0,"texture":"#1","tintindex":0},"south":{"uv":[0.9375,8.875,1.125,8.9375],"rotation":0,"texture":"#1","tintindex":0},"north":{"uv":[2.25,8.125,2.4375,8.1875],"rotation":0,"texture":"#1","tintindex":0},"west":{"uv":[11.4375,5.4375,11.5,5.5],"rotation":0,"texture":"#1","tintindex":0},"up":{"uv":[9.5,5.8125,9.3125,5.75],"rotation":0,"texture":"#1","tintindex":0},"down":{"uv":[1.25,9.5625,1.0625,9.625],"rotation":0,"texture":"#1","tintindex":0}}},{"from":[8.817126,8.240202,7.894316],"to":[9.257126,8.504202,8.208602],"rotation":{"angle":0.0,"axis":"y","origin":[8.718487,9.365345,8.283749]},"faces":{"east":{"uv":[10.875,11.3125,10.9375,11.375],"rotation":0,"texture":"#1","tintindex":0},"south":{"uv":[11.75,2.25,11.875,2.3125],"rotation":0,"texture":"#1","tintindex":0},"north":{"uv":[7.8125,11.375,7.9375,11.4375],"rotation":0,"texture":"#1","tintindex":0},"west":{"uv":[11.375,5.9375,11.4375,6.0],"rotation":0,"texture":"#1","tintindex":0},"up":{"uv":[12.0,2.5625,11.875,2.5],"rotation":0,"texture":"#1","tintindex":0},"down":{"uv":[12.0,6.875,11.875,6.9375],"rotation":0,"texture":"#1","tintindex":0}}},{"from":[9.008178,5.3256507,7.982316],"to":[10.831035,6.796508,8.133173],"rotation":{"angle":-22.5,"axis":"z","origin":[9.44763,9.377916,8.290034]},"faces":{"east":{"uv":[11.0,12.375,11.0625,12.75],"rotation":0,"texture":"#1","tintindex":0},"south":{"uv":[7.25,11.75,7.6875,12.125],"rotation":0,"texture":"#1","tintindex":0},"north":{"uv":[4.6875,11.75,5.125,12.125],"rotation":0,"texture":"#1","tintindex":0},"west":{"uv":[11.0625,12.375,11.125,12.75],"rotation":0,"texture":"#1","tintindex":0},"up":{"uv":[3.1875,9.0625,2.75,9.0],"rotation":0,"texture":"#1","tintindex":0},"down":{"uv":[5.25,9.375,4.8125,9.4375],"rotation":0,"texture":"#1","tintindex":0}}},{"from":[8.719035,7.022794,7.982316],"to":[9.008178,7.8902225,8.133173],"rotation":{"angle":-22.5,"axis":"z","origin":[9.44763,9.377916,8.290034]},"faces":{"east":{"uv":[10.3125,9.375,10.375,9.5625],"rotation":0,"texture":"#1","tintindex":0},"south":{"uv":[10.5,3.0625,10.5625,3.25],"rotation":0,"texture":"#1","tintindex":0},"north":{"uv":[10.125,5.5625,10.1875,5.75],"rotation":0,"texture":"#1","tintindex":0},"west":{"uv":[1.9375,10.875,2.0,11.0625],"rotation":0,"texture":"#1","tintindex":0},"up":{"uv":[11.5,7.25,11.4375,7.1875],"rotation":0,"texture":"#1","tintindex":0},"down":{"uv":[11.5,7.25,11.4375,7.3125],"rotation":0,"texture":"#1","tintindex":0}}},{"from":[10.654371,7.995167,7.9697447],"to":[11.194943,8.20888,8.183459],"rotation":{"angle":-45.0,"axis":"z","origin":[10.306689,8.988065,8.290034]},"faces":{"east":{"uv":[11.5,0.25,11.5625,0.3125],"rotation":0,"texture":"#1","tintindex":0},"south":{"uv":[8.9375,12.0625,9.0625,12.125],"rotation":0,"texture":"#1","tintindex":0},"north":{"uv":[5.125,12.0625,5.25,12.125],"rotation":0,"texture":"#1","tintindex":0},"west":{"uv":[11.5,0.3125,11.5625,0.375],"rotation":0,"texture":"#1","tintindex":0},"up":{"uv":[11.875,12.125,11.75,12.0625],"rotation":0,"texture":"#1","tintindex":0},"down":{"uv":[12.25,2.1875,12.125,2.25],"rotation":0,"texture":"#1","tintindex":0}}},{"from":[7.7997885,8.131429,7.768602],"to":[8.528932,8.546286,8.346888],"rotation":{"angle":0.0,"axis":"y","origin":[7.49372,7.553143,9.346035]},"faces":{"east":{"uv":[0.5,12.4375,0.625,12.5625],"rotation":0,"texture":"#1","tintindex":0},"south":{"uv":[12.375,10.3125,12.5625,10.4375],"rotation":0,"texture":"#1","tintindex":0},"north":{"uv":[12.375,10.1875,12.5625,10.3125],"rotation":0,"texture":"#1","tintindex":0},"west":{"uv":[0.625,12.4375,0.75,12.5625],"rotation":0,"texture":"#1","tintindex":0},"up":{"uv":[10.8125,12.5,10.625,12.375],"rotation":0,"texture":"#1","tintindex":0},"down":{"uv":[11.0,12.375,10.8125,12.5],"rotation":0,"texture":"#1","tintindex":0}}},{"from":[9.7260685,6.298012,7.982316],"to":[9.914639,7.8694406,8.170888],"rotation":{"angle":22.5,"axis":"z","origin":[10.306689,8.988065,8.290034]},"faces":{"east":{"uv":[11.9375,12.375,12.0,12.75],"rotation":0,"texture":"#1","tintindex":0},"south":{"uv":[12.0,12.375,12.0625,12.75],"rotation":0,"texture":"#1","tintindex":0},"north":{"uv":[11.875,12.375,11.9375,12.75],"rotation":0,"texture":"#1","tintindex":0},"west":{"uv":[12.0625,12.375,12.125,12.75],"rotation":0,"texture":"#1","tintindex":0},"up":{"uv":[10.6875,11.5625,10.625,11.5],"rotation":0,"texture":"#1","tintindex":0},"down":{"uv":[10.6875,11.5625,10.625,11.625],"rotation":0,"texture":"#1","tintindex":0}}},{"from":[9.0664215,6.3107667,7.984514],"to":[10.54985,7.781624,8.132857],"rotation":{"angle":22.5,"axis":"z","origin":[10.627614,6.9705334,8.290034]},"faces":{"east":{"uv":[11.75,12.375,11.8125,12.75],"rotation":0,"texture":"#1","tintindex":0},"south":{"uv":[11.9375,3.6875,12.3125,4.0625],"rotation":0,"texture":"#1","tintindex":0},"north":{"uv":[1.3125,11.9375,1.6875,12.3125],"rotation":0,"texture":"#1","tintindex":0},"west":{"uv":[11.8125,12.375,11.875,12.75],"rotation":0,"texture":"#1","tintindex":0},"up":{"uv":[10.9375,3.75,10.5625,3.6875],"rotation":0,"texture":"#1","tintindex":0},"down":{"uv":[11.4375,5.4375,11.0625,5.5],"rotation":0,"texture":"#1","tintindex":0}}}],"display":{"head":{"translation":[0.0,-6.4,0.0],"scale":[4.0,4.0,4.0]}}}