{"textures":{"0":"modelengine:entity/asianelephant"},"elements":[{"from":[7.6274285,3.8697138,6.121143],"to":[8.450286,4.884571,6.477714],"rotation":{"angle":0.0,"axis":"y","origin":[8.016914,4.890057,7.037257]},"faces":{"east":{"uv":[9.428572,5.142857,10.0,5.714286],"rotation":0,"texture":"#0","tintindex":0},"south":{"uv":[9.428572,5.142857,10.0,5.714286],"rotation":0,"texture":"#0","tintindex":0},"north":{"uv":[9.428572,5.142857,10.0,5.714286],"rotation":0,"texture":"#0","tintindex":0},"west":{"uv":[9.428572,5.142857,10.0,5.714286],"rotation":0,"texture":"#0","tintindex":0},"up":{"uv":[9.428572,5.142857,10.0,5.714286],"rotation":0,"texture":"#0","tintindex":0},"down":{"uv":[9.428572,5.142857,10.0,5.714286],"rotation":0,"texture":"#0","tintindex":0}}},{"from":[6.5851426,3.8697138,6.477714],"to":[9.437715,5.2411427,9.357715],"rotation":{"angle":0.0,"axis":"y","origin":[8.016914,4.890057,7.037257]},"faces":{"east":{"uv":[3.09375,0.3125,2.4375,0.0],"rotation":0,"texture":"#0","tintindex":0},"south":{"uv":[3.0875,0.3125,2.4375,0.0],"rotation":0,"texture":"#0","tintindex":0},"north":{"uv":[3.0875,0.3125,2.4375,0.0],"rotation":0,"texture":"#0","tintindex":0},"west":{"uv":[3.09375,0.3125,2.4375,0.0],"rotation":0,"texture":"#0","tintindex":0},"up":{"uv":[3.0875,0.65625,2.4375,0.0],"rotation":0,"texture":"#0","tintindex":0},"down":{"uv":[12.275,4.28125,11.625,3.625],"rotation":0,"texture":"#0","tintindex":0}}},{"from":[6.7771425,4.6377144,6.8617144],"to":[9.245714,8.889143,9.2205715],"rotation":{"angle":0.0,"axis":"y","origin":[8.016914,4.890057,7.037257]},"faces":{"east":{"uv":[2.975,0.96875,2.4375,0.0],"rotation":0,"texture":"#0","tintindex":0},"south":{"uv":[3.0,0.96875,2.4375,0.0],"rotation":0,"texture":"#0","tintindex":0},"north":{"uv":[3.0,0.96875,2.4375,0.0],"rotation":0,"texture":"#0","tintindex":0},"west":{"uv":[2.975,0.96875,2.4375,0.0],"rotation":0,"texture":"#0","tintindex":0},"up":{"uv":[4.3125,2.375,2.4375,0.0],"rotation":0,"texture":"#0","tintindex":0},"down":{"uv":[4.3125,2.375,2.4375,0.0],"rotation":0,"texture":"#0","tintindex":0}}},{"from":[8.318647,3.8697138,5.943081],"to":[9.141504,4.884571,6.2996526],"rotation":{"angle":-22.5,"axis":"y","origin":[8.016914,4.890057,7.037257]},"faces":{"east":{"uv":[9.428572,5.142857,10.0,5.714286],"rotation":0,"texture":"#0","tintindex":0},"south":{"uv":[9.428572,5.142857,10.0,5.714286],"rotation":0,"texture":"#0","tintindex":0},"north":{"uv":[9.428572,5.142857,10.0,5.714286],"rotation":0,"texture":"#0","tintindex":0},"west":{"uv":[9.428572,5.142857,10.0,5.714286],"rotation":0,"texture":"#0","tintindex":0},"up":{"uv":[9.428572,5.142857,10.0,5.714286],"rotation":0,"texture":"#0","tintindex":0},"down":{"uv":[9.428572,5.142857,10.0,5.714286],"rotation":0,"texture":"#0","tintindex":0}}},{"from":[6.882188,3.8697138,5.9388824],"to":[7.7050447,4.884571,6.295454],"rotation":{"angle":22.5,"axis":"y","origin":[8.016914,4.890057,7.037257]},"faces":{"east":{"uv":[9.428572,5.142857,10.0,5.714286],"rotation":0,"texture":"#0","tintindex":0},"south":{"uv":[9.428572,5.142857,10.0,5.714286],"rotation":0,"texture":"#0","tintindex":0},"north":{"uv":[9.428572,5.142857,10.0,5.714286],"rotation":0,"texture":"#0","tintindex":0},"west":{"uv":[9.428572,5.142857,10.0,5.714286],"rotation":0,"texture":"#0","tintindex":0},"up":{"uv":[9.428572,5.142857,10.0,5.714286],"rotation":0,"texture":"#0","tintindex":0},"down":{"uv":[9.428572,5.142857,10.0,5.714286],"rotation":0,"texture":"#0","tintindex":0}}}],"display":{"head":{"translation":[0.0,-6.4,0.0],"scale":[4.0,4.0,4.0]}}}