{
	"credit": "Made with Blockbench",
	"texture_size": [128, 128],
	"textures": {
		"0": "fraggle:furniture/seats/couch"
	},
	"elements": [
		{
			"from": [-8, 3, 0],
			"to": [24, 5, 16],
			"rotation": {"angle": 0, "axis": "y", "origin": [8, 0, 8]},
			"faces": {
				"north": {"uv": [7.25, 6.75, 11.25, 7], "texture": "#0"},
				"east": {"uv": [4, 3.75, 6, 4], "texture": "#0"},
				"south": {"uv": [7.25, 7, 11.25, 7.25], "texture": "#0"},
				"west": {"uv": [7.625, 8.125, 9.625, 8.375], "texture": "#0"},
				"up": {"uv": [4, 2, 0, 0], "texture": "#0"},
				"down": {"uv": [4, 2, 0, 4], "texture": "#0"}
			}
		},
		{
			"from": [13, 5, 13],
			"to": [23, 17, 16],
			"rotation": {"angle": 0, "axis": "y", "origin": [8, 0, 8]},
			"faces": {
				"north": {"uv": [2.25, 5.875, 3.5, 7.375], "texture": "#0", "tintindex": 0},
				"east": {"uv": [6.125, 7.5, 6.5, 9], "texture": "#0", "tintindex": 0},
				"south": {"uv": [3.5, 5.875, 4.75, 7.375], "texture": "#0"},
				"west": {"uv": [6.5, 7.5, 6.875, 9], "texture": "#0"},
				"up": {"uv": [3.5, 8.625, 2.25, 8.25], "texture": "#0", "tintindex": 0},
				"down": {"uv": [9.5, 3.125, 8.25, 3.5], "texture": "#0"}
			}
		},
		{
			"from": [-7, 5, 13],
			"to": [3, 17, 16],
			"rotation": {"angle": 0, "axis": "y", "origin": [8, 0, 8]},
			"faces": {
				"north": {"uv": [4.75, 5.875, 6, 7.375], "texture": "#0", "tintindex": 0},
				"east": {"uv": [6.875, 7.5, 7.25, 9], "texture": "#0"},
				"south": {"uv": [6, 6, 7.25, 7.5], "texture": "#0"},
				"west": {"uv": [1.5, 7.75, 1.875, 9.25], "texture": "#0", "tintindex": 0},
				"up": {"uv": [9.5, 3.875, 8.25, 3.5], "texture": "#0", "tintindex": 0},
				"down": {"uv": [4.75, 8.375, 3.5, 8.75], "texture": "#0"}
			}
		},
		{
			"from": [3, 5, 13],
			"to": [13, 17, 16],
			"rotation": {"angle": 0, "axis": "y", "origin": [8, 0, 8]},
			"faces": {
				"north": {"uv": [6.25, 0, 7.5, 1.5], "texture": "#0", "tintindex": 0},
				"east": {"uv": [1.875, 7.75, 2.25, 9.25], "texture": "#0"},
				"south": {"uv": [6.25, 1.5, 7.5, 3], "texture": "#0"},
				"west": {"uv": [7.25, 8.125, 7.625, 9.625], "texture": "#0"},
				"up": {"uv": [6, 8.75, 4.75, 8.375], "texture": "#0", "tintindex": 0},
				"down": {"uv": [8.875, 8.375, 7.625, 8.75], "texture": "#0"}
			}
		},
		{
			"from": [22, 5, 0],
			"to": [24, 12, 16],
			"rotation": {"angle": 0, "axis": "y", "origin": [8, 0, 8]},
			"faces": {
				"north": {"uv": [5.625, 8.75, 5.875, 9.625], "texture": "#0"},
				"east": {"uv": [6.25, 3, 8.25, 3.875], "texture": "#0"},
				"south": {"uv": [5.875, 8.75, 6.125, 9.625], "texture": "#0"},
				"west": {"uv": [7.25, 7.25, 9.25, 8.125], "texture": "#0"},
				"up": {"uv": [0.25, 10.25, 0, 8.25], "texture": "#0"},
				"down": {"uv": [0.5, 8.25, 0.25, 10.25], "texture": "#0"}
			}
		},
		{
			"from": [-8, 5, 0],
			"to": [-6, 12, 16],
			"rotation": {"angle": 0, "axis": "y", "origin": [8, 0, 8]},
			"faces": {
				"north": {"uv": [2.25, 9, 2.5, 9.875], "texture": "#0"},
				"east": {"uv": [7.25, 5.875, 9.25, 6.75], "texture": "#0"},
				"south": {"uv": [2.5, 9, 2.75, 9.875], "texture": "#0"},
				"west": {"uv": [2.25, 7.375, 4.25, 8.25], "texture": "#0"},
				"up": {"uv": [0.75, 10.25, 0.5, 8.25], "texture": "#0"},
				"down": {"uv": [1, 8.25, 0.75, 10.25], "texture": "#0"}
			}
		},
		{
			"from": [21.46927, 4.30448, 0.5],
			"to": [22.46927, 8.30448, 15.5],
			"rotation": {"angle": 0, "axis": "y", "origin": [8.46927, -0.69552, 8]},
			"faces": {
				"north": {"uv": [7.125, 9, 7.25, 9.5], "texture": "#0"},
				"east": {"uv": [4.25, 7.5, 6.125, 8], "texture": "#0"},
				"south": {"uv": [3.5, 9.125, 3.625, 9.625], "texture": "#0"},
				"west": {"uv": [7.5, 0, 9.375, 0.5], "texture": "#0"},
				"up": {"uv": [1.125, 10.125, 1, 8.25], "texture": "#0"},
				"down": {"uv": [1.25, 8.25, 1.125, 10.125], "texture": "#0"}
			}
		},
		{
			"from": [12.46927, 4.30448, 0.5],
			"to": [21.46927, 7.30448, 15.5],
			"rotation": {"angle": 0, "axis": "y", "origin": [8.46927, -0.69552, 8]},
			"faces": {
				"north": {"uv": [2.25, 8.625, 3.375, 9], "texture": "#0", "tintindex": 0},
				"east": {"uv": [7.75, 3.875, 9.625, 4.25], "texture": "#0"},
				"south": {"uv": [3.375, 8.75, 4.5, 9.125], "texture": "#0"},
				"west": {"uv": [7.75, 4.25, 9.625, 4.625], "texture": "#0"},
				"up": {"uv": [5.125, 1.875, 4, 0], "texture": "#0", "tintindex": 0},
				"down": {"uv": [5.125, 1.875, 4, 3.75], "texture": "#0"}
			}
		},
		{
			"from": [3.46927, 4.30448, 0.5],
			"to": [12.46927, 7.30448, 15.5],
			"rotation": {"angle": 0, "axis": "y", "origin": [8.46927, -0.69552, 8]},
			"faces": {
				"north": {"uv": [4.5, 8.75, 5.625, 9.125], "texture": "#0", "tintindex": 0},
				"east": {"uv": [7.75, 4.625, 9.625, 5], "texture": "#0"},
				"south": {"uv": [7.625, 8.75, 8.75, 9.125], "texture": "#0"},
				"west": {"uv": [7.75, 5, 9.625, 5.375], "texture": "#0"},
				"up": {"uv": [6.25, 1.875, 5.125, 0], "texture": "#0", "tintindex": 0},
				"down": {"uv": [6.25, 1.875, 5.125, 3.75], "texture": "#0"}
			}
		},
		{
			"from": [-5.53073, 4.30448, 0.5],
			"to": [3.46927, 7.30448, 15.5],
			"rotation": {"angle": 0, "axis": "y", "origin": [8.46927, -0.69552, 8]},
			"faces": {
				"north": {"uv": [8.75, 8.75, 9.875, 9.125], "texture": "#0", "tintindex": 0},
				"east": {"uv": [7.75, 5.375, 9.625, 5.75], "texture": "#0"},
				"south": {"uv": [8.875, 8.375, 10, 8.75], "texture": "#0"},
				"west": {"uv": [4.25, 8, 6.125, 8.375], "texture": "#0"},
				"up": {"uv": [1.125, 7.75, 0, 5.875], "texture": "#0", "tintindex": 0},
				"down": {"uv": [2.25, 5.875, 1.125, 7.75], "texture": "#0"}
			}
		},
		{
			"from": [-6.46927, 4.30448, 0.5],
			"to": [-5.46927, 8.30448, 15.5],
			"rotation": {"angle": 0, "axis": "y", "origin": [7.53073, -0.69552, 8]},
			"faces": {
				"north": {"uv": [3.625, 9.125, 3.75, 9.625], "texture": "#0"},
				"east": {"uv": [7.5, 0.5, 9.375, 1], "texture": "#0"},
				"south": {"uv": [3.75, 9.125, 3.875, 9.625], "texture": "#0"},
				"west": {"uv": [7.5, 1, 9.375, 1.5], "texture": "#0"},
				"up": {"uv": [1.375, 10.125, 1.25, 8.25], "texture": "#0"},
				"down": {"uv": [1.5, 8.25, 1.375, 10.125], "texture": "#0"}
			}
		},
		{
			"from": [18.0908, 13.84713, 0.75],
			"to": [19.0908, 17.84713, 12.75],
			"rotation": {"angle": -22.5, "axis": "z", "origin": [4.0908, 5.34713, 8]},
			"faces": {
				"north": {"uv": [3.875, 9.125, 4, 9.625], "texture": "#0", "tintindex": 0},
				"east": {"uv": [7.5, 1.5, 9, 2], "texture": "#0", "tintindex": 0},
				"south": {"uv": [4, 9.125, 4.125, 9.625], "texture": "#0"},
				"west": {"uv": [7.5, 2, 9, 2.5], "texture": "#0", "tintindex": 0},
				"up": {"uv": [2.875, 10.5, 2.75, 9], "texture": "#0", "tintindex": 0},
				"down": {"uv": [3, 9, 2.875, 10.5], "texture": "#0", "tintindex": 0}
			}
		},
		{
			"from": [-3.0908, 13.59713, 0.75],
			"to": [-2.0908, 17.59713, 12.75],
			"rotation": {"angle": 22.5, "axis": "z", "origin": [11.9092, 5.34713, 8]},
			"faces": {
				"north": {"uv": [4.125, 9.125, 4.25, 9.625], "texture": "#0", "tintindex": 0},
				"east": {"uv": [7.5, 2.5, 9, 3], "texture": "#0", "tintindex": 0},
				"south": {"uv": [4.25, 9.125, 4.375, 9.625], "texture": "#0"},
				"west": {"uv": [0, 7.75, 1.5, 8.25], "texture": "#0", "tintindex": 0},
				"up": {"uv": [3.125, 10.5, 3, 9], "texture": "#0", "tintindex": 0},
				"down": {"uv": [3.25, 9, 3.125, 10.5], "texture": "#0", "tintindex": 0}
			}
		},
		{
			"from": [-7.5, 2, 0.5],
			"to": [23.5, 3, 15.5],
			"rotation": {"angle": 0, "axis": "y", "origin": [8, 0, 8]},
			"faces": {
				"north": {"uv": [7.75, 5.75, 11.625, 5.875], "texture": "#0"},
				"east": {"uv": [9, 1.5, 10.875, 1.625], "texture": "#0"},
				"south": {"uv": [8.25, 3, 12.125, 3.125], "texture": "#0"},
				"west": {"uv": [9, 1.625, 10.875, 1.75], "texture": "#0"},
				"up": {"uv": [3.875, 5.875, 0, 4], "texture": "#0"},
				"down": {"uv": [7.75, 4, 3.875, 5.875], "texture": "#0"}
			}
		},
		{
			"from": [22.76746, -0.34462, 0.75],
			"to": [23.76746, 2.65538, 2.75],
			"rotation": {"angle": 22.5, "axis": "z", "origin": [22.76746, 1.15538, 1.5]},
			"faces": {
				"north": {"uv": [6, 8.375, 6.125, 8.75], "texture": "#0"},
				"east": {"uv": [6.125, 9, 6.375, 9.375], "texture": "#0"},
				"south": {"uv": [4.375, 9.125, 4.5, 9.5], "texture": "#0"},
				"west": {"uv": [6.375, 9, 6.625, 9.375], "texture": "#0"},
				"up": {"uv": [6.125, 4, 6, 3.75], "texture": "#0"},
				"down": {"uv": [6.25, 3.75, 6.125, 4], "texture": "#0"}
			}
		},
		{
			"from": [-7.69134, 0.03806, 0.75],
			"to": [-6.69134, 3.03806, 2.75],
			"rotation": {"angle": -22.5, "axis": "z", "origin": [-7.69134, 1.53806, 1.5]},
			"faces": {
				"north": {"uv": [4.5, 9.125, 4.625, 9.5], "texture": "#0"},
				"east": {"uv": [6.625, 9, 6.875, 9.375], "texture": "#0"},
				"south": {"uv": [4.625, 9.125, 4.75, 9.5], "texture": "#0"},
				"west": {"uv": [6.875, 9, 7.125, 9.375], "texture": "#0"},
				"up": {"uv": [5.375, 9.375, 5.25, 9.125], "texture": "#0"},
				"down": {"uv": [5.5, 9.125, 5.375, 9.375], "texture": "#0"}
			}
		},
		{
			"from": [-7.69134, 0.03806, 13.25],
			"to": [-6.69134, 3.03806, 15.25],
			"rotation": {"angle": -22.5, "axis": "z", "origin": [-7.69134, 1.53806, 1.5]},
			"faces": {
				"north": {"uv": [4.75, 9.125, 4.875, 9.5], "texture": "#0"},
				"east": {"uv": [9, 1.75, 9.25, 2.125], "texture": "#0"},
				"south": {"uv": [4.875, 9.125, 5, 9.5], "texture": "#0"},
				"west": {"uv": [9, 2.125, 9.25, 2.5], "texture": "#0"},
				"up": {"uv": [5.625, 9.375, 5.5, 9.125], "texture": "#0"},
				"down": {"uv": [7.75, 9.125, 7.625, 9.375], "texture": "#0"}
			}
		},
		{
			"from": [22.76746, -0.34462, 13.25],
			"to": [23.76746, 2.65538, 15.25],
			"rotation": {"angle": 22.5, "axis": "z", "origin": [22.76746, 1.15538, 1.5]},
			"faces": {
				"north": {"uv": [5, 9.125, 5.125, 9.5], "texture": "#0"},
				"east": {"uv": [9, 2.5, 9.25, 2.875], "texture": "#0"},
				"south": {"uv": [5.125, 9.125, 5.25, 9.5], "texture": "#0"},
				"west": {"uv": [3.25, 9.125, 3.5, 9.5], "texture": "#0"},
				"up": {"uv": [7.875, 9.375, 7.75, 9.125], "texture": "#0"},
				"down": {"uv": [8, 9.125, 7.875, 9.375], "texture": "#0"}
			}
		}
	],
	"display": {
		"thirdperson_righthand": {
			"rotation": [0, 135, 0],
			"translation": [0, 2, 0],
			"scale": [0.3, 0.3, 0.3]
		},
		"thirdperson_lefthand": {
			"rotation": [0, 135, 0],
			"translation": [0, 2, 0],
			"scale": [0.3, 0.3, 0.3]
		},
		"firstperson_righthand": {
			"rotation": [0, 150, 0],
			"translation": [0, 0, -7.75],
			"scale": [0.6, 0.6, 0.6]
		},
		"gui": {
			"rotation": [-164.5, 34, -180],
			"scale": [0.5, 0.5, 0.5]
		},
		"fixed": {
			"rotation": [-90, 0, 0],
			"translation": [0, 0, -15.25],
			"scale": [2.5, 2.5, 2.5]
		}
	}
}