{
	"credit": "Made with Blockbench",
	"texture_size": [32, 32],
	"textures": {
		"2": "fraggle:furniture/seats/stool"
	},
	"elements": [
		{
			"name": "cushion",
			"from": [0.9, 8.9, 0.9],
			"to": [15.1, 11.1, 15.1],
			"faces": {
				"north": {"uv": [7.5, 0, 14.5, 1], "texture": "#2", "tintindex": 0},
				"east": {"uv": [7.5, 1.5, 14.5, 2.5], "texture": "#2", "tintindex": 0},
				"south": {"uv": [7.5, 3, 14.5, 4], "texture": "#2", "tintindex": 0},
				"west": {"uv": [7.5, 4.5, 14.5, 5.5], "texture": "#2", "tintindex": 0},
				"up": {"uv": [7, 7, 0, 0], "texture": "#2", "tintindex": 0},
				"down": {"uv": [7, 7, 0, 0], "texture": "#2", "tintindex": 0}
			}
		},
		{
			"name": "feet",
			"from": [2, 0, 2],
			"to": [4, 7, 4],
			"faces": {
				"north": {"uv": [7.5, 12, 8.5, 15.5], "texture": "#2"},
				"east": {"uv": [9, 12, 10, 15.5], "texture": "#2"},
				"south": {"uv": [10.5, 12, 11.5, 15.5], "texture": "#2"},
				"west": {"uv": [12, 12, 13, 15.5], "texture": "#2"},
				"down": {"uv": [14.5, 12, 13.5, 13], "texture": "#2"}
			}
		},
		{
			"name": "feet",
			"from": [2, 0, 12],
			"to": [4, 7, 14],
			"rotation": {"angle": 0, "axis": "y", "origin": [3, 3.5, 13]},
			"faces": {
				"north": {"uv": [12, 12, 13, 15.5], "texture": "#2"},
				"east": {"uv": [7.5, 12, 8.5, 15.5], "texture": "#2"},
				"south": {"uv": [9, 12, 10, 15.5], "texture": "#2"},
				"west": {"uv": [10.5, 12, 11.5, 15.5], "texture": "#2"},
				"down": {"uv": [14.5, 12, 13.5, 13], "rotation": 270, "texture": "#2"}
			}
		},
		{
			"name": "feet",
			"from": [12, 0, 12],
			"to": [14, 7, 14],
			"faces": {
				"north": {"uv": [7.5, 12, 8.5, 15.5], "texture": "#2"},
				"east": {"uv": [9, 12, 10, 15.5], "texture": "#2"},
				"south": {"uv": [10.5, 12, 11.5, 15.5], "texture": "#2"},
				"west": {"uv": [12, 12, 13, 15.5], "texture": "#2"},
				"down": {"uv": [14.5, 12, 13.5, 13], "texture": "#2"}
			}
		},
		{
			"name": "feet",
			"from": [12, 0, 2],
			"to": [14, 7, 4],
			"rotation": {"angle": 0, "axis": "y", "origin": [13, 3.5, 3]},
			"faces": {
				"north": {"uv": [12, 12, 13, 15.5], "texture": "#2"},
				"east": {"uv": [7.5, 12, 8.5, 15.5], "texture": "#2"},
				"south": {"uv": [9, 12, 10, 15.5], "texture": "#2"},
				"west": {"uv": [10.5, 12, 11.5, 15.5], "texture": "#2"},
				"down": {"uv": [14.5, 12, 13.5, 13], "rotation": 270, "texture": "#2"}
			}
		},
		{
			"name": "base",
			"from": [1, 7, 1],
			"to": [15, 9, 15],
			"faces": {
				"north": {"uv": [7.5, 6, 14.5, 7], "texture": "#2"},
				"east": {"uv": [7.5, 7.5, 14.5, 8.5], "texture": "#2"},
				"south": {"uv": [7.5, 9, 14.5, 10], "texture": "#2"},
				"west": {"uv": [7.5, 10.5, 14.5, 11.5], "texture": "#2"},
				"down": {"uv": [7, 7.5, 0, 14.5], "texture": "#2"}
			}
		}
	],
	"display": {
		"thirdperson_righthand": {
			"rotation": [80, 0, 0],
			"translation": [0, 4.5, 0.5],
			"scale": [0.8, 0.8, 0.8]
		},
		"thirdperson_lefthand": {
			"rotation": [80, 0, 0],
			"translation": [0, 4.5, 0.5],
			"scale": [0.8, 0.8, 0.8]
		},
		"firstperson_righthand": {
			"rotation": [11, 0, 0],
			"translation": [0, 4.5, 0.5],
			"scale": [0.8, 0.8, 0.8]
		},
		"firstperson_lefthand": {
			"rotation": [11, 0, 0],
			"translation": [0, 4.5, 0.5],
			"scale": [0.8, 0.8, 0.8]
		},
		"ground": {
			"translation": [0, 1.25, 0]
		},
		"gui": {
			"rotation": [16.25, 167.5, 0],
			"translation": [0, 1.5, 0],
			"scale": [0.8, 0.8, 0.8]
		},
		"head": {
			"translation": [0, 14.5, 0]
		},
		"fixed": {
			"rotation": [-90, 0, 0],
			"translation": [0, 0, -21],
			"scale": [2.5, 2.5, 2.5]
		}
	}
}