{"textures":{"0":"modelengine:entity/hamster_gray"},"elements":[{"from":[7.428571,7.1214285,6.425],"to":[8.571428,7.9785714,6.8535714],"rotation":{"angle":0.0,"axis":"y","origin":[8.0,7.6928573,9.389286]},"faces":{"east":{"uv":[8.516,2.516,8.984,3.484],"rotation":0,"texture":"#0","tintindex":0},"south":{"uv":[6.516,8.016,7.984,8.984],"rotation":0,"texture":"#0","tintindex":0},"north":{"uv":[8.516,0.016,9.984,0.984],"rotation":0,"texture":"#0","tintindex":0},"west":{"uv":[2.516,5.016,2.984,5.984],"rotation":0,"texture":"#0","tintindex":0},"up":{"uv":[2.984,8.984,1.516,8.516],"rotation":180,"texture":"#0","tintindex":0},"down":{"uv":[9.984,1.516,8.516,1.984],"rotation":180,"texture":"#0","tintindex":0}}},{"from":[8.5,8.835714,6.8535714],"to":[9.071428,9.407143,7.425],"rotation":{"angle":0.0,"axis":"y","origin":[8.0,7.6928573,9.389286]},"faces":{"east":{"uv":[8.516,4.016,8.984,4.484],"rotation":0,"texture":"#0","tintindex":0},"south":{"uv":[5.016,7.016,5.484,7.484],"rotation":0,"texture":"#0","tintindex":0},"north":{"uv":[3.516,8.516,3.984,8.984],"rotation":0,"texture":"#0","tintindex":0},"west":{"uv":[1.516,7.516,1.984,7.984],"rotation":0,"texture":"#0","tintindex":0},"up":{"uv":[8.984,5.484,8.516,5.016],"rotation":180,"texture":"#0","tintindex":0},"down":{"uv":[8.984,6.016,8.516,6.484],"rotation":180,"texture":"#0","tintindex":0}}},{"from":[6.928571,8.835714,6.8535714],"to":[7.5,9.407143,7.425],"rotation":{"angle":0.0,"axis":"y","origin":[8.0,7.6928573,9.389286]},"faces":{"east":{"uv":[0.016,9.516,0.484,9.984],"rotation":0,"texture":"#0","tintindex":0},"south":{"uv":[8.516,7.016,8.984,7.484],"rotation":0,"texture":"#0","tintindex":0},"north":{"uv":[8.516,9.016,8.984,9.484],"rotation":0,"texture":"#0","tintindex":0},"west":{"uv":[8.516,8.016,8.984,8.484],"rotation":0,"texture":"#0","tintindex":0},"up":{"uv":[1.484,9.984,1.016,9.516],"rotation":180,"texture":"#0","tintindex":0},"down":{"uv":[2.484,9.516,2.016,9.984],"rotation":180,"texture":"#0","tintindex":0}}},{"from":[6.928571,7.1214285,6.8535714],"to":[9.071428,8.835714,7.9964285],"rotation":{"angle":0.0,"axis":"y","origin":[8.0,7.6928573,9.389286]},"faces":{"east":{"uv":[5.016,8.016,5.984,9.484],"rotation":0,"texture":"#0","tintindex":0},"south":{"uv":[6.016,2.516,7.984,3.984],"rotation":0,"texture":"#0","tintindex":0},"north":{"uv":[6.016,4.516,7.984,5.984],"rotation":0,"texture":"#0","tintindex":0},"west":{"uv":[0.016,7.516,0.984,8.984],"rotation":0,"texture":"#0","tintindex":0},"up":{"uv":[7.984,7.484,6.016,6.516],"rotation":180,"texture":"#0","tintindex":0},"down":{"uv":[4.484,7.016,2.516,7.984],"rotation":180,"texture":"#0","tintindex":0}}}],"display":{"head":{"translation":[0.0,-6.4,0.0],"scale":[4.0,4.0,4.0]}}}