{"textures":{"0":"modelengine:entity/hamster_gray"},"elements":[{"from":[7.714286,7.428571,7.714286],"to":[8.285714,8.0,8.285714],"rotation":{"angle":0.0,"axis":"y","origin":[7.214286,9.142858,9.107143]},"faces":{"east":{"uv":[3.484,9.516,3.016,9.984],"rotation":0,"texture":"#0","tintindex":0},"south":{"uv":[9.984,2.516,9.516,2.984],"rotation":0,"texture":"#0","tintindex":0},"north":{"uv":[9.984,3.516,9.516,3.984],"rotation":0,"texture":"#0","tintindex":0},"west":{"uv":[4.484,9.516,4.016,9.984],"rotation":0,"texture":"#0","tintindex":0},"up":{"uv":[9.516,4.984,9.984,4.516],"rotation":180,"texture":"#0","tintindex":0},"down":{"uv":[9.516,5.516,9.984,5.984],"rotation":180,"texture":"#0","tintindex":0}}}],"display":{"head":{"translation":[0.0,-6.4,0.0],"scale":[4.0,4.0,4.0]}}}