{"textures":{"0":"modelengine:entity/gazelle"},"elements":[{"from":[7.043567,7.5578947,7.5133767],"to":[8.758039,10.156111,8.814618],"rotation":{"angle":-45.0,"axis":"x","origin":[7.972778,8.180571,8.804626]},"faces":{"east":{"uv":[13.75,4.5,15.5,3.5],"rotation":90,"texture":"#0","tintindex":0},"south":{"uv":[9.25,5.5,10.5,7.25],"rotation":0,"texture":"#0","tintindex":0},"north":{"uv":[7.5,5.0,6.0,7.25],"rotation":0,"texture":"#0","tintindex":0},"west":{"uv":[13.75,3.5,15.5,4.5],"rotation":90,"texture":"#0","tintindex":0},"up":{"uv":[7.5,4.25,6.0,5.25],"rotation":180,"texture":"#0","tintindex":0},"down":{"uv":[12.0,3.5,9.75,4.25],"rotation":90,"texture":"#0","tintindex":0}}},{"from":[7.110471,6.2145605,6.999244],"to":[8.643743,9.002327,8.184045],"rotation":{"angle":-45.0,"axis":"x","origin":[7.8771067,7.6084437,7.7756357]},"faces":{"east":{"uv":[2.0,5.75,0.25,7.0],"rotation":270,"texture":"#0","tintindex":0},"south":{"uv":[10.5,3.5,9.75,5.0],"rotation":0,"texture":"#0","tintindex":0},"north":{"uv":[7.5,5.0,6.0,7.25],"rotation":0,"texture":"#0","tintindex":0},"west":{"uv":[2.0,7.0,0.25,5.75],"rotation":270,"texture":"#0","tintindex":0},"up":{"uv":[7.5,5.0,6.0,7.25],"rotation":0,"texture":"#0","tintindex":0},"down":{"uv":[1.5,5.0,0.0,7.0],"rotation":0,"texture":"#0","tintindex":0}}},{"from":[7.2483187,8.389445,5.9446754],"to":[8.576102,11.376182,7.4889865],"rotation":{"angle":-22.5,"axis":"x","origin":[7.9122105,9.284843,7.0848126]},"faces":{"east":{"uv":[13.75,5.0,15.25,3.5],"rotation":90,"texture":"#0","tintindex":0},"south":{"uv":[9.25,5.5,10.25,7.25],"rotation":0,"texture":"#0","tintindex":0},"north":{"uv":[7.5,5.0,6.0,7.25],"rotation":180,"texture":"#0","tintindex":0},"west":{"uv":[13.75,3.5,15.25,5.0],"rotation":90,"texture":"#0","tintindex":0},"up":{"uv":[10.5,7.5,9.5,8.5],"rotation":0,"texture":"#0","tintindex":0},"down":{"uv":[1.5,5.0,0.0,7.0],"rotation":0,"texture":"#0","tintindex":0}}}],"display":{"head":{"translation":[0.0,-6.4,0.0],"scale":[4.0,4.0,4.0]}}}