{
    "parent": "item/generated",
    "textures": {
        "layer0": "item/cod"
    },
	"overrides": [
        { "predicate": { "custom_model_data": 0}, "model": "minecraft:item/cod" },
		{ "predicate": { "custom_model_data": 10}, "model": "fraggle:extra/fun/sardine"},
        { "predicate": { "custom_model_data": 11}, "model": "fraggle:extra/fun/catfish_raw"},
        { "predicate": { "custom_model_data": 12}, "model": "fraggle:extra/fun/catfish_cooked"},
        { "predicate": { "custom_model_data": 13}, "model": "minecraft:item/cod" }

	]
}
