{"textures":{"0":"modelengine:entity/zebra"},"elements":[{"from":[6.956382,4.7737093,4.966301],"to":[7.856522,6.51773,5.8101816],"rotation":{"angle":-45.0,"axis":"x","origin":[8.552596,10.629743,4.49467]},"faces":{"east":{"uv":[6.25,4.375,6.625,5.125],"rotation":0,"texture":"#0","tintindex":0},"south":{"uv":[4.625,6.25,5.0,7.0],"rotation":0,"texture":"#0","tintindex":0},"north":{"uv":[0.625,6.25,1.0,7.0],"rotation":0,"texture":"#0","tintindex":0},"west":{"uv":[6.375,0.0,6.75,0.75],"rotation":0,"texture":"#0","tintindex":0},"up":{"uv":[7.75,4.75,7.375,4.375],"rotation":0,"texture":"#0","tintindex":0},"down":{"uv":[7.75,4.75,7.375,5.125],"rotation":0,"texture":"#0","tintindex":0}}},{"from":[6.956382,5.282361,8.541516],"to":[7.856522,5.844949,9.329138],"rotation":{"angle":0.0,"axis":"y","origin":[8.552596,10.629743,4.49467]},"faces":{"east":{"uv":[7.625,6.125,8.0,6.375],"rotation":0,"texture":"#0","tintindex":0},"south":{"uv":[7.625,6.875,8.0,7.125],"rotation":0,"texture":"#0","tintindex":0},"north":{"uv":[7.5,3.75,7.875,4.0],"rotation":0,"texture":"#0","tintindex":0},"west":{"uv":[7.625,7.125,8.0,7.375],"rotation":0,"texture":"#0","tintindex":0},"up":{"uv":[7.625,7.375,7.25,7.0],"rotation":0,"texture":"#0","tintindex":0},"down":{"uv":[7.75,4.0,7.375,4.375],"rotation":0,"texture":"#0","tintindex":0}}},{"from":[7.0688996,5.844949,8.710292],"to":[7.7440047,7.4764524,9.441656],"rotation":{"angle":0.0,"axis":"x","origin":[8.552596,10.629743,4.49467]},"faces":{"east":{"uv":[7.25,2.125,7.5,2.75],"rotation":0,"texture":"#0","tintindex":0},"south":{"uv":[2.25,7.25,2.5,7.875],"rotation":0,"texture":"#0","tintindex":0},"north":{"uv":[2.0,7.25,2.25,7.875],"rotation":0,"texture":"#0","tintindex":0},"west":{"uv":[7.25,2.75,7.5,3.375],"rotation":0,"texture":"#0","tintindex":0},"up":{"uv":[8.125,2.5,7.875,2.25],"rotation":0,"texture":"#0","tintindex":0},"down":{"uv":[2.75,7.875,2.5,8.125],"rotation":0,"texture":"#0","tintindex":0}}}],"display":{"head":{"translation":[0.0,-6.4,0.0],"scale":[4.0,4.0,4.0]}}}