{
	"credit": "Made with Blockbench",
	"textures": {
		"0": "fraggle:hats/summer/413",
		"particle": "fraggle:hats/summer/413"
	},
	"elements": [
		{
			"from": [0, 0, 0],
			"to": [7, 7, 0],
			"faces": {
				"north": {"uv": [0, 0, 7, 7], "texture": "#0"},
				"east": {"uv": [0, 0, 0, 7], "texture": "#0"},
				"south": {"uv": [7, 0, 0, 7], "texture": "#0"},
				"west": {"uv": [0, 0, 0, 7], "texture": "#0"},
				"up": {"uv": [7, 0, 0, 0], "texture": "#0"},
				"down": {"uv": [7, 0, 0, 0], "texture": "#0"}
			}
		},
		{
			"from": [9, 0, 0],
			"to": [16, 7, 0],
			"faces": {
				"north": {"uv": [0, 0, 7, 7], "texture": "#0"},
				"east": {"uv": [0, 0, 0, 7], "texture": "#0"},
				"south": {"uv": [7, 0, 0, 7], "texture": "#0"},
				"west": {"uv": [0, 0, 0, 7], "texture": "#0"},
				"up": {"uv": [7, 0, 0, 0], "texture": "#0"},
				"down": {"uv": [7, 0, 0, 0], "texture": "#0"}
			}
		},
		{
			"from": [7, 4.5, 0],
			"to": [9, 5.5, 0],
			"faces": {
				"north": {"uv": [14, 15, 16, 16], "texture": "#0"},
				"east": {"uv": [14, 15, 16, 16], "texture": "#0"},
				"south": {"uv": [14, 15, 16, 16], "texture": "#0"},
				"west": {"uv": [14, 15, 16, 16], "texture": "#0"},
				"up": {"uv": [14, 15, 16, 16], "texture": "#0"},
				"down": {"uv": [14, 15, 16, 16], "texture": "#0"}
			}
		},
		{
			"from": [16, 4.5, 0],
			"to": [16, 5.5, 4],
			"faces": {
				"north": {"uv": [14, 15, 16, 16], "texture": "#0"},
				"east": {"uv": [14, 15, 16, 16], "texture": "#0"},
				"south": {"uv": [14, 15, 16, 16], "texture": "#0"},
				"west": {"uv": [14, 15, 16, 16], "texture": "#0"},
				"up": {"uv": [14, 15, 16, 16], "rotation": 270, "texture": "#0"},
				"down": {"uv": [14, 15, 16, 16], "rotation": 90, "texture": "#0"}
			}
		},
		{
			"from": [0, 4.5, 0],
			"to": [0, 5.5, 4],
			"rotation": {"angle": 0, "axis": "y", "origin": [16, 0, 0]},
			"faces": {
				"north": {"uv": [16, 15, 14, 16], "texture": "#0"},
				"east": {"uv": [16, 15, 14, 16], "texture": "#0"},
				"south": {"uv": [16, 15, 14, 16], "texture": "#0"},
				"west": {"uv": [16, 15, 14, 16], "texture": "#0"},
				"up": {"uv": [14, 16, 16, 15], "rotation": 270, "texture": "#0"},
				"down": {"uv": [14, 16, 16, 15], "rotation": 90, "texture": "#0"}
			}
		}
	],
	"gui_light": "front",
	"display": {
		"thirdperson_righthand": {
			"rotation": [69, 0, 0],
			"translation": [0, -0.25, 2.25],
			"scale": [0.4, 0.4, 0.4]
		},
		"thirdperson_lefthand": {
			"rotation": [69, 0, 0],
			"translation": [0, -0.25, 2.25],
			"scale": [0.4, 0.4, 0.4]
		},
		"firstperson_righthand": {
			"rotation": [8, 0, 0],
			"translation": [10.75, 0.25, -5.75],
			"scale": [0.5, 0.5, 0.5]
		},
		"firstperson_lefthand": {
			"rotation": [8, 0, 0],
			"translation": [10.75, 0.25, -5.75],
			"scale": [0.5, 0.5, 0.5]
		},
		"ground": {
			"translation": [0, 3.5, 1.75],
			"scale": [0.4, 0.4, 0.4]
		},
		"gui": {
			"rotation": [25, -145, 0],
			"translation": [-2.75, 4, 0],
			"scale": [0.8, 0.8, 0.8]
		},
		"head": {
			"translation": [0, 0.5, 0.25]
		},
		"fixed": {
			"translation": [0, 5.25, -1.5]
		}
	}
}