{"textures":{"0":"modelengine:entity/cheetah"},"elements":[{"from":[6.982857,5.5154285,7.622857],"to":[9.268572,9.126857,10.365714],"rotation":{"angle":-22.5,"axis":"x","origin":[9.771429,5.268571,7.4857144]},"faces":{"east":{"uv":[1.25,5.875,2.125,6.875],"rotation":0,"texture":"#0","tintindex":0},"south":{"uv":[1.125,5.625,2.0,6.625],"rotation":0,"texture":"#0","tintindex":0},"north":{"uv":[13.0,0.875,11.875,2.0],"rotation":0,"texture":"#0","tintindex":0},"west":{"uv":[1.25,5.875,2.125,6.875],"rotation":0,"texture":"#0","tintindex":0},"up":{"uv":[1.0,5.75,1.875,6.75],"rotation":0,"texture":"#0","tintindex":0},"down":{"uv":[2.125,5.75,1.375,6.75],"rotation":0,"texture":"#0","tintindex":0}}},{"from":[7.302857,6.5942855,8.674286],"to":[9.085714,9.931429,10.045714],"rotation":{"angle":0.0,"axis":"y","origin":[5.84,3.9885712,6.937143]},"faces":{"east":{"uv":[1.375,5.5,2.125,6.875],"rotation":0,"texture":"#0","tintindex":0},"south":{"uv":[1.375,5.5,2.125,6.625],"rotation":0,"texture":"#0","tintindex":0},"north":{"uv":[13.0,0.875,11.875,2.0],"rotation":0,"texture":"#0","tintindex":0},"west":{"uv":[1.375,5.5,2.125,6.875],"rotation":0,"texture":"#0","tintindex":0},"up":{"uv":[1.125,6.25,1.875,6.625],"rotation":0,"texture":"#0","tintindex":0},"down":{"uv":[2.125,5.75,1.375,6.75],"rotation":0,"texture":"#0","tintindex":0}}}],"display":{"head":{"translation":[0.0,-6.4,0.0],"scale":[4.0,4.0,4.0]}}}