{
	"credit": "Made with Blockbench",
	"texture_size": [32, 32],
	"textures": {
		"0": "fraggle:furniture/tables/side_table"
	},
	"elements": [
		{
			"name": "feet",
			"from": [2, 0, 2],
			"to": [4, 10, 4],
			"rotation": {"angle": 0, "axis": "y", "origin": [3, 5, 3]},
			"faces": {
				"north": {"uv": [12, 6, 13, 11], "texture": "#0"},
				"east": {"uv": [7.5, 6, 8.5, 11], "texture": "#0"},
				"south": {"uv": [9, 6, 10, 11], "texture": "#0"},
				"west": {"uv": [10.5, 6, 11.5, 11], "texture": "#0"},
				"down": {"uv": [14.5, 6, 13.5, 7], "rotation": 270, "texture": "#0"}
			}
		},
		{
			"name": "feet",
			"from": [12, 0, 2],
			"to": [14, 10, 4],
			"rotation": {"angle": 0, "axis": "y", "origin": [13, 5, 3]},
			"faces": {
				"north": {"uv": [7.5, 6, 8.5, 11], "texture": "#0"},
				"east": {"uv": [9, 6, 10, 11], "texture": "#0"},
				"south": {"uv": [10.5, 6, 11.5, 11], "texture": "#0"},
				"west": {"uv": [12, 6, 13, 11], "texture": "#0"},
				"down": {"uv": [14.5, 6, 13.5, 7], "texture": "#0"}
			}
		},
		{
			"name": "feet",
			"from": [12, 0, 12],
			"to": [14, 10, 14],
			"rotation": {"angle": 0, "axis": "y", "origin": [13, 5, 13]},
			"faces": {
				"north": {"uv": [9, 6, 10, 11], "texture": "#0"},
				"east": {"uv": [10.5, 6, 11.5, 11], "texture": "#0"},
				"south": {"uv": [12, 6, 13, 11], "texture": "#0"},
				"west": {"uv": [7.5, 6, 8.5, 11], "texture": "#0"},
				"down": {"uv": [14.5, 6, 13.5, 7], "rotation": 90, "texture": "#0"}
			}
		},
		{
			"name": "feet",
			"from": [2, 0, 12],
			"to": [4, 10, 14],
			"rotation": {"angle": 0, "axis": "y", "origin": [3, 5, 13]},
			"faces": {
				"north": {"uv": [10.5, 6, 11.5, 11], "texture": "#0"},
				"east": {"uv": [12, 6, 13, 11], "texture": "#0"},
				"south": {"uv": [7.5, 6, 8.5, 11], "texture": "#0"},
				"west": {"uv": [9, 6, 10, 11], "texture": "#0"},
				"down": {"uv": [14.5, 6, 13.5, 7], "rotation": 180, "texture": "#0"}
			}
		},
		{
			"name": "base",
			"from": [1, 10, 1],
			"to": [15, 12, 15],
			"faces": {
				"north": {"uv": [7.5, 0, 14.5, 1], "texture": "#0"},
				"east": {"uv": [7.5, 1.5, 14.5, 2.5], "texture": "#0"},
				"south": {"uv": [7.5, 3, 14.5, 4], "texture": "#0"},
				"west": {"uv": [7.5, 4.5, 14.5, 5.5], "texture": "#0"},
				"up": {"uv": [0, 0, 7, 7], "texture": "#0"},
				"down": {"uv": [7, 7.5, 0, 14.5], "texture": "#0"}
			}
		}
	],
	"display": {
		"thirdperson_righthand": {
			"rotation": [80, 0, 0],
			"translation": [0, 4.5, 0.5],
			"scale": [0.8, 0.8, 0.8]
		},
		"thirdperson_lefthand": {
			"rotation": [80, 0, 0],
			"translation": [0, 4.5, 0.5],
			"scale": [0.8, 0.8, 0.8]
		},
		"firstperson_righthand": {
			"rotation": [11, 0, 0],
			"translation": [0, 4.5, 0.5],
			"scale": [0.8, 0.8, 0.8]
		},
		"firstperson_lefthand": {
			"rotation": [11, 0, 0],
			"translation": [0, 4.5, 0.5],
			"scale": [0.8, 0.8, 0.8]
		},
		"ground": {
			"translation": [0, 1.25, 0]
		},
		"gui": {
			"rotation": [16.25, 167.5, 0],
			"translation": [0, 1.5, 0],
			"scale": [0.8, 0.8, 0.8]
		},
		"head": {
			"translation": [0, 14.5, 0]
		},
		"fixed": {
			"rotation": [-90, 0, 0],
			"translation": [0, 0, -19.5],
			"scale": [2.5, 2.5, 2.5]
		}
	}
}