{"textures":{"0":"modelengine:entity/elephant"},"elements":[{"from":[7.8285713,-5.3714285,10.114286],"to":[9.6,-2.9714298,12.4],"rotation":{"angle":-45.0,"axis":"x","origin":[8.685715,-4.9142866,8.657143]},"faces":{"east":{"uv":[11.714286,3.7142856,12.285714,4.285714],"rotation":0,"texture":"#0","tintindex":0},"south":{"uv":[11.714286,3.7142856,12.285714,4.285714],"rotation":0,"texture":"#0","tintindex":0},"north":{"uv":[11.714286,3.7142856,12.285714,4.285714],"rotation":0,"texture":"#0","tintindex":0},"west":{"uv":[11.714286,3.7142856,12.285714,4.285714],"rotation":0,"texture":"#0","tintindex":0},"up":{"uv":[11.714286,3.7142856,12.285714,4.285714],"rotation":0,"texture":"#0","tintindex":0},"down":{"uv":[11.714286,3.7142856,12.285714,4.285714],"rotation":0,"texture":"#0","tintindex":0}}},{"from":[7.8285713,2.4571428,8.4],"to":[9.542857,8.057143,10.0],"rotation":{"angle":-22.5,"axis":"x","origin":[8.685715,4.457143,7.742857]},"faces":{"east":{"uv":[2.6125,0.6125,2.4375,0.0],"rotation":0,"texture":"#0","tintindex":0},"south":{"uv":[2.625,0.6125,2.4375,0.0],"rotation":0,"texture":"#0","tintindex":0},"north":{"uv":[2.625,0.6125,2.4375,0.0],"rotation":0,"texture":"#0","tintindex":0},"west":{"uv":[2.6125,0.6125,2.4375,0.0],"rotation":0,"texture":"#0","tintindex":0},"up":{"uv":[4.3125,2.375,2.4375,0.0],"rotation":0,"texture":"#0","tintindex":0},"down":{"uv":[4.3125,2.375,2.4375,0.0],"rotation":0,"texture":"#0","tintindex":0}}},{"from":[8.057143,-1.7814789,9.404772],"to":[9.3714285,3.4756632,10.547628],"rotation":{"angle":0.0,"axis":"y","origin":[8.685715,0.21852016,8.290486]},"faces":{"east":{"uv":[2.5625,0.575,2.4375,0.0],"rotation":0,"texture":"#0","tintindex":0},"south":{"uv":[2.58125,0.575,2.4375,0.0],"rotation":0,"texture":"#0","tintindex":0},"north":{"uv":[2.58125,0.575,2.4375,0.0],"rotation":0,"texture":"#0","tintindex":0},"west":{"uv":[2.5625,0.575,2.4375,0.0],"rotation":0,"texture":"#0","tintindex":0},"up":{"uv":[4.3125,2.375,2.4375,0.0],"rotation":0,"texture":"#0","tintindex":0},"down":{"uv":[4.3125,2.375,2.4375,0.0],"rotation":0,"texture":"#0","tintindex":0}}}],"display":{"head":{"translation":[0.0,-6.4,0.0],"scale":[4.0,4.0,4.0]}}}