{"textures":{},"elements":[{"from":[5.142857,7.142857,4.5714283],"to":[10.857143,14.0,9.142858],"rotation":{"angle":45.0,"axis":"x","origin":[8.0,8.0,6.285714]},"faces":{"east":{"uv":[0.0,0.0,4.0,6.0],"rotation":0,"texture":"#missing","tintindex":0},"south":{"uv":[0.0,0.0,5.0,6.0],"rotation":0,"texture":"#missing","tintindex":0},"north":{"uv":[0.0,0.0,5.0,6.0],"rotation":0,"texture":"#missing","tintindex":0},"west":{"uv":[0.0,0.0,4.0,6.0],"rotation":0,"texture":"#missing","tintindex":0},"up":{"uv":[0.0,0.0,5.0,4.0],"rotation":0,"texture":"#missing","tintindex":0},"down":{"uv":[0.0,0.0,5.0,4.0],"rotation":0,"texture":"#missing","tintindex":0}}}],"display":{"head":{"translation":[0.0,-6.4,0.0],"scale":[4.0,4.0,4.0]}}}