{"textures":{"0":"modelengine:entity/gazelle"},"elements":[{"from":[7.325942,7.4168158,7.6213837],"to":[8.485653,8.621131,8.575918],"rotation":{"angle":0.0,"axis":"y","origin":[7.074942,8.422114,5.680854]},"faces":{"east":{"uv":[9.5,0.0,8.75,1.0],"rotation":0,"texture":"#0","tintindex":0},"south":{"uv":[9.5,0.0,8.75,1.0],"rotation":0,"texture":"#0","tintindex":0},"north":{"uv":[9.5,0.0,8.75,1.0],"rotation":0,"texture":"#0","tintindex":0},"west":{"uv":[10.75,3.5,9.75,4.5],"rotation":0,"texture":"#0","tintindex":0},"up":{"uv":[9.5,0.0,8.75,1.0],"rotation":0,"texture":"#0","tintindex":0},"down":{"uv":[10.75,3.5,9.75,4.5],"rotation":0,"texture":"#0","tintindex":0}}},{"from":[7.638172,5.2739935,7.2035875],"to":[8.441049,7.058164,7.9797044],"rotation":{"angle":-22.5,"axis":"x","origin":[7.074942,8.422114,5.680854]},"faces":{"east":{"uv":[16.0,3.5,15.25,5.0],"rotation":0,"texture":"#0","tintindex":0},"south":{"uv":[16.0,3.5,15.25,5.0],"rotation":0,"texture":"#0","tintindex":0},"north":{"uv":[16.0,3.5,15.25,5.0],"rotation":0,"texture":"#0","tintindex":0},"west":{"uv":[16.0,3.5,15.25,5.0],"rotation":0,"texture":"#0","tintindex":0},"up":{"uv":[16.0,3.5,15.25,5.0],"rotation":0,"texture":"#0","tintindex":0},"down":{"uv":[16.0,3.5,15.25,5.0],"rotation":0,"texture":"#0","tintindex":0}}}],"display":{"head":{"translation":[0.0,-6.4,0.0],"scale":[4.0,4.0,4.0]}}}