{
    "parent": "item/generated",
    "textures": {
        "layer0": "item/diamond"
    },
	"overrides": [
		{ "predicate": { "custom_model_data": 100}, "model": "fraggle:skills/mining/gems/ruby/eroded_ruby"},
		{ "predicate": { "custom_model_data": 101}, "model": "fraggle:skills/mining/gems/ruby/chipped_ruby"},
		{ "predicate": { "custom_model_data": 102}, "model": "fraggle:skills/mining/gems/ruby/flawed_ruby"},
		{ "predicate": { "custom_model_data": 103}, "model": "fraggle:skills/mining/gems/ruby/normal_ruby"},
		{ "predicate": { "custom_model_data": 104}, "model": "fraggle:skills/mining/gems/ruby/flawless_ruby"},
		{ "predicate": { "custom_model_data": 105}, "model": "fraggle:skills/mining/gems/ruby/perfect_ruby"},
		
		{ "predicate": { "custom_model_data": 110}, "model": "fraggle:skills/mining/gems/sapphire/eroded_sapphire"},
		{ "predicate": { "custom_model_data": 111}, "model": "fraggle:skills/mining/gems/sapphire/chipped_sapphire"},
		{ "predicate": { "custom_model_data": 112}, "model": "fraggle:skills/mining/gems/sapphire/flawed_sapphire"},
		{ "predicate": { "custom_model_data": 113}, "model": "fraggle:skills/mining/gems/sapphire/normal_sapphire"},
		{ "predicate": { "custom_model_data": 114}, "model": "fraggle:skills/mining/gems/sapphire/flawless_sapphire"},
		{ "predicate": { "custom_model_data": 115}, "model": "fraggle:skills/mining/gems/sapphire/perfect_sapphire"},
		
		{ "predicate": { "custom_model_data": 120}, "model": "fraggle:skills/mining/gems/jade/eroded_jade"},
		{ "predicate": { "custom_model_data": 121}, "model": "fraggle:skills/mining/gems/jade/chipped_jade"},
		{ "predicate": { "custom_model_data": 122}, "model": "fraggle:skills/mining/gems/jade/flawed_jade"},
		{ "predicate": { "custom_model_data": 123}, "model": "fraggle:skills/mining/gems/jade/normal_jade"},
		{ "predicate": { "custom_model_data": 124}, "model": "fraggle:skills/mining/gems/jade/flawless_jade"},
		{ "predicate": { "custom_model_data": 125}, "model": "fraggle:skills/mining/gems/jade/perfect_jade"},
		
		{ "predicate": { "custom_model_data": 130}, "model": "fraggle:skills/mining/gems/topaz/eroded_topaz"},
		{ "predicate": { "custom_model_data": 131}, "model": "fraggle:skills/mining/gems/topaz/chipped_topaz"},
		{ "predicate": { "custom_model_data": 132}, "model": "fraggle:skills/mining/gems/topaz/flawed_topaz"},
		{ "predicate": { "custom_model_data": 133}, "model": "fraggle:skills/mining/gems/topaz/normal_topaz"},
		{ "predicate": { "custom_model_data": 134}, "model": "fraggle:skills/mining/gems/topaz/flawless_topaz"},
		{ "predicate": { "custom_model_data": 135}, "model": "fraggle:skills/mining/gems/topaz/perfect_topaz"},
		
		{ "predicate": { "custom_model_data": 140}, "model": "fraggle:skills/mining/gems/opal/eroded_opal"},
		{ "predicate": { "custom_model_data": 141}, "model": "fraggle:skills/mining/gems/opal/chipped_opal"},
		{ "predicate": { "custom_model_data": 142}, "model": "fraggle:skills/mining/gems/opal/flawed_opal"},
		{ "predicate": { "custom_model_data": 143}, "model": "fraggle:skills/mining/gems/opal/normal_opal"},
		{ "predicate": { "custom_model_data": 144}, "model": "fraggle:skills/mining/gems/opal/flawless_opal"},
		{ "predicate": { "custom_model_data": 145}, "model": "fraggle:skills/mining/gems/opal/perfect_opal"},
		
		{ "predicate": { "custom_model_data": 150}, "model": "fraggle:skills/mining/gems/amethyst/eroded_amethyst"},
		{ "predicate": { "custom_model_data": 151}, "model": "fraggle:skills/mining/gems/amethyst/chipped_amethyst"},
		{ "predicate": { "custom_model_data": 152}, "model": "fraggle:skills/mining/gems/amethyst/flawed_amethyst"},
		{ "predicate": { "custom_model_data": 153}, "model": "fraggle:skills/mining/gems/amethyst/normal_amethyst"},
		{ "predicate": { "custom_model_data": 154}, "model": "fraggle:skills/mining/gems/amethyst/flawless_amethyst"},
		{ "predicate": { "custom_model_data": 155}, "model": "fraggle:skills/mining/gems/amethyst/perfect_amethyst"},

		{ "predicate": { "custom_model_data": 1000}, "model": "minecraft:item/diamond" }
	]
}
