{
    "parent": "item/generated",
    "textures": {
        "layer0": "item/gold_ingot"
    },
	"overrides": [
		{ "predicate": { "custom_model_data": 10}, "model": "fraggle:skills/mining/ingots/copper_ingot" },
		{ "predicate": { "custom_model_data": 20}, "model": "fraggle:skills/mining/ingots/iron_ingot" },
		{ "predicate": { "custom_model_data": 30}, "model": "fraggle:skills/mining/ingots/magnium_ingot" },
		{ "predicate": { "custom_model_data": 40}, "model": "fraggle:skills/mining/ingots/cobalt_ingot" },
		{ "predicate": { "custom_model_data": 50}, "model": "fraggle:skills/mining/ingots/onyx_ingot" },
		{ "predicate": { "custom_model_data": 60}, "model": "fraggle:skills/mining/ingots/mithril_ingot" },
		{ "predicate": { "custom_model_data": 70}, "model": "fraggle:skills/mining/ingots/adamantite_ingot" },
		{ "predicate": { "custom_model_data": 80}, "model": "fraggle:skills/mining/ingots/purple_ingot" },
		{ "predicate": { "custom_model_data": 90}, "model": "fraggle:skills/mining/ingots/titanium_ingot" },
		{ "predicate": { "custom_model_data": 100}, "model": "fraggle:skills/mining/ingots/fragonite_ingot" },

		{ "predicate": { "custom_model_data": 1000}, "model": "minecraft:item/gold_ingot" }
	]
}
