{
    "parent": "minecraft:item/generated",
    "textures": {
        "layer0": "minecraft:item/iron_nugget"
    },
	"overrides": [				
		{ "predicate": { "custom_model_data": 10}, "model": "fraggle:skills/mining/ores/copper_ore" },
		
		{ "predicate": { "custom_model_data": 20}, "model": "fraggle:skills/mining/ores/iron_ore" },
		
		{ "predicate": { "custom_model_data": 30}, "model": "fraggle:skills/mining/ores/magnium_ore" },
		
		{ "predicate": { "custom_model_data": 40}, "model": "fraggle:skills/mining/ores/cobalt_ore" },

		{ "predicate": { "custom_model_data": 50}, "model": "fraggle:skills/mining/ores/onyx_ore" },
		
		{ "predicate": { "custom_model_data": 60}, "model": "fraggle:skills/mining/ores/mithril_ore" },
	
		{ "predicate": { "custom_model_data": 70}, "model": "fraggle:skills/mining/ores/adamantite_ore" },
		
		{ "predicate": { "custom_model_data": 80}, "model": "fraggle:skills/mining/ores/purple_ore" },
		
		{ "predicate": { "custom_model_data": 90}, "model": "fraggle:skills/mining/ores/titanium_ore" },
		
		{ "predicate": { "custom_model_data": 100}, "model": "fraggle:skills/mining/ores/fragonite_ore" },
		
		{ "predicate": { "custom_model_data": 101}, "model": "minecraft:item/iron_nugget" }
	]
}
