{
    "parent": "minecraft:item/generated",
    "textures": {
        "layer0": "minecraft:item/stick"
    },
	"overrides": [		
		{ "predicate": { "custom_model_data": 0}, "model": "minecraft:item/stick" },
		
		{ "predicate": { "custom_model_data": 1}, "model": "minecraft:item/stick" },
		{ "predicate": { "custom_model_data": 20}, "model": "fraggle:extra/fun/silents_pipe" },
		{ "predicate": { "custom_model_data": 21}, "model": "minecraft:item/stick" },
		{ "predicate": { "custom_model_data": 69}, "model": "fraggle:extra/fun/ban_hammer" },
		{ "predicate": { "custom_model_data": 70}, "model": "minecraft:item/stick" },
		{ "predicate": { "custom_model_data": 420}, "model": "fraggle:extra/fun/ban_hammer" }
	]
}
