{"parent":"item/generated","textures":{"layer0":"item/tipped_arrow_head","layer1":"item/tipped_arrow_base"},"overrides":[{"predicate":{"custom_model_data":1},"model":"modelengine:elephant/body"},{"predicate":{"custom_model_data":2},"model":"modelengine:elephant/head"},{"predicate":{"custom_model_data":3},"model":"modelengine:elephant/trunktop"},{"predicate":{"custom_model_data":4},"model":"modelengine:elephant/trunkmiddle"},{"predicate":{"custom_model_data":5},"model":"modelengine:elephant/trunkbottom"},{"predicate":{"custom_model_data":6},"model":"modelengine:elephant/tusks"},{"predicate":{"custom_model_data":7},"model":"modelengine:elephant/leftear"},{"predicate":{"custom_model_data":8},"model":"modelengine:elephant/rightear"},{"predicate":{"custom_model_data":9},"model":"modelengine:elephant/leftbackleg"},{"predicate":{"custom_model_data":10},"model":"modelengine:elephant/rightbackleg"},{"predicate":{"custom_model_data":11},"model":"modelengine:elephant/frontrightleg"},{"predicate":{"custom_model_data":12},"model":"modelengine:elephant/frontleftleg"},{"predicate":{"custom_model_data":13},"model":"modelengine:elephant/tail"},{"predicate":{"custom_model_data":14},"model":"modelengine:bichon/left_arm"},{"predicate":{"custom_model_data":15},"model":"modelengine:bichon/left_wrist"},{"predicate":{"custom_model_data":16},"model":"modelengine:bichon/left_hand"},{"predicate":{"custom_model_data":17},"model":"modelengine:bichon/right_arm"},{"predicate":{"custom_model_data":18},"model":"modelengine:bichon/right_wrist"},{"predicate":{"custom_model_data":19},"model":"modelengine:bichon/right_hand"},{"predicate":{"custom_model_data":20},"model":"modelengine:bichon/tail"},{"predicate":{"custom_model_data":21},"model":"modelengine:bichon/neck"},{"predicate":{"custom_model_data":22},"model":"modelengine:bichon/head"},{"predicate":{"custom_model_data":23},"model":"modelengine:bichon/right_eye"},{"predicate":{"custom_model_data":24},"model":"modelengine:bichon/left_eye"},{"predicate":{"custom_model_data":25},"model":"modelengine:bichon/upper_body"},{"predicate":{"custom_model_data":26},"model":"modelengine:bichon/left_foot"},{"predicate":{"custom_model_data":27},"model":"modelengine:bichon/left_ankle"},{"predicate":{"custom_model_data":28},"model":"modelengine:bichon/left_leg"},{"predicate":{"custom_model_data":29},"model":"modelengine:bichon/right_foot"},{"predicate":{"custom_model_data":30},"model":"modelengine:bichon/right_ankle"},{"predicate":{"custom_model_data":31},"model":"modelengine:bichon/right_leg"},{"predicate":{"custom_model_data":32},"model":"modelengine:cat_bowl/bowl"},{"predicate":{"custom_model_data":33},"model":"modelengine:charles_king_spaniel/upper_body"},{"predicate":{"custom_model_data":34},"model":"modelengine:charles_king_spaniel/left_arm"},{"predicate":{"custom_model_data":35},"model":"modelengine:charles_king_spaniel/left_wrist"},{"predicate":{"custom_model_data":36},"model":"modelengine:charles_king_spaniel/left_hand"},{"predicate":{"custom_model_data":37},"model":"modelengine:charles_king_spaniel/right_arm"},{"predicate":{"custom_model_data":38},"model":"modelengine:charles_king_spaniel/right_wrist"},{"predicate":{"custom_model_data":39},"model":"modelengine:charles_king_spaniel/right_hand"},{"predicate":{"custom_model_data":40},"model":"modelengine:charles_king_spaniel/neck"},{"predicate":{"custom_model_data":41},"model":"modelengine:charles_king_spaniel/head"},{"predicate":{"custom_model_data":42},"model":"modelengine:charles_king_spaniel/left_eye"},{"predicate":{"custom_model_data":43},"model":"modelengine:charles_king_spaniel/right_eye"},{"predicate":{"custom_model_data":44},"model":"modelengine:charles_king_spaniel/left_ear"},{"predicate":{"custom_model_data":45},"model":"modelengine:charles_king_spaniel/right_ear"},{"predicate":{"custom_model_data":46},"model":"modelengine:charles_king_spaniel/tail"},{"predicate":{"custom_model_data":47},"model":"modelengine:charles_king_spaniel/left_leg"},{"predicate":{"custom_model_data":48},"model":"modelengine:charles_king_spaniel/left_ankle"},{"predicate":{"custom_model_data":49},"model":"modelengine:charles_king_spaniel/left_foot"},{"predicate":{"custom_model_data":50},"model":"modelengine:charles_king_spaniel/right_leg"},{"predicate":{"custom_model_data":51},"model":"modelengine:charles_king_spaniel/right_ankle"},{"predicate":{"custom_model_data":52},"model":"modelengine:charles_king_spaniel/right_foot"},{"predicate":{"custom_model_data":53},"model":"modelengine:dog_bowl/bowl"},{"predicate":{"custom_model_data":54},"model":"modelengine:goldfish/goldfish"},{"predicate":{"custom_model_data":55},"model":"modelengine:goldfish/tail"},{"predicate":{"custom_model_data":56},"model":"modelengine:goldfish/left_fin"},{"predicate":{"custom_model_data":57},"model":"modelengine:goldfish/right_fin"},{"predicate":{"custom_model_data":58},"model":"modelengine:hamster_bowl/bowl"},{"predicate":{"custom_model_data":59},"model":"modelengine:hamster_brown/head"},{"predicate":{"custom_model_data":60},"model":"modelengine:hamster_brown/left_eye"},{"predicate":{"custom_model_data":61},"model":"modelengine:hamster_brown/right_eye"},{"predicate":{"custom_model_data":62},"model":"modelengine:hamster_brown/upper_body"},{"predicate":{"custom_model_data":63},"model":"modelengine:hamster_brown/left_arm"},{"predicate":{"custom_model_data":64},"model":"modelengine:hamster_brown/right_arm"},{"predicate":{"custom_model_data":65},"model":"modelengine:hamster_brown/left_leg"},{"predicate":{"custom_model_data":66},"model":"modelengine:hamster_brown/right_leg"},{"predicate":{"custom_model_data":67},"model":"modelengine:hamster_gray/head"},{"predicate":{"custom_model_data":68},"model":"modelengine:hamster_gray/left_eye"},{"predicate":{"custom_model_data":69},"model":"modelengine:hamster_gray/right_eye"},{"predicate":{"custom_model_data":70},"model":"modelengine:hamster_gray/upper_body"},{"predicate":{"custom_model_data":71},"model":"modelengine:hamster_gray/left_arm"},{"predicate":{"custom_model_data":72},"model":"modelengine:hamster_gray/right_arm"},{"predicate":{"custom_model_data":73},"model":"modelengine:hamster_gray/left_leg"},{"predicate":{"custom_model_data":74},"model":"modelengine:hamster_gray/right_leg"},{"predicate":{"custom_model_data":75},"model":"modelengine:nocsy_otter_v2/body"},{"predicate":{"custom_model_data":76},"model":"modelengine:nocsy_otter_v2/tail"},{"predicate":{"custom_model_data":77},"model":"modelengine:nocsy_otter_v2/head"},{"predicate":{"custom_model_data":78},"model":"modelengine:nocsy_otter_v2/front_leg_left"},{"predicate":{"custom_model_data":79},"model":"modelengine:nocsy_otter_v2/front_leg_right"},{"predicate":{"custom_model_data":80},"model":"modelengine:nocsy_otter_v2/back_leg_left"},{"predicate":{"custom_model_data":81},"model":"modelengine:nocsy_otter_v2/back_leg_right"},{"predicate":{"custom_model_data":82},"model":"modelengine:parakeet_blue/upper_body"},{"predicate":{"custom_model_data":83},"model":"modelengine:parakeet_blue/left_wing"},{"predicate":{"custom_model_data":84},"model":"modelengine:parakeet_blue/right_wing"},{"predicate":{"custom_model_data":85},"model":"modelengine:parakeet_blue/head"},{"predicate":{"custom_model_data":86},"model":"modelengine:parakeet_blue/tail"},{"predicate":{"custom_model_data":87},"model":"modelengine:parakeet_blue/left_leg"},{"predicate":{"custom_model_data":88},"model":"modelengine:parakeet_blue/left_foot"},{"predicate":{"custom_model_data":89},"model":"modelengine:parakeet_blue/right_leg"},{"predicate":{"custom_model_data":90},"model":"modelengine:parakeet_blue/right_foot"},{"predicate":{"custom_model_data":91},"model":"modelengine:parakeet_green/upper_body"},{"predicate":{"custom_model_data":92},"model":"modelengine:parakeet_green/left_wing"},{"predicate":{"custom_model_data":93},"model":"modelengine:parakeet_green/right_wing"},{"predicate":{"custom_model_data":94},"model":"modelengine:parakeet_green/head"},{"predicate":{"custom_model_data":95},"model":"modelengine:parakeet_green/tail"},{"predicate":{"custom_model_data":96},"model":"modelengine:parakeet_green/left_leg"},{"predicate":{"custom_model_data":97},"model":"modelengine:parakeet_green/left_foot"},{"predicate":{"custom_model_data":98},"model":"modelengine:parakeet_green/right_leg"},{"predicate":{"custom_model_data":99},"model":"modelengine:parakeet_green/right_foot"},{"predicate":{"custom_model_data":100},"model":"modelengine:persian_cat/upper_body"},{"predicate":{"custom_model_data":101},"model":"modelengine:persian_cat/left_hand"},{"predicate":{"custom_model_data":102},"model":"modelengine:persian_cat/left_wrist"},{"predicate":{"custom_model_data":103},"model":"modelengine:persian_cat/left_arm"},{"predicate":{"custom_model_data":104},"model":"modelengine:persian_cat/right_hand"},{"predicate":{"custom_model_data":105},"model":"modelengine:persian_cat/right_wrist"},{"predicate":{"custom_model_data":106},"model":"modelengine:persian_cat/right_arm"},{"predicate":{"custom_model_data":107},"model":"modelengine:persian_cat/tail"},{"predicate":{"custom_model_data":108},"model":"modelengine:persian_cat/head"},{"predicate":{"custom_model_data":109},"model":"modelengine:persian_cat/left_eye"},{"predicate":{"custom_model_data":110},"model":"modelengine:persian_cat/right_eye"},{"predicate":{"custom_model_data":111},"model":"modelengine:persian_cat/neck"},{"predicate":{"custom_model_data":112},"model":"modelengine:persian_cat/left_leg"},{"predicate":{"custom_model_data":113},"model":"modelengine:persian_cat/left_ankle"},{"predicate":{"custom_model_data":114},"model":"modelengine:persian_cat/left_foot"},{"predicate":{"custom_model_data":115},"model":"modelengine:persian_cat/right_leg"},{"predicate":{"custom_model_data":116},"model":"modelengine:persian_cat/right_ankle"},{"predicate":{"custom_model_data":117},"model":"modelengine:persian_cat/right_foot"},{"predicate":{"custom_model_data":118},"model":"modelengine:shihtzu/upper_body"},{"predicate":{"custom_model_data":119},"model":"modelengine:shihtzu/left_arm"},{"predicate":{"custom_model_data":120},"model":"modelengine:shihtzu/left_wrist"},{"predicate":{"custom_model_data":121},"model":"modelengine:shihtzu/left_hand"},{"predicate":{"custom_model_data":122},"model":"modelengine:shihtzu/right_arm"},{"predicate":{"custom_model_data":123},"model":"modelengine:shihtzu/right_wrist"},{"predicate":{"custom_model_data":124},"model":"modelengine:shihtzu/right_hand"},{"predicate":{"custom_model_data":125},"model":"modelengine:shihtzu/neck"},{"predicate":{"custom_model_data":126},"model":"modelengine:shihtzu/head"},{"predicate":{"custom_model_data":127},"model":"modelengine:shihtzu/left_eye"},{"predicate":{"custom_model_data":128},"model":"modelengine:shihtzu/right_eye"},{"predicate":{"custom_model_data":129},"model":"modelengine:shihtzu/left_ear"},{"predicate":{"custom_model_data":130},"model":"modelengine:shihtzu/right_ear"},{"predicate":{"custom_model_data":131},"model":"modelengine:shihtzu/tail"},{"predicate":{"custom_model_data":132},"model":"modelengine:shihtzu/left_foot"},{"predicate":{"custom_model_data":133},"model":"modelengine:shihtzu/left_ankle"},{"predicate":{"custom_model_data":134},"model":"modelengine:shihtzu/left_leg"},{"predicate":{"custom_model_data":135},"model":"modelengine:shihtzu/right_foot"},{"predicate":{"custom_model_data":136},"model":"modelengine:shihtzu/right_ankle"},{"predicate":{"custom_model_data":137},"model":"modelengine:shihtzu/right_leg"},{"predicate":{"custom_model_data":1000},"model":"modelengine:asianelephant/torso"},{"predicate":{"custom_model_data":1001},"model":"modelengine:asianelephant/tail"},{"predicate":{"custom_model_data":1002},"model":"modelengine:asianelephant/head"},{"predicate":{"custom_model_data":1003},"model":"modelengine:asianelephant/nose"},{"predicate":{"custom_model_data":1004},"model":"modelengine:asianelephant/nose2"},{"predicate":{"custom_model_data":1005},"model":"modelengine:asianelephant/rightear"},{"predicate":{"custom_model_data":1006},"model":"modelengine:asianelephant/leftear"},{"predicate":{"custom_model_data":1007},"model":"modelengine:asianelephant/right_arm"},{"predicate":{"custom_model_data":1008},"model":"modelengine:asianelephant/lower_rightarm"},{"predicate":{"custom_model_data":1009},"model":"modelengine:asianelephant/left_arm"},{"predicate":{"custom_model_data":1010},"model":"modelengine:asianelephant/lower_leftarm"},{"predicate":{"custom_model_data":1011},"model":"modelengine:asianelephant/left_leg"},{"predicate":{"custom_model_data":1012},"model":"modelengine:asianelephant/lower_leftleg"},{"predicate":{"custom_model_data":1013},"model":"modelengine:asianelephant/right_leg"},{"predicate":{"custom_model_data":1014},"model":"modelengine:asianelephant/lower_rightleg"},{"predicate":{"custom_model_data":1015},"model":"modelengine:babyasianelephant/torso"},{"predicate":{"custom_model_data":1016},"model":"modelengine:babyasianelephant/tail"},{"predicate":{"custom_model_data":1017},"model":"modelengine:babyasianelephant/head"},{"predicate":{"custom_model_data":1018},"model":"modelengine:babyasianelephant/nose"},{"predicate":{"custom_model_data":1019},"model":"modelengine:babyasianelephant/nose2"},{"predicate":{"custom_model_data":1020},"model":"modelengine:babyasianelephant/rightear"},{"predicate":{"custom_model_data":1021},"model":"modelengine:babyasianelephant/leftear"},{"predicate":{"custom_model_data":1022},"model":"modelengine:babyasianelephant/right_arm"},{"predicate":{"custom_model_data":1023},"model":"modelengine:babyasianelephant/lower_rightarm"},{"predicate":{"custom_model_data":1024},"model":"modelengine:babyasianelephant/left_arm"},{"predicate":{"custom_model_data":1025},"model":"modelengine:babyasianelephant/lower_leftarm"},{"predicate":{"custom_model_data":1026},"model":"modelengine:babyasianelephant/right_leg"},{"predicate":{"custom_model_data":1027},"model":"modelengine:babyasianelephant/lower_rightleg"},{"predicate":{"custom_model_data":1028},"model":"modelengine:babyasianelephant/left_leg"},{"predicate":{"custom_model_data":1029},"model":"modelengine:babyasianelephant/lower_leftleg"},{"predicate":{"custom_model_data":1030},"model":"modelengine:babyelephant/torso"},{"predicate":{"custom_model_data":1031},"model":"modelengine:babyelephant/tail"},{"predicate":{"custom_model_data":1032},"model":"modelengine:babyelephant/head"},{"predicate":{"custom_model_data":1033},"model":"modelengine:babyelephant/nose"},{"predicate":{"custom_model_data":1034},"model":"modelengine:babyelephant/nose2"},{"predicate":{"custom_model_data":1035},"model":"modelengine:babyelephant/rightear"},{"predicate":{"custom_model_data":1036},"model":"modelengine:babyelephant/leftear"},{"predicate":{"custom_model_data":1037},"model":"modelengine:babyelephant/right_arm"},{"predicate":{"custom_model_data":1038},"model":"modelengine:babyelephant/lower_rightarm"},{"predicate":{"custom_model_data":1039},"model":"modelengine:babyelephant/left_arm"},{"predicate":{"custom_model_data":1040},"model":"modelengine:babyelephant/lower_leftarm"},{"predicate":{"custom_model_data":1041},"model":"modelengine:babyelephant/right_leg"},{"predicate":{"custom_model_data":1042},"model":"modelengine:babyelephant/lower_rightleg"},{"predicate":{"custom_model_data":1043},"model":"modelengine:babyelephant/left_leg"},{"predicate":{"custom_model_data":1044},"model":"modelengine:babyelephant/lower_leftleg"},{"predicate":{"custom_model_data":1045},"model":"modelengine:babymammoth/torso"},{"predicate":{"custom_model_data":1046},"model":"modelengine:babymammoth/tail"},{"predicate":{"custom_model_data":1047},"model":"modelengine:babymammoth/head"},{"predicate":{"custom_model_data":1048},"model":"modelengine:babymammoth/nose"},{"predicate":{"custom_model_data":1049},"model":"modelengine:babymammoth/nose2"},{"predicate":{"custom_model_data":1050},"model":"modelengine:babymammoth/rightear"},{"predicate":{"custom_model_data":1051},"model":"modelengine:babymammoth/leftear"},{"predicate":{"custom_model_data":1052},"model":"modelengine:babymammoth/right_arm"},{"predicate":{"custom_model_data":1053},"model":"modelengine:babymammoth/lower_rightarm"},{"predicate":{"custom_model_data":1054},"model":"modelengine:babymammoth/left_arm"},{"predicate":{"custom_model_data":1055},"model":"modelengine:babymammoth/lower_leftarm"},{"predicate":{"custom_model_data":1056},"model":"modelengine:babymammoth/left_leg"},{"predicate":{"custom_model_data":1057},"model":"modelengine:babymammoth/lower_leftleg"},{"predicate":{"custom_model_data":1058},"model":"modelengine:babymammoth/right_leg"},{"predicate":{"custom_model_data":1059},"model":"modelengine:babymammoth/lower_rightleg"},{"predicate":{"custom_model_data":1060},"model":"modelengine:elephant/torso"},{"predicate":{"custom_model_data":1061},"model":"modelengine:elephant/tail"},{"predicate":{"custom_model_data":1062},"model":"modelengine:elephant/head"},{"predicate":{"custom_model_data":1063},"model":"modelengine:elephant/nose"},{"predicate":{"custom_model_data":1064},"model":"modelengine:elephant/nose2"},{"predicate":{"custom_model_data":1065},"model":"modelengine:elephant/rightear"},{"predicate":{"custom_model_data":1066},"model":"modelengine:elephant/leftear"},{"predicate":{"custom_model_data":1067},"model":"modelengine:elephant/right_arm"},{"predicate":{"custom_model_data":1068},"model":"modelengine:elephant/lower_rightarm"},{"predicate":{"custom_model_data":1069},"model":"modelengine:elephant/left_arm"},{"predicate":{"custom_model_data":1070},"model":"modelengine:elephant/lower_leftarm"},{"predicate":{"custom_model_data":1071},"model":"modelengine:elephant/left_leg"},{"predicate":{"custom_model_data":1072},"model":"modelengine:elephant/lower_leftleg"},{"predicate":{"custom_model_data":1073},"model":"modelengine:elephant/right_leg"},{"predicate":{"custom_model_data":1074},"model":"modelengine:elephant/lower_rightleg"},{"predicate":{"custom_model_data":1075},"model":"modelengine:mammoth/torso"},{"predicate":{"custom_model_data":1076},"model":"modelengine:mammoth/tail"},{"predicate":{"custom_model_data":1077},"model":"modelengine:mammoth/head"},{"predicate":{"custom_model_data":1078},"model":"modelengine:mammoth/nose"},{"predicate":{"custom_model_data":1079},"model":"modelengine:mammoth/nose2"},{"predicate":{"custom_model_data":1080},"model":"modelengine:mammoth/rightear"},{"predicate":{"custom_model_data":1081},"model":"modelengine:mammoth/leftear"},{"predicate":{"custom_model_data":1082},"model":"modelengine:mammoth/right_arm"},{"predicate":{"custom_model_data":1083},"model":"modelengine:mammoth/lower_rightarm"},{"predicate":{"custom_model_data":1084},"model":"modelengine:mammoth/left_arm"},{"predicate":{"custom_model_data":1085},"model":"modelengine:mammoth/lower_leftarm"},{"predicate":{"custom_model_data":1086},"model":"modelengine:mammoth/left_leg"},{"predicate":{"custom_model_data":1087},"model":"modelengine:mammoth/lower_leftleg"},{"predicate":{"custom_model_data":1088},"model":"modelengine:mammoth/right_leg"},{"predicate":{"custom_model_data":1089},"model":"modelengine:mammoth/lower_rightleg"},{"predicate":{"custom_model_data":1090},"model":"modelengine:saddled_asianelephant/torso"},{"predicate":{"custom_model_data":1091},"model":"modelengine:saddled_asianelephant/saddle"},{"predicate":{"custom_model_data":1092},"model":"modelengine:saddled_asianelephant/fish"},{"predicate":{"custom_model_data":1093},"model":"modelengine:saddled_asianelephant/tail"},{"predicate":{"custom_model_data":1094},"model":"modelengine:saddled_asianelephant/head"},{"predicate":{"custom_model_data":1095},"model":"modelengine:saddled_asianelephant/nose"},{"predicate":{"custom_model_data":1096},"model":"modelengine:saddled_asianelephant/nose2"},{"predicate":{"custom_model_data":1097},"model":"modelengine:saddled_asianelephant/rightear"},{"predicate":{"custom_model_data":1098},"model":"modelengine:saddled_asianelephant/leftear"},{"predicate":{"custom_model_data":1099},"model":"modelengine:saddled_asianelephant/right_arm"},{"predicate":{"custom_model_data":1100},"model":"modelengine:saddled_asianelephant/lower_rightarm"},{"predicate":{"custom_model_data":1101},"model":"modelengine:saddled_asianelephant/left_arm"},{"predicate":{"custom_model_data":1102},"model":"modelengine:saddled_asianelephant/lower_leftarm"},{"predicate":{"custom_model_data":1103},"model":"modelengine:saddled_asianelephant/left_leg"},{"predicate":{"custom_model_data":1104},"model":"modelengine:saddled_asianelephant/lower_leftleg"},{"predicate":{"custom_model_data":1105},"model":"modelengine:saddled_asianelephant/right_leg"},{"predicate":{"custom_model_data":1106},"model":"modelengine:saddled_asianelephant/lower_rightleg"},{"predicate":{"custom_model_data":1107},"model":"modelengine:saddled_elephant/torso"},{"predicate":{"custom_model_data":1108},"model":"modelengine:saddled_elephant/saddle"},{"predicate":{"custom_model_data":1109},"model":"modelengine:saddled_elephant/fish"},{"predicate":{"custom_model_data":1110},"model":"modelengine:saddled_elephant/tail"},{"predicate":{"custom_model_data":1111},"model":"modelengine:saddled_elephant/head"},{"predicate":{"custom_model_data":1112},"model":"modelengine:saddled_elephant/nose"},{"predicate":{"custom_model_data":1113},"model":"modelengine:saddled_elephant/nose2"},{"predicate":{"custom_model_data":1114},"model":"modelengine:saddled_elephant/rightear"},{"predicate":{"custom_model_data":1115},"model":"modelengine:saddled_elephant/leftear"},{"predicate":{"custom_model_data":1116},"model":"modelengine:saddled_elephant/right_arm"},{"predicate":{"custom_model_data":1117},"model":"modelengine:saddled_elephant/lower_rightarm"},{"predicate":{"custom_model_data":1118},"model":"modelengine:saddled_elephant/left_arm"},{"predicate":{"custom_model_data":1119},"model":"modelengine:saddled_elephant/lower_leftarm"},{"predicate":{"custom_model_data":1120},"model":"modelengine:saddled_elephant/left_leg"},{"predicate":{"custom_model_data":1121},"model":"modelengine:saddled_elephant/lower_leftleg"},{"predicate":{"custom_model_data":1122},"model":"modelengine:saddled_elephant/right_leg"},{"predicate":{"custom_model_data":1123},"model":"modelengine:saddled_elephant/lower_rightleg"},{"predicate":{"custom_model_data":1124},"model":"modelengine:saddled_mammoth/saddle"},{"predicate":{"custom_model_data":1125},"model":"modelengine:saddled_mammoth/fish"},{"predicate":{"custom_model_data":1126},"model":"modelengine:saddled_mammoth/torso"},{"predicate":{"custom_model_data":1127},"model":"modelengine:saddled_mammoth/tail"},{"predicate":{"custom_model_data":1128},"model":"modelengine:saddled_mammoth/head"},{"predicate":{"custom_model_data":1129},"model":"modelengine:saddled_mammoth/nose"},{"predicate":{"custom_model_data":1130},"model":"modelengine:saddled_mammoth/nose2"},{"predicate":{"custom_model_data":1131},"model":"modelengine:saddled_mammoth/rightear"},{"predicate":{"custom_model_data":1132},"model":"modelengine:saddled_mammoth/leftear"},{"predicate":{"custom_model_data":1133},"model":"modelengine:saddled_mammoth/right_arm"},{"predicate":{"custom_model_data":1134},"model":"modelengine:saddled_mammoth/lower_rightarm"},{"predicate":{"custom_model_data":1135},"model":"modelengine:saddled_mammoth/left_arm"},{"predicate":{"custom_model_data":1136},"model":"modelengine:saddled_mammoth/lower_leftarm"},{"predicate":{"custom_model_data":1137},"model":"modelengine:saddled_mammoth/left_leg"},{"predicate":{"custom_model_data":1138},"model":"modelengine:saddled_mammoth/lower_leftleg"},{"predicate":{"custom_model_data":1139},"model":"modelengine:saddled_mammoth/right_leg"},{"predicate":{"custom_model_data":1140},"model":"modelengine:saddled_mammoth/lower_rightleg"},{"predicate":{"custom_model_data":2000},"model":"modelengine:babygazelle/torso"},{"predicate":{"custom_model_data":2001},"model":"modelengine:babygazelle/neck"},{"predicate":{"custom_model_data":2002},"model":"modelengine:babygazelle/head"},{"predicate":{"custom_model_data":2003},"model":"modelengine:babygazelle/leftleg"},{"predicate":{"custom_model_data":2004},"model":"modelengine:babygazelle/leftleg_low"},{"predicate":{"custom_model_data":2005},"model":"modelengine:babygazelle/rightleg"},{"predicate":{"custom_model_data":2006},"model":"modelengine:babygazelle/rightleg_low"},{"predicate":{"custom_model_data":2007},"model":"modelengine:babygazelle/leftarm"},{"predicate":{"custom_model_data":2008},"model":"modelengine:babygazelle/leftarm_low"},{"predicate":{"custom_model_data":2009},"model":"modelengine:babygazelle/rightarm"},{"predicate":{"custom_model_data":2010},"model":"modelengine:babygazelle/rightarm_low"},{"predicate":{"custom_model_data":2011},"model":"modelengine:babygiraffe/torso"},{"predicate":{"custom_model_data":2012},"model":"modelengine:babygiraffe/neck"},{"predicate":{"custom_model_data":2013},"model":"modelengine:babygiraffe/head"},{"predicate":{"custom_model_data":2014},"model":"modelengine:babygiraffe/leftleg"},{"predicate":{"custom_model_data":2015},"model":"modelengine:babygiraffe/leftleg_low"},{"predicate":{"custom_model_data":2016},"model":"modelengine:babygiraffe/rightleg"},{"predicate":{"custom_model_data":2017},"model":"modelengine:babygiraffe/rightleg_low"},{"predicate":{"custom_model_data":2018},"model":"modelengine:babygiraffe/leftarm"},{"predicate":{"custom_model_data":2019},"model":"modelengine:babygiraffe/leftarm_low"},{"predicate":{"custom_model_data":2020},"model":"modelengine:babygiraffe/rightarm"},{"predicate":{"custom_model_data":2021},"model":"modelengine:babygiraffe/rightarm_low"},{"predicate":{"custom_model_data":2022},"model":"modelengine:babygiraffe/tail"},{"predicate":{"custom_model_data":2023},"model":"modelengine:babyrhino/torso"},{"predicate":{"custom_model_data":2024},"model":"modelengine:babyrhino/head"},{"predicate":{"custom_model_data":2025},"model":"modelengine:babyrhino/tail"},{"predicate":{"custom_model_data":2026},"model":"modelengine:babyrhino/left_arm"},{"predicate":{"custom_model_data":2027},"model":"modelengine:babyrhino/lower_leftarm"},{"predicate":{"custom_model_data":2028},"model":"modelengine:babyrhino/right_arm"},{"predicate":{"custom_model_data":2029},"model":"modelengine:babyrhino/lower_rightarm"},{"predicate":{"custom_model_data":2030},"model":"modelengine:babyrhino/left_leg"},{"predicate":{"custom_model_data":2031},"model":"modelengine:babyrhino/lower_leftleg"},{"predicate":{"custom_model_data":2032},"model":"modelengine:babyrhino/right_leg"},{"predicate":{"custom_model_data":2033},"model":"modelengine:babyrhino/lower_rightleg"},{"predicate":{"custom_model_data":2034},"model":"modelengine:babyzebra/torso"},{"predicate":{"custom_model_data":2035},"model":"modelengine:babyzebra/neck"},{"predicate":{"custom_model_data":2036},"model":"modelengine:babyzebra/head"},{"predicate":{"custom_model_data":2037},"model":"modelengine:babyzebra/leftleg"},{"predicate":{"custom_model_data":2038},"model":"modelengine:babyzebra/leftleg_low"},{"predicate":{"custom_model_data":2039},"model":"modelengine:babyzebra/rightleg"},{"predicate":{"custom_model_data":2040},"model":"modelengine:babyzebra/rightleg_low"},{"predicate":{"custom_model_data":2041},"model":"modelengine:babyzebra/leftarm"},{"predicate":{"custom_model_data":2042},"model":"modelengine:babyzebra/leftarm_low"},{"predicate":{"custom_model_data":2043},"model":"modelengine:babyzebra/rightarm"},{"predicate":{"custom_model_data":2044},"model":"modelengine:babyzebra/rightarm_low"},{"predicate":{"custom_model_data":2045},"model":"modelengine:babyzebra/tail"},{"predicate":{"custom_model_data":2046},"model":"modelengine:cheetah/torso"},{"predicate":{"custom_model_data":2047},"model":"modelengine:cheetah/neck"},{"predicate":{"custom_model_data":2048},"model":"modelengine:cheetah/yaw"},{"predicate":{"custom_model_data":2049},"model":"modelengine:cheetah/head"},{"predicate":{"custom_model_data":2050},"model":"modelengine:cheetah/tail"},{"predicate":{"custom_model_data":2051},"model":"modelengine:cheetah/rightarm"},{"predicate":{"custom_model_data":2052},"model":"modelengine:cheetah/rightarm_low"},{"predicate":{"custom_model_data":2053},"model":"modelengine:cheetah/leftarm"},{"predicate":{"custom_model_data":2054},"model":"modelengine:cheetah/leftarm_low"},{"predicate":{"custom_model_data":2055},"model":"modelengine:cheetah/rightleg"},{"predicate":{"custom_model_data":2056},"model":"modelengine:cheetah/rightleg_low"},{"predicate":{"custom_model_data":2057},"model":"modelengine:cheetah/leftleg"},{"predicate":{"custom_model_data":2058},"model":"modelengine:cheetah/leftleg_low"},{"predicate":{"custom_model_data":2059},"model":"modelengine:gazelle/torso"},{"predicate":{"custom_model_data":2060},"model":"modelengine:gazelle/neck"},{"predicate":{"custom_model_data":2061},"model":"modelengine:gazelle/head"},{"predicate":{"custom_model_data":2062},"model":"modelengine:gazelle/leftleg"},{"predicate":{"custom_model_data":2063},"model":"modelengine:gazelle/leftleg_low"},{"predicate":{"custom_model_data":2064},"model":"modelengine:gazelle/rightleg"},{"predicate":{"custom_model_data":2065},"model":"modelengine:gazelle/rightleg_low"},{"predicate":{"custom_model_data":2066},"model":"modelengine:gazelle/leftarm"},{"predicate":{"custom_model_data":2067},"model":"modelengine:gazelle/leftarm_low"},{"predicate":{"custom_model_data":2068},"model":"modelengine:gazelle/rightarm"},{"predicate":{"custom_model_data":2069},"model":"modelengine:gazelle/rightarm_low"},{"predicate":{"custom_model_data":2070},"model":"modelengine:giraffe/torso"},{"predicate":{"custom_model_data":2071},"model":"modelengine:giraffe/neck"},{"predicate":{"custom_model_data":2072},"model":"modelengine:giraffe/head"},{"predicate":{"custom_model_data":2073},"model":"modelengine:giraffe/leftleg"},{"predicate":{"custom_model_data":2074},"model":"modelengine:giraffe/leftleg_low"},{"predicate":{"custom_model_data":2075},"model":"modelengine:giraffe/rightleg"},{"predicate":{"custom_model_data":2076},"model":"modelengine:giraffe/rightleg_low"},{"predicate":{"custom_model_data":2077},"model":"modelengine:giraffe/leftarm"},{"predicate":{"custom_model_data":2078},"model":"modelengine:giraffe/leftarm_low"},{"predicate":{"custom_model_data":2079},"model":"modelengine:giraffe/rightarm"},{"predicate":{"custom_model_data":2080},"model":"modelengine:giraffe/rightarm_low"},{"predicate":{"custom_model_data":2081},"model":"modelengine:giraffe/tail"},{"predicate":{"custom_model_data":2082},"model":"modelengine:lion/torso"},{"predicate":{"custom_model_data":2083},"model":"modelengine:lion/head"},{"predicate":{"custom_model_data":2084},"model":"modelengine:lion/yaw"},{"predicate":{"custom_model_data":2085},"model":"modelengine:lion/tail"},{"predicate":{"custom_model_data":2086},"model":"modelengine:lion/rightarm"},{"predicate":{"custom_model_data":2087},"model":"modelengine:lion/rightarm_low"},{"predicate":{"custom_model_data":2088},"model":"modelengine:lion/leftarm"},{"predicate":{"custom_model_data":2089},"model":"modelengine:lion/leftarm_low"},{"predicate":{"custom_model_data":2090},"model":"modelengine:lion/rightleg"},{"predicate":{"custom_model_data":2091},"model":"modelengine:lion/rightleg_low"},{"predicate":{"custom_model_data":2092},"model":"modelengine:lion/leftleg"},{"predicate":{"custom_model_data":2093},"model":"modelengine:lion/leftleg_low"},{"predicate":{"custom_model_data":2094},"model":"modelengine:lioncub/torso"},{"predicate":{"custom_model_data":2095},"model":"modelengine:lioncub/head"},{"predicate":{"custom_model_data":2096},"model":"modelengine:lioncub/yaw"},{"predicate":{"custom_model_data":2097},"model":"modelengine:lioncub/neck"},{"predicate":{"custom_model_data":2098},"model":"modelengine:lioncub/tail"},{"predicate":{"custom_model_data":2099},"model":"modelengine:lioncub/rightarm"},{"predicate":{"custom_model_data":2100},"model":"modelengine:lioncub/rightarm_low"},{"predicate":{"custom_model_data":2101},"model":"modelengine:lioncub/leftarm"},{"predicate":{"custom_model_data":2102},"model":"modelengine:lioncub/leftarm_low"},{"predicate":{"custom_model_data":2103},"model":"modelengine:lioncub/rightleg"},{"predicate":{"custom_model_data":2104},"model":"modelengine:lioncub/rightleg_low"},{"predicate":{"custom_model_data":2105},"model":"modelengine:lioncub/leftleg"},{"predicate":{"custom_model_data":2106},"model":"modelengine:lioncub/leftleg_low"},{"predicate":{"custom_model_data":2107},"model":"modelengine:lioness/torso"},{"predicate":{"custom_model_data":2108},"model":"modelengine:lioness/head"},{"predicate":{"custom_model_data":2109},"model":"modelengine:lioness/yaw"},{"predicate":{"custom_model_data":2110},"model":"modelengine:lioness/neck"},{"predicate":{"custom_model_data":2111},"model":"modelengine:lioness/tail"},{"predicate":{"custom_model_data":2112},"model":"modelengine:lioness/rightarm"},{"predicate":{"custom_model_data":2113},"model":"modelengine:lioness/rightarm_low"},{"predicate":{"custom_model_data":2114},"model":"modelengine:lioness/leftarm"},{"predicate":{"custom_model_data":2115},"model":"modelengine:lioness/leftarm_low"},{"predicate":{"custom_model_data":2116},"model":"modelengine:lioness/rightleg"},{"predicate":{"custom_model_data":2117},"model":"modelengine:lioness/rightleg_low"},{"predicate":{"custom_model_data":2118},"model":"modelengine:lioness/leftleg"},{"predicate":{"custom_model_data":2119},"model":"modelengine:lioness/leftleg_low"},{"predicate":{"custom_model_data":2120},"model":"modelengine:rhino/torso"},{"predicate":{"custom_model_data":2121},"model":"modelengine:rhino/head"},{"predicate":{"custom_model_data":2122},"model":"modelengine:rhino/tail"},{"predicate":{"custom_model_data":2123},"model":"modelengine:rhino/left_arm"},{"predicate":{"custom_model_data":2124},"model":"modelengine:rhino/lower_leftarm"},{"predicate":{"custom_model_data":2125},"model":"modelengine:rhino/right_arm"},{"predicate":{"custom_model_data":2126},"model":"modelengine:rhino/lower_rightarm"},{"predicate":{"custom_model_data":2127},"model":"modelengine:rhino/right_leg"},{"predicate":{"custom_model_data":2128},"model":"modelengine:rhino/lower_rightleg"},{"predicate":{"custom_model_data":2129},"model":"modelengine:rhino/left_leg"},{"predicate":{"custom_model_data":2130},"model":"modelengine:rhino/lower_leftleg"},{"predicate":{"custom_model_data":2131},"model":"modelengine:wilddog/torso"},{"predicate":{"custom_model_data":2132},"model":"modelengine:wilddog/leftleg"},{"predicate":{"custom_model_data":2133},"model":"modelengine:wilddog/leftleg_low"},{"predicate":{"custom_model_data":2134},"model":"modelengine:wilddog/rightleg"},{"predicate":{"custom_model_data":2135},"model":"modelengine:wilddog/rightleg_low"},{"predicate":{"custom_model_data":2136},"model":"modelengine:wilddog/leftarm"},{"predicate":{"custom_model_data":2137},"model":"modelengine:wilddog/leftarm_low"},{"predicate":{"custom_model_data":2138},"model":"modelengine:wilddog/rightarm"},{"predicate":{"custom_model_data":2139},"model":"modelengine:wilddog/rightarm_low"},{"predicate":{"custom_model_data":2140},"model":"modelengine:wilddog/head"},{"predicate":{"custom_model_data":2141},"model":"modelengine:wilddog/yaw"},{"predicate":{"custom_model_data":2142},"model":"modelengine:wilddog/tail"},{"predicate":{"custom_model_data":2143},"model":"modelengine:zebra/torso"},{"predicate":{"custom_model_data":2144},"model":"modelengine:zebra/neck"},{"predicate":{"custom_model_data":2145},"model":"modelengine:zebra/head"},{"predicate":{"custom_model_data":2146},"model":"modelengine:zebra/leftleg"},{"predicate":{"custom_model_data":2147},"model":"modelengine:zebra/leftleg_low"},{"predicate":{"custom_model_data":2148},"model":"modelengine:zebra/rightleg"},{"predicate":{"custom_model_data":2149},"model":"modelengine:zebra/rightleg_low"},{"predicate":{"custom_model_data":2150},"model":"modelengine:zebra/leftarm"},{"predicate":{"custom_model_data":2151},"model":"modelengine:zebra/leftarm_low"},{"predicate":{"custom_model_data":2152},"model":"modelengine:zebra/rightarm"},{"predicate":{"custom_model_data":2153},"model":"modelengine:zebra/rightarm_low"},{"predicate":{"custom_model_data":2154},"model":"modelengine:zebra/tail"}]}