{"textures":{"0":"modelengine:entity/lion"},"elements":[{"from":[6.8,5.337143,6.857143],"to":[10.228572,9.851429,10.971429],"rotation":{"angle":-22.5,"axis":"x","origin":[6.1714287,4.5142856,6.5142856]},"faces":{"east":{"uv":[3.25,7.375,4.125,8.375],"rotation":0,"texture":"#0","tintindex":0},"south":{"uv":[1.75,8.5,2.5,9.5],"rotation":0,"texture":"#0","tintindex":0},"north":{"uv":[6.75,8.0,7.5,9.0],"rotation":0,"texture":"#0","tintindex":0},"west":{"uv":[7.375,3.25,8.25,4.25],"rotation":0,"texture":"#0","tintindex":0},"up":{"uv":[5.125,10.375,4.375,9.5],"rotation":0,"texture":"#0","tintindex":0},"down":{"uv":[8.0,9.625,7.25,10.5],"rotation":0,"texture":"#0","tintindex":0}}},{"from":[6.857143,6.9714284,8.571428],"to":[9.885715,11.142858,10.342857],"rotation":{"angle":0.0,"axis":"y","origin":[11.142858,3.7142854,6.457143]},"faces":{"east":{"uv":[9.75,12.375,10.125,13.25],"rotation":0,"texture":"#0","tintindex":0},"south":{"uv":[6.25,11.25,6.875,12.125],"rotation":0,"texture":"#0","tintindex":0},"north":{"uv":[11.25,1.25,11.875,2.125],"rotation":0,"texture":"#0","tintindex":0},"west":{"uv":[12.375,11.125,12.75,12.0],"rotation":0,"texture":"#0","tintindex":0},"up":{"uv":[13.5,2.125,12.875,1.75],"rotation":0,"texture":"#0","tintindex":0},"down":{"uv":[13.5,2.125,12.875,2.5],"rotation":0,"texture":"#0","tintindex":0}}}],"display":{"head":{"translation":[0.0,-6.4,0.0],"scale":[4.0,4.0,4.0]}}}