{"textures":{"0":"modelengine:entity/goldfish"},"elements":[{"from":[7.428571,8.036619,6.384524],"to":[8.571428,8.036619,8.098809],"rotation":{"angle":22.5,"axis":"x","origin":[8.0,8.258565,7.9977565]},"faces":{"east":{"uv":[11.032,4.032,13.968,4.032],"rotation":0,"texture":"#0","tintindex":0},"south":{"uv":[11.032,5.032,12.968,5.032],"rotation":0,"texture":"#0","tintindex":0},"north":{"uv":[4.032,11.032,5.968,11.032],"rotation":0,"texture":"#0","tintindex":0},"west":{"uv":[11.032,6.032,13.968,6.032],"rotation":0,"texture":"#0","tintindex":0},"up":{"uv":[7.968,2.968,6.032,0.032],"rotation":0,"texture":"#0","tintindex":0},"down":{"uv":[7.968,0.032,6.032,2.968],"rotation":0,"texture":"#0","tintindex":0}}}],"display":{"head":{"translation":[0.0,-6.4,0.0],"scale":[4.0,4.0,4.0]}}}