{"textures":{"0":"modelengine:entity/giraffe"},"elements":[{"from":[9.388504,6.9329753,4.681923],"to":[10.738868,7.9377704,5.972432],"rotation":{"angle":0.0,"axis":"y","origin":[8.222596,-8.11941,12.24065]},"faces":{"east":{"uv":[0.0,6.625,0.125,6.6875],"rotation":0,"texture":"#0","tintindex":0},"south":{"uv":[3.0625,0.6875,3.1875,0.8125],"rotation":0,"texture":"#0","tintindex":0},"north":{"uv":[7.8125,7.4375,8.0,7.625],"rotation":0,"texture":"#0","tintindex":0},"west":{"uv":[0.0,6.625,0.125,6.6875],"rotation":0,"texture":"#0","tintindex":0},"up":{"uv":[4.375,5.3125,4.25,5.1875],"rotation":0,"texture":"#0","tintindex":0},"down":{"uv":[1.5625,6.1875,1.4375,6.3125],"rotation":0,"texture":"#0","tintindex":0}}},{"from":[8.623379,10.995306,8.147371],"to":[10.035135,12.267594,9.4179735],"rotation":{"angle":-22.5,"axis":"x","origin":[8.155268,11.5520315,8.747806]},"faces":{"east":{"uv":[1.4375,7.5625,1.5625,7.6875],"rotation":0,"texture":"#0","tintindex":0},"south":{"uv":[6.5,7.5625,6.625,7.6875],"rotation":0,"texture":"#0","tintindex":0},"north":{"uv":[4.875,7.5,5.0,7.625],"rotation":0,"texture":"#0","tintindex":0},"west":{"uv":[4.875,7.625,5.0,7.75],"rotation":0,"texture":"#0","tintindex":0},"up":{"uv":[5.3125,7.75,5.1875,7.625],"rotation":0,"texture":"#0","tintindex":0},"down":{"uv":[7.75,5.25,7.625,5.375],"rotation":0,"texture":"#0","tintindex":0}}},{"from":[5.111966,7.9377704,4.3132057],"to":[6.771192,8.223485,5.972432],"rotation":{"angle":0.0,"axis":"y","origin":[8.222596,-8.11941,12.24065]},"faces":{"east":{"uv":[4.0625,1.1875,4.375,1.25],"rotation":0,"texture":"#0","tintindex":0},"south":{"uv":[4.0625,1.1875,4.375,1.25],"rotation":0,"texture":"#0","tintindex":0},"north":{"uv":[4.0625,1.1875,4.375,1.25],"rotation":0,"texture":"#0","tintindex":0},"west":{"uv":[4.0625,1.1875,4.375,1.25],"rotation":0,"texture":"#0","tintindex":0},"up":{"uv":[4.0625,1.1875,4.375,1.25],"rotation":0,"texture":"#0","tintindex":0},"down":{"uv":[4.0625,1.1875,4.375,1.25],"rotation":0,"texture":"#0","tintindex":0}}},{"from":[6.418258,9.089861,7.6726065],"to":[7.5443,11.647863,8.943209],"rotation":{"angle":22.5,"axis":"x","origin":[8.155268,10.833996,8.914204]},"faces":{"east":{"uv":[1.5,2.1875,1.625,2.4375],"rotation":0,"texture":"#0","tintindex":0},"south":{"uv":[1.375,2.8125,1.5,3.0625],"rotation":0,"texture":"#0","tintindex":0},"north":{"uv":[1.5,1.9375,1.625,2.1875],"rotation":0,"texture":"#0","tintindex":0},"west":{"uv":[1.375,3.0625,1.5,3.3125],"rotation":0,"texture":"#0","tintindex":0},"up":{"uv":[7.0625,5.9375,6.9375,5.8125],"rotation":0,"texture":"#0","tintindex":0},"down":{"uv":[7.0625,5.9375,6.9375,6.0625],"rotation":0,"texture":"#0","tintindex":0}}},{"from":[8.766236,9.020126,7.742341],"to":[9.892278,11.57813,9.012943],"rotation":{"angle":22.5,"axis":"x","origin":[8.155268,10.833996,8.914204]},"faces":{"east":{"uv":[0.75,3.5,0.875,3.75],"rotation":0,"texture":"#0","tintindex":0},"south":{"uv":[0.75,3.75,0.875,4.0],"rotation":0,"texture":"#0","tintindex":0},"north":{"uv":[3.0,3.375,3.125,3.625],"rotation":0,"texture":"#0","tintindex":0},"west":{"uv":[3.875,4.5,4.0,4.75],"rotation":0,"texture":"#0","tintindex":0},"up":{"uv":[7.0625,6.1875,6.9375,6.0625],"rotation":0,"texture":"#0","tintindex":0},"down":{"uv":[3.625,7.0625,3.5,7.1875],"rotation":0,"texture":"#0","tintindex":0}}},{"from":[5.204145,8.223485,4.4975643],"to":[6.8633714,9.145277,8.553451],"rotation":{"angle":0.0,"axis":"y","origin":[8.222596,-8.11941,12.24065]},"faces":{"east":{"uv":[5.8125,3.125,6.25,3.25],"rotation":0,"texture":"#0","tintindex":0},"south":{"uv":[5.0,5.75,5.1875,5.875],"rotation":0,"texture":"#0","tintindex":0},"north":{"uv":[4.6875,0.5625,4.875,0.6875],"rotation":0,"texture":"#0","tintindex":0},"west":{"uv":[7.3125,2.5625,7.75,2.6875],"rotation":0,"texture":"#0","tintindex":0},"up":{"uv":[5.375,7.625,5.1875,7.1875],"rotation":0,"texture":"#0","tintindex":0},"down":{"uv":[0.625,7.25,0.4375,7.6875],"rotation":0,"texture":"#0","tintindex":0}}},{"from":[9.200177,4.7008615,4.4975643],"to":[11.103617,6.9329753,8.553451],"rotation":{"angle":0.0,"axis":"y","origin":[8.222596,-8.11941,12.24065]},"faces":{"east":{"uv":[6.9375,5.3125,7.375,5.5625],"rotation":0,"texture":"#0","tintindex":0},"south":{"uv":[7.5,0.625,7.6875,0.875],"rotation":0,"texture":"#0","tintindex":0},"north":{"uv":[7.5,0.375,7.6875,0.625],"rotation":0,"texture":"#0","tintindex":0},"west":{"uv":[6.9375,5.5625,7.375,5.8125],"rotation":0,"texture":"#0","tintindex":0},"up":{"uv":[2.5,7.6875,2.3125,7.25],"rotation":0,"texture":"#0","tintindex":0},"down":{"uv":[4.875,7.25,4.6875,7.6875],"rotation":0,"texture":"#0","tintindex":0}}},{"from":[5.5728617,4.167598,4.8662815],"to":[10.7348995,8.960918,9.413054],"rotation":{"angle":0.0,"axis":"y","origin":[8.222596,-8.11941,12.24065]},"faces":{"east":{"uv":[5.9375,5.8125,6.4375,6.3125],"rotation":0,"texture":"#0","tintindex":0},"south":{"uv":[3.125,2.4375,4.0,3.125],"rotation":0,"texture":"#0","tintindex":0},"north":{"uv":[5.25,2.75,5.8125,3.25],"rotation":0,"texture":"#0","tintindex":0},"west":{"uv":[3.125,2.4375,4.0,3.125],"rotation":0,"texture":"#0","tintindex":0},"up":{"uv":[1.5625,6.1875,1.0,5.6875],"rotation":0,"texture":"#0","tintindex":0},"down":{"uv":[6.25,3.25,5.6875,3.75],"rotation":0,"texture":"#0","tintindex":0}}},{"from":[8.519407,6.922128,3.9676156],"to":[10.21744,10.1056595,5.809927],"rotation":{"angle":22.5,"axis":"x","origin":[11.084255,2.1129546,6.9320946]},"faces":{"east":{"uv":[7.3125,5.8125,7.5,6.1875],"rotation":0,"texture":"#0","tintindex":0},"south":{"uv":[7.3125,6.1875,7.5,6.5625],"rotation":0,"texture":"#0","tintindex":0},"north":{"uv":[5.5625,7.3125,5.75,7.6875],"rotation":0,"texture":"#0","tintindex":0},"west":{"uv":[7.3125,6.5625,7.5,6.9375],"rotation":0,"texture":"#0","tintindex":0},"up":{"uv":[6.8125,7.6875,6.625,7.5],"rotation":0,"texture":"#0","tintindex":0},"down":{"uv":[7.6875,6.6875,7.5,6.875],"rotation":0,"texture":"#0","tintindex":0}}},{"from":[5.5313606,6.9329753,4.681923],"to":[6.8817244,7.9377704,5.972432],"rotation":{"angle":0.0,"axis":"y","origin":[8.222596,-8.11941,12.24065]},"faces":{"east":{"uv":[0.0,6.625,0.125,6.6875],"rotation":0,"texture":"#0","tintindex":0},"south":{"uv":[3.0625,0.6875,3.1875,0.8125],"rotation":0,"texture":"#0","tintindex":0},"north":{"uv":[7.8125,7.4375,8.0,7.625],"rotation":0,"texture":"#0","tintindex":0},"west":{"uv":[0.0,6.625,0.125,6.6875],"rotation":0,"texture":"#0","tintindex":0},"up":{"uv":[4.375,5.3125,4.25,5.1875],"rotation":0,"texture":"#0","tintindex":0},"down":{"uv":[1.5625,6.1875,1.4375,6.3125],"rotation":0,"texture":"#0","tintindex":0}}},{"from":[7.071024,7.0016875,0.47868633],"to":[9.236738,8.482,2.3775759],"rotation":{"angle":-45.0,"axis":"x","origin":[8.153881,5.9561296,3.4995599]},"faces":{"east":{"uv":[7.5,7.4375,7.6875,7.625],"rotation":0,"texture":"#0","tintindex":0},"south":{"uv":[1.0,7.5,1.25,7.6875],"rotation":0,"texture":"#0","tintindex":0},"north":{"uv":[6.4375,4.125,6.6875,4.3125],"rotation":0,"texture":"#0","tintindex":0},"west":{"uv":[1.25,7.5625,1.4375,7.75],"rotation":0,"texture":"#0","tintindex":0},"up":{"uv":[7.75,1.9375,7.5,1.75],"rotation":0,"texture":"#0","tintindex":0},"down":{"uv":[7.75,1.9375,7.5,2.125],"rotation":0,"texture":"#0","tintindex":0}}},{"from":[6.0930963,7.020747,3.9676156],"to":[7.7911286,10.204279,5.809927],"rotation":{"angle":22.5,"axis":"x","origin":[8.372231,2.2115736,6.9320946]},"faces":{"east":{"uv":[2.875,7.3125,3.0625,7.6875],"rotation":0,"texture":"#0","tintindex":0},"south":{"uv":[3.0625,7.3125,3.25,7.6875],"rotation":0,"texture":"#0","tintindex":0},"north":{"uv":[2.6875,7.3125,2.875,7.6875],"rotation":0,"texture":"#0","tintindex":0},"west":{"uv":[5.375,7.3125,5.5625,7.6875],"rotation":0,"texture":"#0","tintindex":0},"up":{"uv":[7.6875,6.5,7.5,6.3125],"rotation":0,"texture":"#0","tintindex":0},"down":{"uv":[7.6875,6.5,7.5,6.6875],"rotation":0,"texture":"#0","tintindex":0}}},{"from":[5.204145,6.9329753,5.972432],"to":[11.103617,8.223485,8.553451],"rotation":{"angle":0.0,"axis":"y","origin":[8.222596,-8.11941,12.24065]},"faces":{"east":{"uv":[7.5,2.125,7.8125,2.25],"rotation":0,"texture":"#0","tintindex":0},"south":{"uv":[7.0625,2.8125,7.6875,2.9375],"rotation":0,"texture":"#0","tintindex":0},"north":{"uv":[7.0625,2.6875,7.6875,2.8125],"rotation":0,"texture":"#0","tintindex":0},"west":{"uv":[7.5,2.25,7.8125,2.375],"rotation":0,"texture":"#0","tintindex":0},"up":{"uv":[3.8125,1.6875,3.1875,1.375],"rotation":0,"texture":"#0","tintindex":0},"down":{"uv":[7.3125,2.9375,6.6875,3.25],"rotation":0,"texture":"#0","tintindex":0}}},{"from":[7.071024,3.7589707,5.6108766],"to":[9.236738,7.5249987,8.366909],"rotation":{"angle":-22.5,"axis":"x","origin":[8.153881,-0.3858986,3.376306]},"faces":{"east":{"uv":[6.0,2.125,6.3125,2.5625],"rotation":0,"texture":"#0","tintindex":0},"south":{"uv":[7.0625,5.8125,7.3125,6.25],"rotation":0,"texture":"#0","tintindex":0},"north":{"uv":[7.0625,2.25,7.3125,2.6875],"rotation":0,"texture":"#0","tintindex":0},"west":{"uv":[4.6875,6.8125,5.0,7.25],"rotation":0,"texture":"#0","tintindex":0},"up":{"uv":[6.375,7.5625,6.125,7.25],"rotation":0,"texture":"#0","tintindex":0},"down":{"uv":[6.625,7.25,6.375,7.5625],"rotation":0,"texture":"#0","tintindex":0}}},{"from":[6.417039,6.4976697,7.2153726],"to":[8.764583,10.21342,7.9528065],"rotation":{"angle":-45.0,"axis":"z","origin":[10.090304,4.0190773,6.904934]},"faces":{"east":{"uv":[4.25,4.75,4.3125,5.1875],"rotation":0,"texture":"#0","tintindex":0},"south":{"uv":[4.1875,6.9375,4.4375,7.375],"rotation":0,"texture":"#0","tintindex":0},"north":{"uv":[6.9375,3.6875,7.1875,4.125],"rotation":0,"texture":"#0","tintindex":0},"west":{"uv":[4.3125,4.75,4.375,5.1875],"rotation":0,"texture":"#0","tintindex":0},"up":{"uv":[3.4375,1.75,3.1875,1.6875],"rotation":0,"texture":"#0","tintindex":0},"down":{"uv":[3.6875,1.6875,3.4375,1.75],"rotation":0,"texture":"#0","tintindex":0}}},{"from":[9.53657,7.9377704,4.3132057],"to":[11.195796,8.223485,5.972432],"rotation":{"angle":0.0,"axis":"y","origin":[8.222596,-8.11941,12.24065]},"faces":{"east":{"uv":[4.0625,1.1875,4.375,1.25],"rotation":0,"texture":"#0","tintindex":0},"south":{"uv":[4.0625,1.1875,4.375,1.25],"rotation":0,"texture":"#0","tintindex":0},"north":{"uv":[4.0625,1.1875,4.375,1.25],"rotation":0,"texture":"#0","tintindex":0},"west":{"uv":[4.0625,1.1875,4.375,1.25],"rotation":0,"texture":"#0","tintindex":0},"up":{"uv":[4.0625,1.1875,4.375,1.25],"rotation":0,"texture":"#0","tintindex":0},"down":{"uv":[4.0625,1.1875,4.375,1.25],"rotation":0,"texture":"#0","tintindex":0}}},{"from":[7.5431786,6.4976697,7.2153726],"to":[9.890722,10.21342,7.9528065],"rotation":{"angle":45.0,"axis":"z","origin":[6.217457,4.0190773,6.904934]},"faces":{"east":{"uv":[1.0,5.1875,1.0625,5.625],"rotation":0,"texture":"#0","tintindex":0},"south":{"uv":[7.0625,1.8125,7.3125,2.25],"rotation":0,"texture":"#0","tintindex":0},"north":{"uv":[4.4375,6.9375,4.6875,7.375],"rotation":0,"texture":"#0","tintindex":0},"west":{"uv":[1.0625,5.1875,1.125,5.625],"rotation":0,"texture":"#0","tintindex":0},"up":{"uv":[6.25,2.625,6.0,2.5625],"rotation":0,"texture":"#0","tintindex":0},"down":{"uv":[7.1875,0.9375,6.9375,1.0],"rotation":0,"texture":"#0","tintindex":0}}},{"from":[6.8866653,3.27521,0.26551008],"to":[9.421096,4.441866,2.385633],"rotation":{"angle":0.0,"axis":"y","origin":[8.222596,-8.262266,11.341346]},"faces":{"east":{"uv":[7.0625,7.5625,7.3125,7.6875],"rotation":0,"texture":"#0","tintindex":0},"south":{"uv":[1.8125,7.625,2.0625,7.75],"rotation":0,"texture":"#0","tintindex":0},"north":{"uv":[6.4375,6.1875,6.6875,6.3125],"rotation":0,"texture":"#0","tintindex":0},"west":{"uv":[3.25,7.625,3.5,7.75],"rotation":0,"texture":"#0","tintindex":0},"up":{"uv":[7.625,7.1875,7.375,6.9375],"rotation":0,"texture":"#0","tintindex":0},"down":{"uv":[7.625,7.1875,7.375,7.4375],"rotation":0,"texture":"#0","tintindex":0}}},{"from":[5.204145,4.7008615,4.4975643],"to":[7.0062284,6.9329753,8.553451],"rotation":{"angle":0.0,"axis":"y","origin":[8.222596,-8.11941,12.24065]},"faces":{"east":{"uv":[6.75,5.0625,7.1875,5.3125],"rotation":0,"texture":"#0","tintindex":0},"south":{"uv":[0.1875,7.5,0.375,7.75],"rotation":0,"texture":"#0","tintindex":0},"north":{"uv":[0.8125,7.375,1.0,7.625],"rotation":0,"texture":"#0","tintindex":0},"west":{"uv":[5.0,6.9375,5.4375,7.1875],"rotation":0,"texture":"#0","tintindex":0},"up":{"uv":[7.4375,1.8125,7.25,1.375],"rotation":0,"texture":"#0","tintindex":0},"down":{"uv":[2.3125,7.25,2.125,7.6875],"rotation":0,"texture":"#0","tintindex":0}}},{"from":[6.8860054,4.476196,-0.47235394],"to":[9.421756,5.622705,2.3292456],"rotation":{"angle":0.0,"axis":"y","origin":[8.153881,5.7637362,1.1427317]},"faces":{"east":{"uv":[7.5,2.375,7.8125,2.5],"rotation":0,"texture":"#0","tintindex":0},"south":{"uv":[4.4375,7.625,4.6875,7.75],"rotation":0,"texture":"#0","tintindex":0},"north":{"uv":[4.1875,7.625,4.4375,7.75],"rotation":0,"texture":"#0","tintindex":0},"west":{"uv":[7.5,3.9375,7.8125,4.0625],"rotation":0,"texture":"#0","tintindex":0},"up":{"uv":[3.875,5.625,3.625,5.3125],"rotation":0,"texture":"#0","tintindex":0},"down":{"uv":[7.4375,4.9375,7.1875,5.25],"rotation":0,"texture":"#0","tintindex":0}}},{"from":[9.44439,8.223485,4.4975643],"to":[11.103617,9.145277,8.553451],"rotation":{"angle":0.0,"axis":"y","origin":[8.222596,-8.11941,12.24065]},"faces":{"east":{"uv":[7.0625,7.4375,7.5,7.5625],"rotation":0,"texture":"#0","tintindex":0},"south":{"uv":[0.8125,7.625,1.0,7.75],"rotation":0,"texture":"#0","tintindex":0},"north":{"uv":[7.3125,7.5625,7.5,7.6875],"rotation":0,"texture":"#0","tintindex":0},"west":{"uv":[7.5,0.25,7.9375,0.375],"rotation":0,"texture":"#0","tintindex":0},"up":{"uv":[0.8125,7.6875,0.625,7.25],"rotation":0,"texture":"#0","tintindex":0},"down":{"uv":[7.4375,0.9375,7.25,1.375],"rotation":0,"texture":"#0","tintindex":0}}},{"from":[6.275401,11.122183,8.077638],"to":[7.687157,12.394472,9.34824],"rotation":{"angle":-22.5,"axis":"x","origin":[8.155268,11.5520315,8.747806]},"faces":{"east":{"uv":[2.125,7.125,2.25,7.25],"rotation":0,"texture":"#0","tintindex":0},"south":{"uv":[5.375,7.1875,5.5,7.3125],"rotation":0,"texture":"#0","tintindex":0},"north":{"uv":[6.125,7.0625,6.25,7.1875],"rotation":0,"texture":"#0","tintindex":0},"west":{"uv":[4.875,7.25,5.0,7.375],"rotation":0,"texture":"#0","tintindex":0},"up":{"uv":[5.875,7.4375,5.75,7.3125],"rotation":0,"texture":"#0","tintindex":0},"down":{"uv":[5.0,7.375,4.875,7.5],"rotation":0,"texture":"#0","tintindex":0}}},{"from":[7.213881,3.7589707,3.8965907],"to":[9.093881,7.2392845,5.79548],"rotation":{"angle":-22.5,"axis":"x","origin":[8.153881,-0.3858986,3.376306]},"faces":{"east":{"uv":[7.3125,1.8125,7.5,2.1875],"rotation":0,"texture":"#0","tintindex":0},"south":{"uv":[7.3125,2.1875,7.5,2.5625],"rotation":0,"texture":"#0","tintindex":0},"north":{"uv":[3.8125,1.375,4.0,1.75],"rotation":0,"texture":"#0","tintindex":0},"west":{"uv":[2.5,7.3125,2.6875,7.6875],"rotation":0,"texture":"#0","tintindex":0},"up":{"uv":[6.625,2.125,6.4375,1.9375],"rotation":0,"texture":"#0","tintindex":0},"down":{"uv":[5.9375,7.5,5.75,7.6875],"rotation":0,"texture":"#0","tintindex":0}}}],"display":{"head":{"translation":[0.0,-6.4,0.0],"scale":[4.0,4.0,4.0]}}}