{"textures":{"0":"modelengine:entity/gazelle"},"elements":[{"from":[7.5658545,6.7039213,7.319101],"to":[8.234919,8.220467,8.079159],"rotation":{"angle":-22.5,"axis":"x","origin":[8.74219,8.458217,8.471541]},"faces":{"east":{"uv":[16.0,3.5,15.25,5.0],"rotation":0,"texture":"#0","tintindex":0},"south":{"uv":[16.0,3.5,15.25,5.0],"rotation":0,"texture":"#0","tintindex":0},"north":{"uv":[16.0,3.5,15.25,5.0],"rotation":0,"texture":"#0","tintindex":0},"west":{"uv":[16.0,3.5,15.25,5.0],"rotation":0,"texture":"#0","tintindex":0},"up":{"uv":[16.0,3.5,15.25,5.0],"rotation":0,"texture":"#0","tintindex":0},"down":{"uv":[16.0,3.5,15.25,5.0],"rotation":0,"texture":"#0","tintindex":0}}},{"from":[7.5212502,7.4558063,7.7877846],"to":[8.190314,8.481705,8.815469],"rotation":{"angle":22.5,"axis":"x","origin":[8.74219,8.458217,8.471541]},"faces":{"east":{"uv":[8.75,3.5,7.75,4.5],"rotation":0,"texture":"#0","tintindex":0},"south":{"uv":[8.75,3.5,7.75,4.5],"rotation":0,"texture":"#0","tintindex":0},"north":{"uv":[9.5,0.0,8.75,1.0],"rotation":0,"texture":"#0","tintindex":0},"west":{"uv":[9.5,0.0,8.75,1.0],"rotation":0,"texture":"#0","tintindex":0},"up":{"uv":[8.75,3.5,7.75,4.5],"rotation":0,"texture":"#0","tintindex":0},"down":{"uv":[8.75,3.5,7.75,4.5],"rotation":0,"texture":"#0","tintindex":0}}}],"display":{"head":{"translation":[0.0,-6.4,0.0],"scale":[4.0,4.0,4.0]}}}