{
	"credit": "Made with Blockbench",
	"textures": {
		"2": "fraggle:hats/summer/410"
	},
	"elements": [
		{
			"from": [-2, 5, 0],
			"to": [7, 6, 1],
			"rotation": {"angle": 0, "axis": "y", "origin": [1, 5, 0]},
			"faces": {
				"north": {"uv": [7, 0, 16, 1], "texture": "#2"},
				"east": {"uv": [2, 10, 3, 11], "texture": "#2"},
				"south": {"uv": [7, 1, 16, 2], "texture": "#2"},
				"west": {"uv": [3, 10, 4, 11], "texture": "#2"},
				"up": {"uv": [16, 3, 7, 2], "texture": "#2"},
				"down": {"uv": [16, 3, 7, 4], "texture": "#2"}
			}
		},
		{
			"from": [6.5, 4, 0],
			"to": [9.5, 5, 1],
			"rotation": {"angle": 0, "axis": "y", "origin": [10.5, 4, 0]},
			"faces": {
				"north": {"uv": [9, 6, 12, 7], "texture": "#2"},
				"east": {"uv": [4, 10, 5, 11], "texture": "#2"},
				"south": {"uv": [9, 7, 12, 8], "texture": "#2"},
				"west": {"uv": [5, 10, 6, 11], "texture": "#2"},
				"up": {"uv": [12, 9, 9, 8], "texture": "#2"},
				"down": {"uv": [12, 9, 9, 10], "texture": "#2"}
			}
		},
		{
			"from": [0, 0, 0.5],
			"to": [7, 5, 0.5],
			"rotation": {"angle": 0, "axis": "y", "origin": [1, 4, 0.5]},
			"faces": {
				"north": {"uv": [0, 5, 7, 10], "texture": "#2"},
				"east": {"uv": [0, 0, 0, 5], "texture": "#2"},
				"south": {"uv": [7, 5, 0, 10], "texture": "#2"},
				"west": {"uv": [0, 0, 0, 5], "texture": "#2"},
				"up": {"uv": [7, 0, 0, 0], "texture": "#2"},
				"down": {"uv": [7, 0, 0, 0], "texture": "#2"}
			}
		},
		{
			"from": [9, 0, 0.5],
			"to": [16, 5, 0.5],
			"rotation": {"angle": 0, "axis": "y", "origin": [10, 4, 0.5]},
			"faces": {
				"north": {"uv": [0, 5, 7, 10], "texture": "#2"},
				"east": {"uv": [0, 0, 0, 5], "texture": "#2"},
				"south": {"uv": [7, 5, 0, 10], "texture": "#2"},
				"west": {"uv": [0, 0, 0, 5], "texture": "#2"},
				"up": {"uv": [7, 0, 0, 0], "texture": "#2"},
				"down": {"uv": [7, 0, 0, 0], "texture": "#2"}
			}
		},
		{
			"from": [-1, 4, 0],
			"to": [0, 5, 7],
			"rotation": {"angle": 0, "axis": "y", "origin": [2, 4, 1]},
			"faces": {
				"north": {"uv": [0, 10, 1, 11], "texture": "#2"},
				"east": {"uv": [7, 4, 14, 5], "texture": "#2"},
				"south": {"uv": [1, 10, 2, 11], "texture": "#2"},
				"west": {"uv": [7, 5, 14, 6], "texture": "#2"},
				"up": {"uv": [8, 13, 7, 6], "texture": "#2"},
				"down": {"uv": [9, 6, 8, 13], "texture": "#2"}
			}
		},
		{
			"from": [9, 5, 0],
			"to": [18, 6, 1],
			"rotation": {"angle": 0, "axis": "y", "origin": [15, 5, 0]},
			"faces": {
				"north": {"uv": [16, 0, 7, 1], "texture": "#2"},
				"east": {"uv": [4, 10, 3, 11], "texture": "#2"},
				"south": {"uv": [16, 1, 7, 2], "texture": "#2"},
				"west": {"uv": [3, 10, 2, 11], "texture": "#2"},
				"up": {"uv": [7, 3, 16, 2], "texture": "#2"},
				"down": {"uv": [7, 3, 16, 4], "texture": "#2"}
			}
		},
		{
			"from": [16, 4, 0],
			"to": [17, 5, 7],
			"rotation": {"angle": 0, "axis": "y", "origin": [14, 4, 1]},
			"faces": {
				"north": {"uv": [1, 10, 0, 11], "texture": "#2"},
				"east": {"uv": [14, 5, 7, 6], "texture": "#2"},
				"south": {"uv": [2, 10, 1, 11], "texture": "#2"},
				"west": {"uv": [14, 4, 7, 5], "texture": "#2"},
				"up": {"uv": [7, 13, 8, 6], "texture": "#2"},
				"down": {"uv": [8, 6, 9, 13], "texture": "#2"}
			}
		}
	],
	"gui_light": "front",
	"display": {
		"thirdperson_righthand": {
			"rotation": [69, 0, 0],
			"translation": [0, -0.25, 2.25],
			"scale": [0.4, 0.4, 0.4]
		},
		"thirdperson_lefthand": {
			"rotation": [69, 0, 0],
			"translation": [0, -0.25, 2.25],
			"scale": [0.4, 0.4, 0.4]
		},
		"firstperson_righthand": {
			"rotation": [8, 0, 0],
			"translation": [10.75, 0.25, -5.75],
			"scale": [0.5, 0.5, 0.5]
		},
		"firstperson_lefthand": {
			"rotation": [8, 0, 0],
			"translation": [10.75, 0.25, -5.75],
			"scale": [0.5, 0.5, 0.5]
		},
		"ground": {
			"translation": [0, 3.5, 1.75],
			"scale": [0.4, 0.4, 0.4]
		},
		"gui": {
			"rotation": [25, -145, 0],
			"translation": [-2.25, 4, 0],
			"scale": [0.8, 0.8, 0.8]
		},
		"head": {
			"translation": [0, 2.25, -0.5]
		},
		"fixed": {
			"translation": [0, 5.25, -1.5]
		}
	}
}