{
	"credit": "Made with Blockbench",
	"textures": {
		"0": "house_pets_texture/hamster_bowl",
		"particle": "house_pets_texture/hamster_bowl"
	},
	"elements": [
		{
			"from": [3.88, -0.06, 3.88],
			"to": [12.12, 4.06, 12.12],
			"rotation": {"angle": 0, "axis": "y", "origin": [8, 2, 8]},
			"faces": {
				"north": {"uv": [5, 0, 9, 2], "texture": "#0"},
				"east": {"uv": [5, 3, 9, 5], "texture": "#0"},
				"south": {"uv": [5, 6, 9, 8], "texture": "#0"},
				"west": {"uv": [5, 9, 9, 11], "texture": "#0"},
				"up": {"uv": [4, 4, 0, 0], "texture": "#0"},
				"down": {"uv": [4, 5, 0, 9], "texture": "#0"}
			}
		}
	],
	"gui_light": "front",
	"display": {
		"thirdperson_righthand": {
			"translation": [0, 6, 0]
		},
		"thirdperson_lefthand": {
			"translation": [0, 6, 0]
		},
		"firstperson_righthand": {
			"translation": [2.25, 6, 0]
		},
		"firstperson_lefthand": {
			"translation": [2.25, 6, 0]
		},
		"ground": {
			"translation": [0, 6.5, 0]
		},
		"gui": {
			"rotation": [24, 37, 0],
			"translation": [0, 5, 0]
		},
		"fixed": {
			"rotation": [-89, 0, 0],
			"translation": [0, 0, -7.5]
		}
	}
}