{
  "parent": "minecraft:item/generated",
  "textures": {
    "layer0": "fraggle:extra/fun/ban_hammer"
  },
	"display": {
		"thirdperson_righthand": {
			"rotation": [0, -90, 55],
			"translation": [0, 20, -4],
			"scale": [3.86, 3.86, 3.86]
		},
		"thirdperson_lefthand": {
			"rotation": [0, 90, -55],
			"translation": [0, 1.5, 0.5],
			"scale": [0.2, 0.2, 0.2]
		},
		"head": {
			"rotation": [180, 0, 180],
			"translation": [-4.5, -14.75, 7.75],
			"scale": [4, 4, 4]
		},
		"fixed": {
			"translation": [0, 0, -3],
			"scale": [4, 4, 4]
		},
		"ground": {
			"rotation": [90, 0, 0],
			"translation": [0, -4.5, 0],
			"scale": [4, 4, 4]
		}
	}
}