{"textures":{"0":"modelengine:entity/lion"},"elements":[{"from":[6.173714,5.5634284,6.1377144],"to":[9.88,10.451428,12.341715],"rotation":{"angle":0.0,"axis":"y","origin":[5.582857,4.865143,11.052571]},"faces":{"east":{"uv":[4.125,0.0,5.625,1.125],"rotation":0,"texture":"#0","tintindex":0},"south":{"uv":[6.375,3.5,7.375,4.625],"rotation":0,"texture":"#0","tintindex":0},"north":{"uv":[5.75,5.875,6.75,7.0],"rotation":0,"texture":"#0","tintindex":0},"west":{"uv":[4.125,1.125,5.625,2.25],"rotation":0,"texture":"#0","tintindex":0},"up":{"uv":[4.75,6.375,3.75,4.875],"rotation":0,"texture":"#0","tintindex":0},"down":{"uv":[5.75,4.875,4.75,6.375],"rotation":0,"texture":"#0","tintindex":0}}},{"from":[5.609714,4.9725714,0.47085714],"to":[10.282857,10.290286,5.8422856],"rotation":{"angle":22.5,"axis":"x","origin":[4.884571,4.3817143,7.4537144]},"faces":{"east":{"uv":[2.125,7.5,3.0,8.5],"rotation":0,"texture":"#0","tintindex":0},"south":{"uv":[1.375,5.375,2.5,6.625],"rotation":0,"texture":"#0","tintindex":0},"north":{"uv":[6.875,10.5,7.625,11.25],"rotation":0,"texture":"#0","tintindex":0},"west":{"uv":[2.125,7.5,3.0,8.5],"rotation":0,"texture":"#0","tintindex":0},"up":{"uv":[2.125,7.5,3.0,8.5],"rotation":0,"texture":"#0","tintindex":0},"down":{"uv":[5.75,4.875,4.75,6.375],"rotation":0,"texture":"#0","tintindex":0}}},{"from":[6.173714,5.940995,11.005264],"to":[9.826286,10.291852,13.046408],"rotation":{"angle":0.0,"axis":"y","origin":[7.489714,7.659852,10.57555]},"faces":{"east":{"uv":[0.75,11.5,1.25,12.5],"rotation":0,"texture":"#0","tintindex":0},"south":{"uv":[6.625,7.0,7.5,8.0],"rotation":0,"texture":"#0","tintindex":0},"north":{"uv":[5.75,7.0,6.625,8.0],"rotation":0,"texture":"#0","tintindex":0},"west":{"uv":[10.25,11.5,10.75,12.5],"rotation":0,"texture":"#0","tintindex":0},"up":{"uv":[7.625,2.25,6.75,1.75],"rotation":0,"texture":"#0","tintindex":0},"down":{"uv":[3.625,11.875,2.75,12.375],"rotation":0,"texture":"#0","tintindex":0}}}],"display":{"head":{"translation":[0.0,-6.4,0.0],"scale":[4.0,4.0,4.0]}}}