{
	"credit": "Made by Larkyy",
	"parent": "pirate_hat",
	"texture_size": [64, 64],
	"textures": {
		"0": "fraggle:hats/pirate_hat",
		"particle": "fraggle:hats/pirate_hat"
	},
	"elements": [
		{
			"from": [2.999, -0.001, 2.999],
			"to": [13.001, 3.001, 13.001],
			"faces": {
				"north": {"uv": [6.5, 4, 9, 4.75], "texture": "#0"},
				"east": {"uv": [7, 2.75, 9.5, 3.5], "texture": "#0"},
				"south": {"uv": [6.5, 4, 9, 4.75], "texture": "#0"},
				"west": {"uv": [7, 2.75, 9.5, 3.5], "texture": "#0"},
				"up": {"uv": [2.5, 2.5, 0, 0], "texture": "#0"},
				"down": {"uv": [2.5, 2.5, 0, 5], "texture": "#0"}
			}
		},
		{
			"from": [4, 3, 3],
			"to": [12, 6, 13],
			"faces": {
				"north": {"uv": [9, 4.25, 11, 5], "texture": "#0"},
				"east": {"uv": [7, 5.5, 9.5, 6.25], "texture": "#0"},
				"south": {"uv": [9, 4.25, 11, 5], "texture": "#0"},
				"west": {"uv": [7, 5.5, 9.5, 6.25], "texture": "#0"},
				"up": {"uv": [4.5, 2.5, 2.5, 0], "texture": "#0"},
				"down": {"uv": [4.5, 2.5, 2.5, 5], "texture": "#0"}
			}
		},
		{
			"from": [5, 6, 3.5],
			"to": [11, 9, 12.5],
			"faces": {
				"north": {"uv": [5, 10.25, 6.5, 11], "texture": "#0"},
				"east": {"uv": [8.75, 8.5, 11, 9.25], "texture": "#0"},
				"south": {"uv": [5, 10.25, 6.5, 11], "texture": "#0"},
				"west": {"uv": [8.75, 8.5, 11, 9.25], "texture": "#0"},
				"up": {"uv": [6, 2.25, 4.5, 0], "texture": "#0"},
				"down": {"uv": [6, 2.25, 4.5, 4.5], "texture": "#0"}
			}
		},
		{
			"from": [4.501, 7.501, 4.001],
			"to": [8.749, 11.749, 11.999],
			"rotation": {"angle": 45, "axis": "z", "origin": [8, 11, 8]},
			"faces": {
				"north": {"uv": [10.5, 6, 11.5, 7], "texture": "#0"},
				"east": {"uv": [6, 0, 8, 1], "texture": "#0"},
				"south": {"uv": [9.5, 7, 10.5, 6], "texture": "#0"},
				"west": {"uv": [6, 1, 8, 2], "texture": "#0"},
				"up": {"uv": [6, 0, 8, 1], "texture": "#0"},
				"down": {"uv": [7, 5.75, 6, 7.75], "texture": "#0"}
			}
		},
		{
			"from": [1, 0, 4],
			"to": [15, 5, 12],
			"rotation": {"angle": 0, "axis": "y", "origin": [4, 0, 12]},
			"faces": {
				"north": {"uv": [0, 12, 3, 13.25], "texture": "#0"},
				"east": {"uv": [4.5, 4.5, 6.5, 5.75], "texture": "#0"},
				"south": {"uv": [0, 12, 3, 13.25], "texture": "#0"},
				"west": {"uv": [2, 5, 4, 6.25], "texture": "#0"},
				"up": {"uv": [3, 8.25, 2, 6.25], "texture": "#0"},
				"down": {"uv": [4, 6.25, 3, 8.25], "texture": "#0"}
			}
		},
		{
			"from": [6.001, 2.001, 4.001],
			"to": [10.749, 4.249, 11.999],
			"rotation": {"angle": 45, "axis": "z", "origin": [3, 0, 12]},
			"faces": {
				"north": {"uv": [8, 1.5, 9.25, 2], "texture": "#0"},
				"east": {"uv": [7, 3.5, 8.5, 4], "texture": "#0"},
				"south": {"uv": [9.25, 1.5, 8, 2], "texture": "#0"},
				"west": {"uv": [10.75, 1.25, 12.25, 1.75], "texture": "#0"},
				"up": {"uv": [3.75, 9.75, 2.5, 8.25], "texture": "#0"},
				"down": {"uv": [9.25, 0, 8, 1.5], "texture": "#0"}
			}
		},
		{
			"from": [-4, 0, 5],
			"to": [1, 4.25, 11],
			"rotation": {"angle": -22.5, "axis": "z", "origin": [1, 0, 12]},
			"faces": {
				"north": {"uv": [3.75, 9.5, 5, 10.5], "texture": "#0"},
				"east": {"uv": [3.75, 8.5, 5.25, 9.5], "texture": "#0"},
				"south": {"uv": [5, 9.5, 3.75, 10.5], "texture": "#0"},
				"west": {"uv": [9.25, 1, 10.75, 2], "texture": "#0"},
				"up": {"uv": [0, 9.75, 1.25, 8.25], "texture": "#0"},
				"down": {"uv": [2.5, 8.25, 1.25, 9.75], "texture": "#0"}
			}
		},
		{
			"from": [-2.5, 3.5, 6],
			"to": [0.5, 8.5, 10],
			"rotation": {"angle": 22.5, "axis": "z", "origin": [1, 0, 12]},
			"faces": {
				"north": {"uv": [1.5, 10.75, 2.25, 12], "texture": "#0"},
				"east": {"uv": [9.5, 7.25, 10.5, 8.5], "texture": "#0"},
				"south": {"uv": [2.25, 10.75, 1.5, 12], "texture": "#0"},
				"west": {"uv": [9.5, 6, 10.5, 7.25], "texture": "#0"},
				"up": {"uv": [11.75, 4.25, 11, 3.25], "texture": "#0"},
				"down": {"uv": [3, 11, 2.25, 12], "texture": "#0"}
			}
		},
		{
			"from": [-8.25, 0, 6.5],
			"to": [-6.25, 4, 9.5],
			"rotation": {"angle": -45, "axis": "z", "origin": [1, 0, 12]},
			"faces": {
				"north": {"uv": [7.25, 10.5, 8, 11.75], "texture": "#0"},
				"east": {"uv": [0.75, 10.75, 1.5, 12], "texture": "#0"},
				"south": {"uv": [8, 10.5, 7.25, 11.75], "texture": "#0"},
				"west": {"uv": [9.5, 10.5, 10.25, 11.75], "texture": "#0"},
				"up": {"uv": [12, 7.75, 11.25, 7], "texture": "#0"},
				"down": {"uv": [11.75, 10.5, 11, 11.25], "texture": "#0"}
			}
		},
		{
			"from": [5.251, 2.001, 4.001],
			"to": [9.999, 4.249, 11.999],
			"rotation": {"angle": -45, "axis": "z", "origin": [13, 0, 12]},
			"faces": {
				"north": {"uv": [11, 8.25, 12.25, 8.75], "texture": "#0"},
				"east": {"uv": [10.75, 1.25, 12.25, 1.75], "texture": "#0"},
				"south": {"uv": [12.25, 8.25, 11, 8.75], "texture": "#0"},
				"west": {"uv": [11, 4.25, 12.5, 4.75], "texture": "#0"},
				"up": {"uv": [3.75, 9.75, 2.5, 8.25], "texture": "#0"},
				"down": {"uv": [9.5, 7, 8.25, 8.5], "texture": "#0"}
			}
		},
		{
			"from": [15, 0, 5],
			"to": [20, 4.25, 11],
			"rotation": {"angle": 22.5, "axis": "z", "origin": [15, 0, 12]},
			"faces": {
				"north": {"uv": [5, 9.5, 3.75, 10.5], "texture": "#0"},
				"east": {"uv": [9.25, 1, 10.75, 2], "texture": "#0"},
				"south": {"uv": [3.75, 9.5, 5, 10.5], "texture": "#0"},
				"west": {"uv": [5.25, 9.25, 6.75, 10.25], "texture": "#0"},
				"up": {"uv": [1.25, 9.75, 0, 8.25], "texture": "#0"},
				"down": {"uv": [2.5, 8.25, 1.25, 9.75], "texture": "#0"}
			}
		},
		{
			"from": [15.5, 3.5, 6],
			"to": [18.5, 8.5, 10],
			"rotation": {"angle": -22.5, "axis": "z", "origin": [15, 0, 12]},
			"faces": {
				"north": {"uv": [2.25, 10.75, 1.5, 12], "texture": "#0"},
				"east": {"uv": [9.5, 6, 10.5, 7.25], "texture": "#0"},
				"south": {"uv": [1.5, 10.75, 2.25, 12], "texture": "#0"},
				"west": {"uv": [9.5, 7.25, 10.5, 8.5], "texture": "#0"},
				"up": {"uv": [11.75, 4.25, 11, 3.25], "texture": "#0"},
				"down": {"uv": [5.25, 11, 4.5, 12], "texture": "#0"}
			}
		},
		{
			"from": [22.25, 0, 6.5],
			"to": [24.25, 4, 9.5],
			"rotation": {"angle": 45, "axis": "z", "origin": [15, 0, 12]},
			"faces": {
				"north": {"uv": [8, 10.5, 7.25, 11.75], "texture": "#0"},
				"east": {"uv": [9.5, 10.5, 10.25, 11.75], "texture": "#0"},
				"south": {"uv": [7.25, 10.5, 8, 11.75], "texture": "#0"},
				"west": {"uv": [0.75, 10.75, 1.5, 12], "texture": "#0"},
				"up": {"uv": [12, 7.75, 11.25, 7], "texture": "#0"},
				"down": {"uv": [11.75, 11.25, 11, 12], "texture": "#0"}
			}
		}
	],
	"display": {
		"head": {
			"translation": [0, 15, 0],
			"scale": [1.1, 1.1, 1.1]
		}
	}
}