{
	"parent": "minecraft:block/block",
	"credit": "Made with Blockbench",
	"textures": {
		"0": "fraggle:furniture/lights/floor_lamp"
	},
	"elements": [
		{
			"from": [7.5, 0.975, 7.5],
			"to": [8.5, 31.975, 8.5],
			"rotation": {"angle": 0, "axis": "y", "origin": [0, 0, 0]},
			"faces": {
				"north": {"uv": [9.5, 2, 10, 16], "texture": "#0"},
				"east": {"uv": [9.5, 2, 10, 16], "texture": "#0"},
				"south": {"uv": [9.5, 2, 10, 16], "texture": "#0"},
				"west": {"uv": [9.5, 2, 10, 16], "texture": "#0"},
				"up": {"uv": [15.5, 10, 16, 10.5], "texture": "#0"}
			}
		},
		{
			"from": [5.5, 24.975, 5.5],
			"to": [10.5, 29.975, 10.5],
			"rotation": {"angle": 0, "axis": "y", "origin": [0, 0, 0]},
			"faces": {
				"north": {"uv": [5, 0, 7.5, 2.5], "texture": "#0"},
				"east": {"uv": [5, 0, 7.5, 2.5], "texture": "#0"},
				"south": {"uv": [5, 0, 7.5, 2.5], "texture": "#0"},
				"west": {"uv": [5, 0, 7.5, 2.5], "texture": "#0"},
				"up": {"uv": [5, 2.5, 7.5, 5], "texture": "#0"},
				"down": {"uv": [5, 2.5, 7.5, 5], "texture": "#0"}
			}
		},
		{
			"from": [2, 0, 2],
			"to": [14, 1, 14],
			"rotation": {"angle": 0, "axis": "y", "origin": [0, 0, 0]},
			"faces": {
				"north": {"uv": [10, 15.5, 16, 16], "texture": "#0"},
				"east": {"uv": [10, 15.5, 16, 16], "texture": "#0"},
				"south": {"uv": [10, 15.5, 16, 16], "texture": "#0"},
				"west": {"uv": [10, 15.5, 16, 16], "texture": "#0"},
				"up": {"uv": [10, 10, 16, 16], "texture": "#0"},
				"down": {"uv": [10, 10, 16, 16], "texture": "#0"}
			}
		},
		{
			"from": [3, 22, 3],
			"to": [13, 32, 13],
			"rotation": {"angle": 0, "axis": "y", "origin": [0, 0, 0]},
			"faces": {
				"north": {"uv": [0, 0, 5, 5], "texture": "#0"},
				"east": {"uv": [0, 0, 5, 5], "texture": "#0"},
				"south": {"uv": [0, 0, 5, 5], "texture": "#0"},
				"west": {"uv": [0, 0, 5, 5], "texture": "#0"},
				"up": {"uv": [11, 0, 16, 5], "texture": "#0"}
			}
		},
		{
			"from": [3, 22, 13],
			"to": [13, 32, 3],
			"rotation": {"angle": 0, "axis": "y", "origin": [0, 0, 0]},
			"faces": {
				"north": {"uv": [0, 0, 5, 5], "texture": "#0"},
				"east": {"uv": [0, 0, 5, 5], "texture": "#0"},
				"south": {"uv": [0, 0, 5, 5], "texture": "#0"},
				"west": {"uv": [0, 0, 5, 5], "texture": "#0"},
				"up": {"uv": [11, 0, 16, 5], "texture": "#0"}
			}
		}
	],
	"display": {
		"fixed": {
			"rotation": [-90, 0, 0],
			"translation": [0, 0, -23],
			"scale": [3, 3, 3]
		}
	}
}