{
	"parent": "minecraft:block/block",
	"credit": "Made with Blockbench",
	"textures": {
		"0": "fraggle:furniture/lights/lamppost",
		"2": "#lamppost_candle"
	},
	"elements": [
		{
			"name": "Fire",
			"from": [7, 23.01042, 8],
			"to": [9, 26.01042, 8],
			"rotation": {"angle": 0, "axis": "y", "origin": [8, 19.01042, 7]},
			"faces": {
				"north": {"uv": [4, 0, 8, 6], "texture": "#2"},
				"south": {"uv": [8, 0, 12, 6], "texture": "#2"}
			}
		},
		{
			"name": "Fire",
			"from": [8, 23.01042, 7],
			"to": [8, 26.01042, 9],
			"rotation": {"angle": 0, "axis": "y", "origin": [8, 19.01042, 7]},
			"faces": {
				"east": {"uv": [4, 6, 8, 12], "texture": "#2"},
				"west": {"uv": [8, 6, 12, 12], "texture": "#2"}
			}
		},
		{
			"name": "candlebase",
			"from": [7, 22.01042, 7],
			"to": [9, 23.01042, 9],
			"rotation": {"angle": 0, "axis": "y", "origin": [8, 18.51042, 8]},
			"faces": {
				"north": {"uv": [12, 4, 16, 6], "texture": "#2"},
				"east": {"uv": [12, 6, 16, 8], "texture": "#2"},
				"south": {"uv": [12, 8, 16, 10], "texture": "#2"},
				"west": {"uv": [12, 10, 16, 12], "texture": "#2"},
				"up": {"uv": [16, 4, 12, 0], "texture": "#2"}
			}
		},
		{
			"name": "base",
			"from": [5, -2.48958, 5],
			"to": [11, 3.51042, 11],
			"rotation": {"angle": 0, "axis": "y", "origin": [8, -0.98958, 8]},
			"faces": {
				"north": {"uv": [0, 5.33333, 2, 7.33333], "texture": "#0"},
				"east": {"uv": [5.33333, 0, 7.33333, 2], "texture": "#0"},
				"south": {"uv": [2.33333, 5.33333, 4.33333, 7.33333], "texture": "#0"},
				"west": {"uv": [5.33333, 2.33333, 7.33333, 4.33333], "texture": "#0"},
				"up": {"uv": [6.66667, 7.33333, 4.66667, 5.33333], "texture": "#0"}
			}
		},
		{
			"name": "base",
			"from": [4.5, -3.48958, 4.5],
			"to": [11.5, -1.98958, 11.5],
			"rotation": {"angle": 0, "axis": "y", "origin": [8, -3.48958, 8]},
			"faces": {
				"north": {"uv": [9.66667, 7.66667, 12, 8.16667], "texture": "#0"},
				"east": {"uv": [10.33333, 0, 12.66667, 0.5], "texture": "#0"},
				"south": {"uv": [10.33333, 1, 12.66667, 1.5], "texture": "#0"},
				"west": {"uv": [10.66667, 8.66667, 13, 9.16667], "texture": "#0"},
				"up": {"uv": [5, 2.33333, 2.66667, 0], "texture": "#0"},
				"down": {"uv": [5, 2.66667, 2.66667, 5], "texture": "#0"}
			}
		},
		{
			"name": "base",
			"from": [5.5, 3.51042, 5.5],
			"to": [10.5, 5.51042, 10.5],
			"rotation": {"angle": 0, "axis": "y", "origin": [8, 1.01042, 8]},
			"faces": {
				"north": {"uv": [10.66667, 9.66667, 12.33333, 10.33333], "texture": "#0"},
				"east": {"uv": [10.66667, 10.66667, 12.33333, 11.33333], "texture": "#0"},
				"south": {"uv": [2.66667, 11.33333, 4.33333, 12], "texture": "#0"},
				"west": {"uv": [4.66667, 11.33333, 6.33333, 12], "texture": "#0"},
				"up": {"uv": [11.33333, 5.66667, 9.66667, 4], "texture": "#0"}
			}
		},
		{
			"name": "rod",
			"from": [6.5, 3.01042, 6.5],
			"to": [9.5, 13.01042, 9.5],
			"rotation": {"angle": 0, "axis": "y", "origin": [8, 3.01042, 8]},
			"faces": {
				"north": {"uv": [2.66667, 7.66667, 3.66667, 11], "texture": "#0"},
				"east": {"uv": [4, 7.66667, 5, 11], "texture": "#0"},
				"south": {"uv": [5.33333, 7.66667, 6.33333, 11], "texture": "#0"},
				"west": {"uv": [6.66667, 8.66667, 7.66667, 12], "texture": "#0"}
			}
		},
		{
			"name": "rod",
			"from": [6.5, 13.01042, 6.5],
			"to": [9.5, 22.01042, 9.5],
			"rotation": {"angle": 0, "axis": "y", "origin": [8, 13.01042, 8]},
			"faces": {
				"north": {"uv": [8, 8.66667, 9, 11.66667], "texture": "#0"},
				"east": {"uv": [9.33333, 8.66667, 10.33333, 11.66667], "texture": "#0"},
				"south": {"uv": [0, 9.66667, 1, 12.66667], "texture": "#0"},
				"west": {"uv": [1.33333, 9.66667, 2.33333, 12.66667], "texture": "#0"},
				"up": {"uv": [12.66667, 3, 11.66667, 2], "texture": "#0"}
			}
		},
		{
			"name": "hang",
			"from": [4, 20.01042, 7.5],
			"to": [12, 20.51042, 8.5],
			"rotation": {"angle": 0, "axis": "y", "origin": [8, 20.01042, 8]},
			"faces": {
				"north": {"uv": [10.66667, 12.33333, 13.33333, 12.5], "texture": "#0"},
				"east": {"uv": [13, 0, 13.33333, 0.16667], "texture": "#0"},
				"south": {"uv": [12.66667, 6, 15.33333, 6.16667], "texture": "#0"},
				"west": {"uv": [0.66667, 13, 1, 13.16667], "texture": "#0"},
				"up": {"uv": [14.33333, 3.66667, 11.66667, 3.33333], "texture": "#0"},
				"down": {"uv": [14.33333, 4, 11.66667, 4.33333], "texture": "#0"}
			}
		},
		{
			"name": "frameboxsimple",
			"from": [4.5, 21.5, 4.5],
			"to": [11.5, 26, 11.5],
			"rotation": {"angle": 0, "axis": "y", "origin": [4.5, 25, 4.5]},
			"faces": {
				"north": {"uv": [7, 4.66667, 9.33333, 6.16667], "texture": "#0"},
				"east": {"uv": [7, 6.66667, 9.33333, 8.16667], "texture": "#0"},
				"south": {"uv": [0, 7.66667, 2.33333, 9.16667], "texture": "#0"},
				"west": {"uv": [7.66667, 0, 10, 1.5], "texture": "#0"},
				"up": {"uv": [2.33333, 2.33333, 0, 0], "texture": "#0"},
				"down": {"uv": [2.33333, 2.66667, 0, 5], "texture": "#0"}
			}
		},
		{
			"name": "invertbox",
			"from": [11.5, 26, 11.5],
			"to": [4.5, 21.5, 4.5],
			"rotation": {"angle": 0, "axis": "y", "origin": [4.5, 25, 4.5]},
			"faces": {
				"north": {"uv": [0, 9.16667, 2.33333, 7.66667], "texture": "#0"},
				"east": {"uv": [7.66667, 1.5, 10, 0], "texture": "#0"},
				"south": {"uv": [7, 6.16667, 9.33333, 4.66667], "texture": "#0"},
				"west": {"uv": [7, 8.16667, 9.33333, 6.66667], "texture": "#0"},
				"up": {"uv": [0, 2.66667, 2.33333, 5], "texture": "#0"},
				"down": {"uv": [0, 2.33333, 2.33333, 0], "texture": "#0"}
			}
		},
		{
			"name": "tip",
			"from": [5.5, 26.01042, 5.5],
			"to": [10.5, 27.01042, 10.5],
			"rotation": {"angle": 0, "axis": "y", "origin": [8, 22.51042, 8]},
			"faces": {
				"north": {"uv": [7.66667, 4, 9.33333, 4.33333], "texture": "#0"},
				"east": {"uv": [11.66667, 4.66667, 13.33333, 5], "texture": "#0"},
				"south": {"uv": [11.66667, 5.33333, 13.33333, 5.66667], "texture": "#0"},
				"west": {"uv": [10.66667, 11.66667, 12.33333, 12], "texture": "#0"},
				"up": {"uv": [9.33333, 3.66667, 7.66667, 2], "texture": "#0"},
				"down": {"uv": [11.33333, 2, 9.66667, 3.66667], "texture": "#0"}
			}
		},
		{
			"name": "tip",
			"from": [6, 27.01042, 6],
			"to": [10, 28.01042, 10],
			"rotation": {"angle": 0, "axis": "y", "origin": [8, 23.51042, 8]},
			"faces": {
				"north": {"uv": [5.33333, 4.66667, 6.66667, 5], "texture": "#0"},
				"east": {"uv": [5.33333, 12.33333, 6.66667, 12.66667], "texture": "#0"},
				"south": {"uv": [12.33333, 7.33333, 13.66667, 7.66667], "texture": "#0"},
				"west": {"uv": [12.33333, 8, 13.66667, 8.33333], "texture": "#0"},
				"up": {"uv": [11, 7.33333, 9.66667, 6], "texture": "#0"}
			}
		},
		{
			"name": "tip",
			"from": [6.5, 28.01042, 6.5],
			"to": [9.5, 29.51042, 9.5],
			"rotation": {"angle": 0, "axis": "y", "origin": [8, 24.51042, 8]},
			"faces": {
				"north": {"uv": [8, 12, 9, 12.5], "texture": "#0"},
				"east": {"uv": [9.33333, 12, 10.33333, 12.5], "texture": "#0"},
				"south": {"uv": [2.66667, 12.33333, 3.66667, 12.83333], "texture": "#0"},
				"west": {"uv": [4, 12.33333, 5, 12.83333], "texture": "#0"},
				"up": {"uv": [12.33333, 7, 11.33333, 6], "texture": "#0"}
			}
		},
		{
			"name": "tip",
			"from": [7.5, 28.51042, 7.5],
			"to": [8.5, 31.51042, 8.5],
			"rotation": {"angle": 0, "axis": "y", "origin": [8, 25.01042, 8]},
			"faces": {
				"north": {"uv": [7, 12.33333, 7.33333, 13.33333], "texture": "#0"},
				"east": {"uv": [12.66667, 9.66667, 13, 10.66667], "texture": "#0"},
				"south": {"uv": [12.66667, 11, 13, 12], "texture": "#0"},
				"west": {"uv": [0, 13, 0.33333, 14], "texture": "#0"},
				"up": {"uv": [13, 7, 12.66667, 6.66667], "texture": "#0"}
			}
		}
	],
	"display": {
		"fixed": {
			"rotation": [-90, 0, 0],
			"translation": [0, 0, -3.25],
			"scale": [3, 3, 3]
		}
	},
	"groups": [
		{
			"name": "lamp2",
			"origin": [0, 13.02083, 0],
			"color": 0,
			"children": [
				{
					"name": "candle",
					"origin": [8, 18.51042, 8],
					"color": 0,
					"children": [0, 1, 2]
				},
				{
					"name": "base",
					"origin": [8, 1.01042, 8],
					"color": 0,
					"children": [3, 4, 5, 6, 7, 8]
				},
				{
					"name": "frame",
					"origin": [8, 25.01042, 8],
					"color": 0,
					"children": [
						{
							"name": "framebox",
							"origin": [4.5, 25, 4.5],
							"color": 0,
							"children": [9, 10]
						},
						11,
						12,
						13,
						14
					]
				}
			]
		}
	]
}