{"textures":{"0":"modelengine:entity/lion"},"elements":[{"from":[7.7437735,7.278852,7.752746],"to":[8.695161,8.531512,8.878554],"rotation":{"angle":-22.5,"axis":"x","origin":[8.869582,7.050519,7.657607]},"faces":{"east":{"uv":[4.125,7.375,5.0,8.375],"rotation":0,"texture":"#0","tintindex":0},"south":{"uv":[8.625,0.875,9.375,1.875],"rotation":0,"texture":"#0","tintindex":0},"north":{"uv":[8.5,6.625,9.25,7.625],"rotation":0,"texture":"#0","tintindex":0},"west":{"uv":[2.125,7.5,3.0,8.5],"rotation":0,"texture":"#0","tintindex":0},"up":{"uv":[8.75,10.5,8.0,9.625],"rotation":0,"texture":"#0","tintindex":0},"down":{"uv":[9.5,9.625,8.75,10.5],"rotation":0,"texture":"#0","tintindex":0}}},{"from":[7.8547683,7.7323465,8.228439],"to":[8.631735,8.889868,8.704134],"rotation":{"angle":0.0,"axis":"y","origin":[7.505926,6.8285284,7.6258945]},"faces":{"east":{"uv":[0.75,12.5,1.125,13.375],"rotation":0,"texture":"#0","tintindex":0},"south":{"uv":[5.0,11.375,5.625,12.25],"rotation":0,"texture":"#0","tintindex":0},"north":{"uv":[11.375,3.0,12.0,3.875],"rotation":0,"texture":"#0","tintindex":0},"west":{"uv":[12.5,1.125,12.875,2.0],"rotation":0,"texture":"#0","tintindex":0},"up":{"uv":[13.5,2.875,12.875,2.5],"rotation":0,"texture":"#0","tintindex":0},"down":{"uv":[13.5,4.375,12.875,4.75],"rotation":0,"texture":"#0","tintindex":0}}}],"display":{"head":{"translation":[0.0,-6.4,0.0],"scale":[4.0,4.0,4.0]}}}