{"textures":{"0":"modelengine:entity/lion"},"elements":[{"from":[7.7709703,7.3896008,7.6910706],"to":[8.31009,8.198429,9.086439],"rotation":{"angle":22.5,"axis":"x","origin":[4.853382,8.352223,9.104458]},"faces":{"east":{"uv":[10.25,2.625,11.375,3.125],"rotation":0,"texture":"#0","tintindex":0},"south":{"uv":[8.625,13.125,9.0,13.625],"rotation":0,"texture":"#0","tintindex":0},"north":{"uv":[6.875,10.0,7.25,10.5],"rotation":0,"texture":"#0","tintindex":0},"west":{"uv":[10.25,10.25,11.375,10.75],"rotation":0,"texture":"#0","tintindex":0},"up":{"uv":[4.5,13.0,4.125,11.875],"rotation":0,"texture":"#0","tintindex":0},"down":{"uv":[8.25,12.125,7.875,13.25],"rotation":0,"texture":"#0","tintindex":0}}},{"from":[8.008817,6.448201,7.5640755],"to":[8.103956,6.6384788,7.754353],"rotation":{"angle":0.0,"axis":"y","origin":[8.032159,6.411615,8.539188]},"faces":{"east":{"uv":[0.625,13.25,0.75,13.375],"rotation":0,"texture":"#0","tintindex":0},"south":{"uv":[13.375,5.5,13.5,5.625],"rotation":0,"texture":"#0","tintindex":0},"north":{"uv":[0.5,13.25,0.625,13.375],"rotation":0,"texture":"#0","tintindex":0},"west":{"uv":[11.625,13.375,11.75,13.5],"rotation":0,"texture":"#0","tintindex":0},"up":{"uv":[13.625,4.75,13.5,4.625],"rotation":0,"texture":"#0","tintindex":0},"down":{"uv":[13.625,8.125,13.5,8.25],"rotation":0,"texture":"#0","tintindex":0}}},{"from":[8.047188,6.487842,7.6358943],"to":[8.364317,6.836684,8.111588],"rotation":{"angle":-22.5,"axis":"y","origin":[8.032159,6.411615,8.491619]},"faces":{"east":{"uv":[11.25,13.875,11.625,14.125],"rotation":0,"texture":"#0","tintindex":0},"south":{"uv":[10.875,14.125,11.125,14.375],"rotation":0,"texture":"#0","tintindex":0},"north":{"uv":[10.625,14.125,10.875,14.375],"rotation":0,"texture":"#0","tintindex":0},"west":{"uv":[11.625,13.875,12.0,14.125],"rotation":0,"texture":"#0","tintindex":0},"up":{"uv":[0.75,13.25,0.5,12.875],"rotation":0,"texture":"#0","tintindex":0},"down":{"uv":[12.625,13.875,12.375,14.25],"rotation":0,"texture":"#0","tintindex":0}}},{"from":[8.1341305,6.448201,7.5868874],"to":[8.22927,6.6384788,7.7771645],"rotation":{"angle":-22.5,"axis":"y","origin":[8.032159,6.411615,8.539188]},"faces":{"east":{"uv":[8.5,13.5,8.625,13.625],"rotation":0,"texture":"#0","tintindex":0},"south":{"uv":[12.375,13.5,12.5,13.625],"rotation":0,"texture":"#0","tintindex":0},"north":{"uv":[8.375,13.5,8.5,13.625],"rotation":0,"texture":"#0","tintindex":0},"west":{"uv":[13.625,4.625,13.75,4.75],"rotation":0,"texture":"#0","tintindex":0},"up":{"uv":[13.75,8.25,13.625,8.125],"rotation":0,"texture":"#0","tintindex":0},"down":{"uv":[13.875,9.25,13.75,9.375],"rotation":0,"texture":"#0","tintindex":0}}},{"from":[7.8188033,6.448201,7.593294],"to":[7.913942,6.6384788,7.7835717],"rotation":{"angle":22.5,"axis":"y","origin":[8.032159,6.411615,8.539188]},"faces":{"east":{"uv":[12.75,11.875,12.875,12.0],"rotation":0,"texture":"#0","tintindex":0},"south":{"uv":[12.875,8.25,13.0,8.375],"rotation":0,"texture":"#0","tintindex":0},"north":{"uv":[12.75,7.5,12.875,7.625],"rotation":0,"texture":"#0","tintindex":0},"west":{"uv":[12.875,11.875,13.0,12.0],"rotation":0,"texture":"#0","tintindex":0},"up":{"uv":[6.125,13.125,6.0,13.0],"rotation":0,"texture":"#0","tintindex":0},"down":{"uv":[13.125,8.25,13.0,8.375],"rotation":0,"texture":"#0","tintindex":0}}},{"from":[7.5489798,6.471986,7.8653483],"to":[8.48451,6.804971,8.769166],"rotation":{"angle":0.0,"axis":"y","origin":[8.032159,6.411615,8.491619]},"faces":{"east":{"uv":[13.375,0.0,14.125,0.25],"rotation":0,"texture":"#0","tintindex":0},"south":{"uv":[13.375,0.25,14.125,0.5],"rotation":0,"texture":"#0","tintindex":0},"north":{"uv":[0.0,13.375,0.75,13.625],"rotation":0,"texture":"#0","tintindex":0},"west":{"uv":[13.375,0.5,14.125,0.75],"rotation":0,"texture":"#0","tintindex":0},"up":{"uv":[11.125,0.75,10.375,0.0],"rotation":0,"texture":"#0","tintindex":0},"down":{"uv":[5.0,10.375,4.25,11.125],"rotation":0,"texture":"#0","tintindex":0}}},{"from":[7.7075443,6.243082,7.548606],"to":[8.357659,7.797015,8.294008],"rotation":{"angle":22.5,"axis":"x","origin":[8.373516,5.4432335,9.249775]},"faces":{"east":{"uv":[5.875,9.75,6.375,11.0],"rotation":0,"texture":"#0","tintindex":0},"south":{"uv":[9.75,6.0,10.25,7.25],"rotation":0,"texture":"#0","tintindex":0},"north":{"uv":[2.0,9.5,2.5,10.75],"rotation":0,"texture":"#0","tintindex":0},"west":{"uv":[9.75,8.0,10.25,9.25],"rotation":0,"texture":"#0","tintindex":0},"up":{"uv":[7.875,13.125,7.375,12.625],"rotation":0,"texture":"#0","tintindex":0},"down":{"uv":[9.125,12.625,8.625,13.125],"rotation":0,"texture":"#0","tintindex":0}}},{"from":[7.652043,6.487842,7.642301],"to":[8.032598,6.836684,8.117995],"rotation":{"angle":22.5,"axis":"y","origin":[8.032159,6.411615,8.491619]},"faces":{"east":{"uv":[1.375,14.0,1.75,14.25],"rotation":0,"texture":"#0","tintindex":0},"south":{"uv":[11.125,14.125,11.375,14.375],"rotation":0,"texture":"#0","tintindex":0},"north":{"uv":[14.125,11.0,14.375,11.25],"rotation":0,"texture":"#0","tintindex":0},"west":{"uv":[1.75,14.0,2.125,14.25],"rotation":0,"texture":"#0","tintindex":0},"up":{"uv":[2.625,14.375,2.375,14.0],"rotation":0,"texture":"#0","tintindex":0},"down":{"uv":[4.125,14.0,3.875,14.375],"rotation":0,"texture":"#0","tintindex":0}}},{"from":[7.8502526,6.487842,7.6116447],"to":[8.246664,6.836684,8.087338],"rotation":{"angle":0.0,"axis":"y","origin":[8.032159,6.411615,8.491619]},"faces":{"east":{"uv":[13.375,13.875,13.75,14.125],"rotation":0,"texture":"#0","tintindex":0},"south":{"uv":[13.75,13.875,14.125,14.125],"rotation":0,"texture":"#0","tintindex":0},"north":{"uv":[12.625,13.875,13.0,14.125],"rotation":0,"texture":"#0","tintindex":0},"west":{"uv":[0.0,14.0,0.375,14.25],"rotation":0,"texture":"#0","tintindex":0},"up":{"uv":[3.875,14.125,3.5,13.75],"rotation":0,"texture":"#0","tintindex":0},"down":{"uv":[14.125,4.625,13.75,5.0],"rotation":0,"texture":"#0","tintindex":0}}}],"display":{"head":{"translation":[0.0,-6.4,0.0],"scale":[4.0,4.0,4.0]}}}