{"textures":{"0":"modelengine:entity/lion"},"elements":[{"from":[7.342537,7.2656913,7.329577],"to":[8.6768,8.882514,9.563017],"rotation":{"angle":0.0,"axis":"y","origin":[7.1298285,6.8714514,9.098926]},"faces":{"east":{"uv":[4.125,0.0,5.625,1.125],"rotation":0,"texture":"#0","tintindex":0},"south":{"uv":[6.375,3.5,7.375,4.625],"rotation":0,"texture":"#0","tintindex":0},"north":{"uv":[5.75,5.875,6.75,7.0],"rotation":0,"texture":"#0","tintindex":0},"west":{"uv":[4.125,1.125,5.625,2.25],"rotation":0,"texture":"#0","tintindex":0},"up":{"uv":[4.75,6.375,3.75,4.875],"rotation":0,"texture":"#0","tintindex":0},"down":{"uv":[5.75,4.875,4.75,6.375],"rotation":0,"texture":"#0","tintindex":0}}},{"from":[7.342537,7.258758,9.081895],"to":[8.657463,8.825067,9.816707],"rotation":{"angle":0.0,"axis":"y","origin":[7.816297,7.877547,8.927198]},"faces":{"east":{"uv":[0.75,11.5,1.25,12.5],"rotation":0,"texture":"#0","tintindex":0},"south":{"uv":[6.625,7.0,7.5,8.0],"rotation":0,"texture":"#0","tintindex":0},"north":{"uv":[5.75,7.0,6.625,8.0],"rotation":0,"texture":"#0","tintindex":0},"west":{"uv":[10.25,11.5,10.75,12.5],"rotation":0,"texture":"#0","tintindex":0},"up":{"uv":[7.625,2.25,6.75,1.75],"rotation":0,"texture":"#0","tintindex":0},"down":{"uv":[3.625,11.875,2.75,12.375],"rotation":0,"texture":"#0","tintindex":0}}},{"from":[7.1394973,6.9101257,5.4323654],"to":[8.821829,8.824503,7.36608],"rotation":{"angle":22.5,"axis":"x","origin":[6.8784456,6.6974173,7.803337]},"faces":{"east":{"uv":[2.125,7.5,3.0,8.5],"rotation":0,"texture":"#0","tintindex":0},"south":{"uv":[1.375,5.375,2.5,6.625],"rotation":0,"texture":"#0","tintindex":0},"north":{"uv":[6.875,10.5,7.625,11.25],"rotation":0,"texture":"#0","tintindex":0},"west":{"uv":[2.125,7.5,3.0,8.5],"rotation":0,"texture":"#0","tintindex":0},"up":{"uv":[2.125,7.5,3.0,8.5],"rotation":0,"texture":"#0","tintindex":0},"down":{"uv":[5.75,4.875,4.75,6.375],"rotation":0,"texture":"#0","tintindex":0}}}],"display":{"head":{"translation":[0.0,-6.4,0.0],"scale":[4.0,4.0,4.0]}}}