{"credit":"Made with Blockbench by yungwilder","textures":{"12":"fraggle:hats/crown/obsidian_crown","particle":"fraggle:hats/crown/obsidian_crown"},"elements":[{"from":[3.5,0,12.5],"to":[12.5,5,12.5],"faces":{"north":{"uv":[0,0,9,5],"texture":"#12"},"east":{"uv":[0,0,0,7],"texture":"#12"},"south":{"uv":[9,0,0,5],"texture":"#12"},"west":{"uv":[0,0,0,7],"texture":"#12"},"up":{"uv":[9,0,0,0],"texture":"#12"},"down":{"uv":[9,0,0,0],"texture":"#12"}}},{"from":[3.5,0,3.5],"to":[12.5,5,3.5],"faces":{"north":{"uv":[9,0,0,5],"texture":"#12"},"east":{"uv":[0,0,0,7],"texture":"#12"},"south":{"uv":[0,0,9,5],"texture":"#12"},"west":{"uv":[0,0,0,7],"texture":"#12"},"up":{"uv":[9,0,0,0],"texture":"#12"},"down":{"uv":[9,0,0,0],"texture":"#12"}}},{"from":[3.5,0,3.5],"to":[3.5,5,12.5],"faces":{"north":{"uv":[0,0,0,7],"texture":"#12"},"east":{"uv":[9,7,0,12],"texture":"#12"},"south":{"uv":[0,0,0,7],"texture":"#12"},"west":{"uv":[0,7,9,12],"texture":"#12"},"up":{"uv":[0,9,0,0],"texture":"#12"},"down":{"uv":[0,0,0,9],"texture":"#12"}}},{"from":[12.5,0,3.5],"to":[12.5,5,12.5],"faces":{"north":{"uv":[0,0,0,7],"texture":"#12"},"east":{"uv":[0,7,9,12],"texture":"#12"},"south":{"uv":[0,0,0,7],"texture":"#12"},"west":{"uv":[9,7,0,12],"texture":"#12"},"up":{"uv":[0,9,0,0],"texture":"#12"},"down":{"uv":[0,0,0,9],"texture":"#12"}}}],"gui_light":"front","display":{"thirdperson_righthand":{"rotation":[75,0,0],"translation":[0,3.5,3.5],"scale":[0.5,0.5,0.5]},"thirdperson_lefthand":{"rotation":[75,0,0],"translation":[0,3.5,3.5],"scale":[0.5,0.5,0.5]},"firstperson_righthand":{"rotation":[0,15,0],"translation":[0,5,0],"scale":[0.5,0.5,0.5]},"firstperson_lefthand":{"rotation":[0,15,0],"translation":[0,5,0],"scale":[0.5,0.5,0.5]},"ground":{"translation":[0,1,0],"scale":[0.5,0.5,0.5]},"gui":{"rotation":[15,30,0],"translation":[0,5,0],"scale":[1.15,1.15,1.15]},"head":{"translation":[0,16,0],"scale":[1.65,1.65,1.65]},"fixed":{"translation":[0,8,0],"scale":[1.5,1.5,1.5]}}}