{"textures":{"0":"modelengine:entity/hamster"},"elements":[{"from":[7.714286,7.428571,7.714286],"to":[8.285714,8.0,8.285714],"rotation":{"angle":0.0,"axis":"y","origin":[7.214286,9.142858,6.678571]},"faces":{"east":{"uv":[10.984,2.016,10.516,2.484],"rotation":0,"texture":"#0","tintindex":0},"south":{"uv":[2.484,10.516,2.016,10.984],"rotation":0,"texture":"#0","tintindex":0},"north":{"uv":[3.484,10.516,3.016,10.984],"rotation":0,"texture":"#0","tintindex":0},"west":{"uv":[10.984,3.016,10.516,3.484],"rotation":0,"texture":"#0","tintindex":0},"up":{"uv":[4.016,10.984,4.484,10.516],"rotation":180,"texture":"#0","tintindex":0},"down":{"uv":[10.516,4.016,10.984,4.484],"rotation":180,"texture":"#0","tintindex":0}}}],"display":{"head":{"translation":[0.0,-6.4,0.0],"scale":[4.0,4.0,4.0]}}}