{"textures":{},"elements":[{"from":[20.57143,20.571428,22.857141],"to":[21.142857,32.0,32.0],"rotation":{"angle":0.0,"axis":"y","origin":[8.0,2.2857132,4.5714264]},"faces":{"east":{"uv":[0.0,0.0,8.0,10.0],"rotation":0,"texture":"#missing","tintindex":0},"south":{"uv":[0.0,0.0,0.5,10.0],"rotation":0,"texture":"#missing","tintindex":0},"north":{"uv":[0.0,0.0,0.5,10.0],"rotation":0,"texture":"#missing","tintindex":0},"west":{"uv":[0.0,0.0,8.0,10.0],"rotation":0,"texture":"#missing","tintindex":0},"up":{"uv":[0.0,0.0,0.5,8.0],"rotation":0,"texture":"#missing","tintindex":0},"down":{"uv":[0.0,0.0,0.5,8.0],"rotation":0,"texture":"#missing","tintindex":0}}},{"from":[15.428572,2.2857132,26.285713],"to":[21.142857,23.428572,32.0],"rotation":{"angle":0.0,"axis":"y","origin":[8.0,2.2857132,4.5714264]},"faces":{"east":{"uv":[0.0,0.0,5.0,16.0],"rotation":0,"texture":"#missing","tintindex":0},"south":{"uv":[0.0,0.0,5.0,16.0],"rotation":0,"texture":"#missing","tintindex":0},"north":{"uv":[0.0,0.0,5.0,16.0],"rotation":0,"texture":"#missing","tintindex":0},"west":{"uv":[0.0,0.0,5.0,16.0],"rotation":0,"texture":"#missing","tintindex":0},"up":{"uv":[0.0,0.0,5.0,5.0],"rotation":0,"texture":"#missing","tintindex":0},"down":{"uv":[0.0,0.0,5.0,5.0],"rotation":0,"texture":"#missing","tintindex":0}}}],"display":{"head":{"translation":[0.0,16.457148,13.714294],"scale":[4.0,4.0,4.0]}}}