{"textures":{"1":"modelengine:entity/mammoth"},"elements":[{"from":[5.1847343,7.566595,7.875281],"to":[5.7253056,7.780309,8.088995],"rotation":{"angle":45.0,"axis":"z","origin":[6.0729885,8.559493,8.195571]},"faces":{"east":{"uv":[7.9375,10.1875,8.0,10.25],"rotation":0,"texture":"#1","tintindex":0},"south":{"uv":[10.375,6.3125,10.5,6.375],"rotation":0,"texture":"#1","tintindex":0},"north":{"uv":[9.1875,10.1875,9.3125,10.25],"rotation":0,"texture":"#1","tintindex":0},"west":{"uv":[10.375,4.3125,10.4375,4.375],"rotation":0,"texture":"#1","tintindex":0},"up":{"uv":[6.0625,10.75,5.9375,10.6875],"rotation":0,"texture":"#1","tintindex":0},"down":{"uv":[10.875,5.5,10.75,5.5625],"rotation":0,"texture":"#1","tintindex":0}}},{"from":[7.3714995,6.594222,7.887852],"to":[7.6606426,7.461651,8.03871],"rotation":{"angle":22.5,"axis":"z","origin":[6.932048,8.949345,8.195571]},"faces":{"east":{"uv":[8.5625,0.375,8.625,0.5625],"rotation":0,"texture":"#1","tintindex":0},"south":{"uv":[8.8125,1.375,8.875,1.5625],"rotation":0,"texture":"#1","tintindex":0},"north":{"uv":[8.1875,4.9375,8.25,5.125],"rotation":0,"texture":"#1","tintindex":0},"west":{"uv":[0.4375,10.125,0.5,10.3125],"rotation":0,"texture":"#1","tintindex":0},"up":{"uv":[3.0625,10.75,3.0,10.6875],"rotation":0,"texture":"#1","tintindex":0},"down":{"uv":[11.0,4.25,10.9375,4.3125],"rotation":0,"texture":"#1","tintindex":0}}},{"from":[5.9634995,7.8262224,7.8627095],"to":[6.7806425,8.06508,8.088995],"rotation":{"angle":22.5,"axis":"z","origin":[6.932048,8.949345,8.195571]},"faces":{"east":{"uv":[7.1875,0.9375,7.25,1.0],"rotation":0,"texture":"#1","tintindex":0},"south":{"uv":[5.6875,4.625,5.875,4.6875],"rotation":0,"texture":"#1","tintindex":0},"north":{"uv":[2.3125,5.0625,2.5,5.125],"rotation":0,"texture":"#1","tintindex":0},"west":{"uv":[5.25,9.375,5.3125,9.4375],"rotation":0,"texture":"#1","tintindex":0},"up":{"uv":[3.625,6.6875,3.4375,6.625],"rotation":0,"texture":"#1","tintindex":0},"down":{"uv":[7.6875,6.0625,7.5,6.125],"rotation":0,"texture":"#1","tintindex":0}}},{"from":[7.850746,7.702857,7.674138],"to":[8.579889,8.117714,8.252424],"rotation":{"angle":0.0,"axis":"y","origin":[8.314528,7.1245713,7.537285]},"faces":{"east":{"uv":[12.1875,12.375,12.3125,12.5],"rotation":0,"texture":"#1","tintindex":0},"south":{"uv":[12.0625,8.5,12.25,8.625],"rotation":0,"texture":"#1","tintindex":0},"north":{"uv":[11.3125,0.25,11.5,0.375],"rotation":0,"texture":"#1","tintindex":0},"west":{"uv":[12.3125,12.375,12.4375,12.5],"rotation":0,"texture":"#1","tintindex":0},"up":{"uv":[9.9375,12.5,9.75,12.375],"rotation":0,"texture":"#1","tintindex":0},"down":{"uv":[10.125,12.375,9.9375,12.5],"rotation":0,"texture":"#1","tintindex":0}}},{"from":[7.561603,7.753143,7.736995],"to":[7.850746,8.092571,8.176995],"rotation":{"angle":0.0,"axis":"y","origin":[7.207671,8.696,8.189285]},"faces":{"east":{"uv":[7.75,4.25,7.875,4.3125],"rotation":0,"texture":"#1","tintindex":0},"south":{"uv":[2.5,5.0625,2.5625,5.125],"rotation":0,"texture":"#1","tintindex":0},"north":{"uv":[3.75,4.75,3.8125,4.8125],"rotation":0,"texture":"#1","tintindex":0},"west":{"uv":[7.9375,2.1875,8.0625,2.25],"rotation":0,"texture":"#1","tintindex":0},"up":{"uv":[9.625,1.375,9.5625,1.25],"rotation":0,"texture":"#1","tintindex":0},"down":{"uv":[10.9375,10.625,10.875,10.75],"rotation":0,"texture":"#1","tintindex":0}}},{"from":[5.548642,4.8970795,7.887852],"to":[7.3714995,6.3679366,8.03871],"rotation":{"angle":22.5,"axis":"z","origin":[6.932048,8.949345,8.195571]},"faces":{"east":{"uv":[3.6875,5.125,3.75,5.5],"rotation":0,"texture":"#1","tintindex":0},"south":{"uv":[11.0625,11.6875,11.5,12.0625],"rotation":0,"texture":"#1","tintindex":0},"north":{"uv":[10.625,11.6875,11.0625,12.0625],"rotation":0,"texture":"#1","tintindex":0},"west":{"uv":[3.6875,5.5,3.75,5.875],"rotation":0,"texture":"#1","tintindex":0},"up":{"uv":[2.25,8.1875,1.8125,8.125],"rotation":0,"texture":"#1","tintindex":0},"down":{"uv":[0.9375,8.875,0.5,8.9375],"rotation":0,"texture":"#1","tintindex":0}}},{"from":[6.465038,5.8694406,7.887852],"to":[6.6536093,7.4408693,8.076424],"rotation":{"angle":-22.5,"axis":"z","origin":[6.0729885,8.559493,8.195571]},"faces":{"east":{"uv":[1.625,12.3125,1.6875,12.6875],"rotation":0,"texture":"#1","tintindex":0},"south":{"uv":[2.375,12.375,2.4375,12.75],"rotation":0,"texture":"#1","tintindex":0},"north":{"uv":[5.875,11.3125,5.9375,11.6875],"rotation":0,"texture":"#1","tintindex":0},"west":{"uv":[4.9375,12.375,5.0,12.75],"rotation":0,"texture":"#1","tintindex":0},"up":{"uv":[11.0625,4.875,11.0,4.8125],"rotation":0,"texture":"#1","tintindex":0},"down":{"uv":[9.5625,11.125,9.5,11.1875],"rotation":0,"texture":"#1","tintindex":0}}},{"from":[5.8298273,5.8821955,7.8900504],"to":[7.3132563,7.3530526,8.038393],"rotation":{"angle":-22.5,"axis":"z","origin":[5.7520638,6.541962,8.195571]},"faces":{"east":{"uv":[8.5625,0.0,8.625,0.375],"rotation":0,"texture":"#1","tintindex":0},"south":{"uv":[11.875,6.25,12.25,6.625],"rotation":0,"texture":"#1","tintindex":0},"north":{"uv":[5.875,11.875,6.25,12.25],"rotation":0,"texture":"#1","tintindex":0},"west":{"uv":[0.4375,9.75,0.5,10.125],"rotation":0,"texture":"#1","tintindex":0},"up":{"uv":[9.875,6.4375,9.5,6.375],"rotation":0,"texture":"#1","tintindex":0},"down":{"uv":[2.75,9.625,2.375,9.6875],"rotation":0,"texture":"#1","tintindex":0}}},{"from":[7.122551,7.8116307,7.7998524],"to":[7.562551,8.07563,8.114138],"rotation":{"angle":0.0,"axis":"y","origin":[7.6611905,8.936773,8.189285]},"faces":{"east":{"uv":[3.6875,5.875,3.75,5.9375],"rotation":0,"texture":"#1","tintindex":0},"south":{"uv":[9.1875,8.9375,9.3125,9.0],"rotation":0,"texture":"#1","tintindex":0},"north":{"uv":[1.6875,8.9375,1.8125,9.0],"rotation":0,"texture":"#1","tintindex":0},"west":{"uv":[3.625,6.625,3.6875,6.6875],"rotation":0,"texture":"#1","tintindex":0},"up":{"uv":[6.6875,10.125,6.5625,10.0625],"rotation":0,"texture":"#1","tintindex":0},"down":{"uv":[7.375,10.125,7.25,10.1875],"rotation":0,"texture":"#1","tintindex":0}}},{"from":[5.548642,6.3553653,7.887852],"to":[7.3714995,7.8262224,8.03871],"rotation":{"angle":22.5,"axis":"z","origin":[6.932048,8.949345,8.195571]},"faces":{"east":{"uv":[3.75,4.0,3.8125,4.375],"rotation":0,"texture":"#1","tintindex":0},"south":{"uv":[6.8125,11.6875,7.25,12.0625],"rotation":0,"texture":"#1","tintindex":0},"north":{"uv":[8.25,5.8125,8.6875,6.1875],"rotation":0,"texture":"#1","tintindex":0},"west":{"uv":[3.75,4.375,3.8125,4.75],"rotation":0,"texture":"#1","tintindex":0},"up":{"uv":[3.4375,6.6875,3.0,6.625],"rotation":0,"texture":"#1","tintindex":0},"down":{"uv":[7.1875,0.9375,6.75,1.0],"rotation":0,"texture":"#1","tintindex":0}}}],"display":{"head":{"translation":[0.0,-6.4,0.0],"scale":[4.0,4.0,4.0]}}}