{"textures":{"1":"modelengine:entity/mammoth"},"elements":[{"from":[6.384,4.2605715,7.176],"to":[8.9988575,5.5177145,9.816],"rotation":{"angle":0.0,"axis":"y","origin":[7.6914287,6.536,8.772572]},"faces":{"east":{"uv":[11.4375,5.9375,12.0625,6.25],"rotation":0,"texture":"#1","tintindex":0},"south":{"uv":[0.375,11.5,1.0,11.8125],"rotation":0,"texture":"#1","tintindex":0},"north":{"uv":[11.4375,8.0625,12.0625,8.375],"rotation":0,"texture":"#1","tintindex":0},"west":{"uv":[3.5,11.25,4.1875,11.5625],"rotation":0,"texture":"#1","tintindex":0},"up":{"uv":[6.0625,10.125,5.4375,9.4375],"rotation":0,"texture":"#1","tintindex":0},"down":{"uv":[3.1875,8.1875,3.8125,9.0625],"rotation":0,"texture":"#1","tintindex":0}}},{"from":[7.3394284,4.2605715,6.849143],"to":[8.093715,5.190857,7.176],"rotation":{"angle":0.0,"axis":"y","origin":[7.6914287,6.536,8.772572]},"faces":{"east":{"uv":[1.3125,0.0,1.5,0.25],"rotation":0,"texture":"#1","tintindex":0},"south":{"uv":[1.3125,0.0,1.5,0.25],"rotation":0,"texture":"#1","tintindex":0},"north":{"uv":[1.3125,0.0,1.5,0.25],"rotation":0,"texture":"#1","tintindex":0},"west":{"uv":[1.3125,0.0,1.5,0.25],"rotation":0,"texture":"#1","tintindex":0},"up":{"uv":[1.3125,0.0,1.5,0.0625],"rotation":0,"texture":"#1","tintindex":0},"down":{"uv":[1.3125,0.0,1.5,0.0625],"rotation":0,"texture":"#1","tintindex":0}}},{"from":[6.384,4.2605715,7.0],"to":[7.1382856,5.190857,7.326857],"rotation":{"angle":22.5,"axis":"y","origin":[6.7611427,4.662857,7.1634283]},"faces":{"east":{"uv":[1.3125,0.0,1.5,0.25],"rotation":0,"texture":"#1","tintindex":0},"south":{"uv":[1.3125,0.0,1.5,0.25],"rotation":0,"texture":"#1","tintindex":0},"north":{"uv":[1.3125,0.0,1.5,0.25],"rotation":0,"texture":"#1","tintindex":0},"west":{"uv":[1.3125,0.0,1.5,0.25],"rotation":0,"texture":"#1","tintindex":0},"up":{"uv":[1.3125,0.0,1.5,0.0625],"rotation":0,"texture":"#1","tintindex":0},"down":{"uv":[1.3125,0.0,1.5,0.0625],"rotation":0,"texture":"#1","tintindex":0}}},{"from":[6.56,4.9645715,7.528],"to":[8.822857,8.861714,9.690286],"rotation":{"angle":0.0,"axis":"y","origin":[7.6914287,6.9131427,8.797714]},"faces":{"east":{"uv":[6.625,7.75,7.1875,8.75],"rotation":0,"texture":"#1","tintindex":0},"south":{"uv":[7.75,8.0,8.3125,9.0],"rotation":0,"texture":"#1","tintindex":0},"north":{"uv":[8.0,6.75,8.5625,7.75],"rotation":0,"texture":"#1","tintindex":0},"west":{"uv":[8.0625,0.5625,8.625,1.5625],"rotation":0,"texture":"#1","tintindex":0},"up":{"uv":[10.9375,9.9375,10.375,9.375],"rotation":0,"texture":"#1","tintindex":0},"down":{"uv":[11.0,4.3125,10.4375,4.875],"rotation":0,"texture":"#1","tintindex":0}}},{"from":[8.244572,4.2605715,7.0],"to":[8.9988575,5.190857,7.326857],"rotation":{"angle":-22.5,"axis":"y","origin":[8.621715,4.662857,7.1634283]},"faces":{"east":{"uv":[1.3125,0.0,1.5,0.25],"rotation":0,"texture":"#1","tintindex":0},"south":{"uv":[1.3125,0.0,1.5,0.25],"rotation":0,"texture":"#1","tintindex":0},"north":{"uv":[1.3125,0.0,1.5,0.25],"rotation":0,"texture":"#1","tintindex":0},"west":{"uv":[1.3125,0.0,1.5,0.25],"rotation":0,"texture":"#1","tintindex":0},"up":{"uv":[1.3125,0.0,1.5,0.0625],"rotation":0,"texture":"#1","tintindex":0},"down":{"uv":[1.3125,0.0,1.5,0.0625],"rotation":0,"texture":"#1","tintindex":0}}}],"display":{"head":{"translation":[0.0,-6.4,0.0],"scale":[4.0,4.0,4.0]}}}