{"textures":{"1":"modelengine:entity/mammoth"},"elements":[{"from":[8.395429,3.7577143,5.7177143],"to":[9.149714,4.6879997,6.0445714],"rotation":{"angle":-22.5,"axis":"y","origin":[8.772572,4.16,5.8811426]},"faces":{"east":{"uv":[1.3125,0.0,1.5,0.25],"rotation":0,"texture":"#1","tintindex":0},"south":{"uv":[1.3125,0.0,1.5,0.25],"rotation":0,"texture":"#1","tintindex":0},"north":{"uv":[1.3125,0.0,1.5,0.25],"rotation":0,"texture":"#1","tintindex":0},"west":{"uv":[1.3125,0.0,1.5,0.25],"rotation":0,"texture":"#1","tintindex":0},"up":{"uv":[1.3125,0.0,1.5,0.0625],"rotation":0,"texture":"#1","tintindex":0},"down":{"uv":[1.3125,0.0,1.5,0.0625],"rotation":0,"texture":"#1","tintindex":0}}},{"from":[6.710857,4.084571,6.2205715],"to":[8.973715,8.484571,8.382857],"rotation":{"angle":0.0,"axis":"y","origin":[7.8422856,6.033143,7.490286]},"faces":{"east":{"uv":[7.5,0.8125,8.0625,1.875],"rotation":0,"texture":"#1","tintindex":0},"south":{"uv":[3.8125,7.625,4.375,8.6875],"rotation":0,"texture":"#1","tintindex":0},"north":{"uv":[7.4375,6.9375,8.0,8.0],"rotation":0,"texture":"#1","tintindex":0},"west":{"uv":[7.4375,6.9375,8.0,8.0],"rotation":0,"texture":"#1","tintindex":0},"up":{"uv":[10.3125,10.75,9.75,10.1875],"rotation":0,"texture":"#1","tintindex":0},"down":{"uv":[8.5,10.25,7.9375,10.8125],"rotation":0,"texture":"#1","tintindex":0}}},{"from":[6.5348573,3.7577143,5.893714],"to":[9.149714,5.0148573,8.533714],"rotation":{"angle":0.0,"axis":"y","origin":[7.8422856,6.033143,7.490286]},"faces":{"east":{"uv":[4.1875,11.375,4.8125,11.6875],"rotation":0,"texture":"#1","tintindex":0},"south":{"uv":[11.4375,5.9375,12.0625,6.25],"rotation":0,"texture":"#1","tintindex":0},"north":{"uv":[5.25,11.3125,5.875,11.625],"rotation":0,"texture":"#1","tintindex":0},"west":{"uv":[11.4375,5.9375,12.0625,6.25],"rotation":0,"texture":"#1","tintindex":0},"up":{"uv":[10.375,10.1875,9.75,9.5625],"rotation":0,"texture":"#1","tintindex":0},"down":{"uv":[3.1875,8.1875,3.8125,9.0625],"rotation":0,"texture":"#1","tintindex":0}}},{"from":[6.5348573,3.7577143,5.7177143],"to":[7.2891426,4.6879997,6.0445714],"rotation":{"angle":22.5,"axis":"y","origin":[6.9119997,4.16,5.8811426]},"faces":{"east":{"uv":[1.3125,0.0,1.5,0.25],"rotation":0,"texture":"#1","tintindex":0},"south":{"uv":[1.3125,0.0,1.5,0.25],"rotation":0,"texture":"#1","tintindex":0},"north":{"uv":[1.3125,0.0,1.5,0.25],"rotation":0,"texture":"#1","tintindex":0},"west":{"uv":[1.3125,0.0,1.5,0.25],"rotation":0,"texture":"#1","tintindex":0},"up":{"uv":[1.3125,0.0,1.5,0.0625],"rotation":0,"texture":"#1","tintindex":0},"down":{"uv":[1.3125,0.0,1.5,0.0625],"rotation":0,"texture":"#1","tintindex":0}}},{"from":[7.44,3.7577143,5.5668573],"to":[8.194285,4.6879997,5.893714],"rotation":{"angle":0.0,"axis":"y","origin":[7.8422856,6.033143,7.490286]},"faces":{"east":{"uv":[1.3125,0.0,1.5,0.25],"rotation":0,"texture":"#1","tintindex":0},"south":{"uv":[1.3125,0.0,1.5,0.25],"rotation":0,"texture":"#1","tintindex":0},"north":{"uv":[1.3125,0.0,1.5,0.25],"rotation":0,"texture":"#1","tintindex":0},"west":{"uv":[1.3125,0.0,1.5,0.25],"rotation":0,"texture":"#1","tintindex":0},"up":{"uv":[1.3125,0.0,1.5,0.0625],"rotation":0,"texture":"#1","tintindex":0},"down":{"uv":[1.3125,0.0,1.5,0.0625],"rotation":0,"texture":"#1","tintindex":0}}}],"display":{"head":{"translation":[0.0,-6.4,0.0],"scale":[4.0,4.0,4.0]}}}