{"textures":{"1":"modelengine:entity/mammoth"},"elements":[{"from":[7.4617143,4.7369814,9.081335],"to":[8.5931425,5.1141243,9.810478],"rotation":{"angle":-22.5,"axis":"x","origin":[8.505143,5.704982,9.445907]},"faces":{"east":{"uv":[2.8125,10.6875,3.0,10.8125],"rotation":0,"texture":"#1","tintindex":0},"south":{"uv":[12.25,4.6875,12.5625,4.8125],"rotation":0,"texture":"#1","tintindex":0},"north":{"uv":[12.125,2.0625,12.4375,2.1875],"rotation":0,"texture":"#1","tintindex":0},"west":{"uv":[10.75,2.5625,10.9375,2.6875],"rotation":0,"texture":"#1","tintindex":0},"up":{"uv":[7.375,5.3125,7.0625,5.125],"rotation":0,"texture":"#1","tintindex":0},"down":{"uv":[8.0,6.75,7.6875,6.9375],"rotation":0,"texture":"#1","tintindex":0}}},{"from":[7.4617143,6.3017144,7.9474287],"to":[8.643429,8.614857,9.078857],"rotation":{"angle":0.0,"axis":"y","origin":[8.052571,10.865143,9.317715]},"faces":{"east":{"uv":[7.9375,10.8125,8.375,11.4375],"rotation":0,"texture":"#1","tintindex":0},"south":{"uv":[10.5625,1.0,11.0625,1.625],"rotation":0,"texture":"#1","tintindex":0},"north":{"uv":[9.0625,10.5,9.5625,11.125],"rotation":0,"texture":"#1","tintindex":0},"west":{"uv":[8.375,10.8125,8.8125,11.4375],"rotation":0,"texture":"#1","tintindex":0},"up":{"uv":[11.625,8.0625,11.125,7.625],"rotation":0,"texture":"#1","tintindex":0},"down":{"uv":[9.3125,11.125,8.8125,11.5625],"rotation":0,"texture":"#1","tintindex":0}}},{"from":[7.562286,5.1954284,7.746286],"to":[8.542857,6.528,8.726857],"rotation":{"angle":-22.5,"axis":"x","origin":[8.052571,7.294857,8.488]},"faces":{"east":{"uv":[3.1875,9.6875,3.4375,10.0],"rotation":0,"texture":"#1","tintindex":0},"south":{"uv":[8.8125,10.8125,9.0625,11.125],"rotation":0,"texture":"#1","tintindex":0},"north":{"uv":[2.5625,3.6875,2.8125,4.0],"rotation":0,"texture":"#1","tintindex":0},"west":{"uv":[12.0625,5.875,12.3125,6.1875],"rotation":0,"texture":"#1","tintindex":0},"up":{"uv":[2.3125,6.6875,2.0625,6.4375],"rotation":0,"texture":"#1","tintindex":0},"down":{"uv":[7.4375,7.75,7.1875,8.0],"rotation":0,"texture":"#1","tintindex":0}}},{"from":[7.4617143,5.290124,8.880193],"to":[8.5931425,5.6672673,9.609335],"rotation":{"angle":-45.0,"axis":"x","origin":[8.505143,5.704982,9.445907]},"faces":{"east":{"uv":[11.1875,5.9375,11.375,6.0625],"rotation":0,"texture":"#1","tintindex":0},"south":{"uv":[12.25,8.9375,12.5625,9.0625],"rotation":0,"texture":"#1","tintindex":0},"north":{"uv":[12.25,6.5,12.5625,6.625],"rotation":0,"texture":"#1","tintindex":0},"west":{"uv":[6.8125,11.25,7.0,11.375],"rotation":0,"texture":"#1","tintindex":0},"up":{"uv":[8.1875,5.125,7.875,4.9375],"rotation":0,"texture":"#1","tintindex":0},"down":{"uv":[8.3125,3.75,8.0,3.9375],"rotation":0,"texture":"#1","tintindex":0}}},{"from":[7.4365716,4.9632673,8.402478],"to":[8.618286,5.86841,9.38305],"rotation":{"angle":-45.0,"axis":"x","origin":[8.505143,5.704982,9.445907]},"faces":{"east":{"uv":[9.0625,10.25,9.3125,10.5],"rotation":0,"texture":"#1","tintindex":0},"south":{"uv":[8.625,12.0625,8.9375,12.3125],"rotation":0,"texture":"#1","tintindex":0},"north":{"uv":[6.875,8.75,7.1875,9.0],"rotation":0,"texture":"#1","tintindex":0},"west":{"uv":[2.25,11.5,2.5,11.75],"rotation":0,"texture":"#1","tintindex":0},"up":{"uv":[12.375,9.3125,12.0625,9.0625],"rotation":0,"texture":"#1","tintindex":0},"down":{"uv":[12.375,9.3125,12.0625,9.5625],"rotation":0,"texture":"#1","tintindex":0}}}],"display":{"head":{"translation":[0.0,-6.4,0.0],"scale":[4.0,4.0,4.0]}}}