{"textures":{"1":"modelengine:entity/mammoth"},"elements":[{"from":[6.0304213,3.153216,16.004572],"to":[11.184708,8.20693,16.004572],"rotation":{"angle":0.0,"axis":"y","origin":[8.607564,6.4343586,11.453714]},"faces":{"east":{"uv":[0.0,0.0,0.0,1.25],"rotation":0,"texture":"#1","tintindex":0},"south":{"uv":[1.25,2.5625,0.3125,3.75],"rotation":180,"texture":"#1","tintindex":0},"west":{"uv":[0.0,0.0,0.0,1.25],"rotation":0,"texture":"#1","tintindex":0},"up":{"uv":[0.0,1.5625,0.0,0.0],"rotation":90,"texture":"#1","tintindex":0}}},{"from":[6.7177143,4.456151,11.415893],"to":[10.413714,5.4618654,13.301607],"rotation":{"angle":0.0,"axis":"y","origin":[8.553143,5.889294,9.253607]},"faces":{"east":{"uv":[11.9375,10.625,12.4375,10.875],"rotation":0,"texture":"#1","tintindex":0},"south":{"uv":[11.0625,3.4375,12.0,3.6875],"rotation":0,"texture":"#1","tintindex":0},"north":{"uv":[4.0625,2.25,5.0,2.5],"rotation":0,"texture":"#1","tintindex":0},"west":{"uv":[11.9375,10.875,12.4375,11.125],"rotation":0,"texture":"#1","tintindex":0},"up":{"uv":[9.75,3.75,8.8125,3.25],"rotation":0,"texture":"#1","tintindex":0},"down":{"uv":[5.5,7.875,6.4375,8.625],"rotation":180,"texture":"#1","tintindex":0}}},{"from":[6.541714,1.7234282,8.285714],"to":[10.564571,7.8331428,11.101714],"rotation":{"angle":22.5,"axis":"x","origin":[8.502857,8.16,19.474285]},"faces":{"east":{"uv":[3.0,5.125,3.6875,6.625],"rotation":0,"texture":"#1","tintindex":0},"south":{"uv":[1.5625,3.125,2.5625,4.625],"rotation":0,"texture":"#1","tintindex":0},"north":{"uv":[2.8125,2.5,3.8125,4.0],"rotation":0,"texture":"#1","tintindex":0},"west":{"uv":[5.25,0.0,5.9375,1.5],"rotation":0,"texture":"#1","tintindex":0},"up":{"uv":[7.3125,3.625,6.3125,2.9375],"rotation":0,"texture":"#1","tintindex":0},"down":{"uv":[7.3125,3.625,6.3125,4.3125],"rotation":0,"texture":"#1","tintindex":0}}},{"from":[6.918857,8.89093,6.4805117],"to":[10.137143,12.788073,8.366226],"rotation":{"angle":22.5,"axis":"x","origin":[8.553143,10.801786,6.9205117]},"faces":{"east":{"uv":[0.0,8.75,0.5,9.75],"rotation":0,"texture":"#1","tintindex":0},"south":{"uv":[5.9375,0.0,6.75,1.0],"rotation":0,"texture":"#1","tintindex":0},"north":{"uv":[5.875,5.3125,6.6875,6.3125],"rotation":0,"texture":"#1","tintindex":0},"west":{"uv":[8.8125,2.25,9.3125,3.25],"rotation":0,"texture":"#1","tintindex":0},"up":{"uv":[3.1875,10.1875,2.375,9.6875],"rotation":0,"texture":"#1","tintindex":0},"down":{"uv":[10.5625,3.25,9.75,3.75],"rotation":0,"texture":"#1","tintindex":0}}},{"from":[8.050285,9.593143,15.904],"to":[9.056,10.473143,17.21143],"rotation":{"angle":22.5,"axis":"x","origin":[8.553143,10.171429,17.085714]},"faces":{"east":{"uv":[11.125,12.0625,11.4375,12.3125],"rotation":0,"texture":"#1","tintindex":0},"south":{"uv":[5.5,12.1875,5.75,12.4375],"rotation":0,"texture":"#1","tintindex":0},"north":{"uv":[5.25,12.1875,5.5,12.4375],"rotation":0,"texture":"#1","tintindex":0},"west":{"uv":[11.4375,12.0625,11.75,12.3125],"rotation":0,"texture":"#1","tintindex":0},"up":{"uv":[1.25,12.4375,1.0,12.125],"rotation":0,"texture":"#1","tintindex":0},"down":{"uv":[2.125,12.125,1.875,12.4375],"rotation":0,"texture":"#1","tintindex":0}}},{"from":[6.918857,7.105787,5.2736545],"to":[10.137143,9.796073,6.5810833],"rotation":{"angle":-22.5,"axis":"x","origin":[8.553143,10.801786,6.9205117]},"faces":{"east":{"uv":[2.5,11.0625,2.8125,11.75],"rotation":0,"texture":"#1","tintindex":0},"south":{"uv":[8.0625,1.5625,8.875,2.25],"rotation":0,"texture":"#1","tintindex":0},"north":{"uv":[8.0,3.0625,8.8125,3.75],"rotation":0,"texture":"#1","tintindex":0},"west":{"uv":[4.9375,11.0625,5.25,11.75],"rotation":0,"texture":"#1","tintindex":0},"up":{"uv":[11.75,9.4375,10.9375,9.125],"rotation":0,"texture":"#1","tintindex":0},"down":{"uv":[11.75,9.4375,10.9375,9.75],"rotation":0,"texture":"#1","tintindex":0}}},{"from":[8.0,10.020572,14.797714],"to":[9.106286,10.950857,16.105145],"rotation":{"angle":0.0,"axis":"y","origin":[8.553143,10.171429,17.085714]},"faces":{"east":{"uv":[2.125,12.125,2.4375,12.375],"rotation":0,"texture":"#1","tintindex":0},"south":{"uv":[4.1875,12.25,4.4375,12.5],"rotation":0,"texture":"#1","tintindex":0},"north":{"uv":[3.9375,12.25,4.1875,12.5],"rotation":0,"texture":"#1","tintindex":0},"west":{"uv":[4.6875,12.125,5.0,12.375],"rotation":0,"texture":"#1","tintindex":0},"up":{"uv":[2.6875,12.4375,2.4375,12.125],"rotation":0,"texture":"#1","tintindex":0},"down":{"uv":[5.25,12.125,5.0,12.4375],"rotation":0,"texture":"#1","tintindex":0}}},{"from":[6.0137143,2.2262855,9.065143],"to":[11.092571,7.2799997,15.225143],"rotation":{"angle":22.5,"axis":"x","origin":[8.502857,8.16,19.474285]},"faces":{"east":{"uv":[0.0,0.0,1.5625,1.25],"rotation":0,"texture":"#1","tintindex":0},"south":{"uv":[2.8125,1.25,4.0625,2.5],"rotation":0,"texture":"#1","tintindex":0},"north":{"uv":[2.8125,0.0,4.0625,1.25],"rotation":0,"texture":"#1","tintindex":0},"west":{"uv":[0.0,1.25,1.5625,2.5],"rotation":0,"texture":"#1","tintindex":0},"up":{"uv":[2.8125,1.5625,1.5625,0.0],"rotation":0,"texture":"#1","tintindex":0},"down":{"uv":[5.5,7.875,6.4375,8.625],"rotation":180,"texture":"#1","tintindex":0}}},{"from":[11.142858,3.153216,8.319293],"to":[11.142858,8.20693,14.479293],"rotation":{"angle":0.0,"axis":"y","origin":[9.609143,6.4343586,11.399293]},"faces":{"east":{"uv":[1.5625,2.5,0.0,3.75],"rotation":0,"texture":"#1","tintindex":0},"south":{"uv":[0.0,0.0,0.0,1.25],"rotation":0,"texture":"#1","tintindex":0},"north":{"uv":[0.0,0.0,0.0,1.25],"rotation":0,"texture":"#1","tintindex":0},"up":{"uv":[0.0,1.5625,0.0,0.0],"rotation":0,"texture":"#1","tintindex":0}}},{"from":[6.541714,4.4782276,7.5086265],"to":[10.564571,5.483942,12.63777],"rotation":{"angle":22.5,"axis":"x","origin":[8.515429,7.495371,11.9463415]},"faces":{"east":{"uv":[10.1875,6.0625,11.4375,6.3125],"rotation":0,"texture":"#1","tintindex":0},"south":{"uv":[10.9375,10.875,11.9375,11.125],"rotation":0,"texture":"#1","tintindex":0},"north":{"uv":[10.9375,10.625,11.9375,10.875],"rotation":0,"texture":"#1","tintindex":0},"west":{"uv":[10.375,9.9375,11.625,10.1875],"rotation":0,"texture":"#1","tintindex":0},"up":{"uv":[5.875,6.0625,4.875,4.8125],"rotation":0,"texture":"#1","tintindex":0},"down":{"uv":[5.5,7.875,6.4375,8.625],"rotation":180,"texture":"#1","tintindex":0}}},{"from":[7.094857,3.913526,6.3657746],"to":[9.458286,4.9192405,8.125774],"rotation":{"angle":45.0,"axis":"x","origin":[8.553143,5.0952406,9.659489]},"faces":{"east":{"uv":[1.625,7.0625,2.0625,7.3125],"rotation":0,"texture":"#1","tintindex":0},"south":{"uv":[11.875,6.625,12.4375,6.875],"rotation":0,"texture":"#1","tintindex":0},"north":{"uv":[11.875,2.25,12.4375,2.5],"rotation":0,"texture":"#1","tintindex":0},"west":{"uv":[8.875,2.0,9.3125,2.25],"rotation":0,"texture":"#1","tintindex":0},"up":{"uv":[2.5,11.5,1.9375,11.0625],"rotation":0,"texture":"#1","tintindex":0},"down":{"uv":[11.625,3.0,11.0625,3.4375],"rotation":0,"texture":"#1","tintindex":0}}},{"from":[6.2902856,6.7787204,14.284679],"to":[10.841143,11.304435,15.16468],"rotation":{"angle":0.0,"axis":"y","origin":[8.515429,7.470149,11.90868]},"faces":{"east":{"uv":[5.9375,10.75,6.1875,11.875],"rotation":0,"texture":"#1","tintindex":0},"south":{"uv":[3.75,4.8125,4.875,5.9375],"rotation":0,"texture":"#1","tintindex":0},"north":{"uv":[2.0625,6.6875,3.125,7.3125],"rotation":0,"texture":"#1","tintindex":0},"west":{"uv":[6.1875,10.75,6.4375,11.875],"rotation":0,"texture":"#1","tintindex":0},"up":{"uv":[11.875,2.5625,10.75,2.3125],"rotation":0,"texture":"#1","tintindex":0},"down":{"uv":[5.3125,10.8125,4.1875,11.0625],"rotation":0,"texture":"#1","tintindex":0}}},{"from":[6.4662857,10.047292,14.234394],"to":[10.665143,12.486149,17.150967],"rotation":{"angle":45.0,"axis":"x","origin":[8.565714,10.789006,13.203537]},"faces":{"east":{"uv":[4.75,6.6875,3.6875,5.9375],"rotation":0,"texture":"#1","tintindex":0},"south":{"uv":[4.75,6.6875,3.6875,5.9375],"rotation":0,"texture":"#1","tintindex":0},"north":{"uv":[4.75,6.6875,3.6875,5.9375],"rotation":0,"texture":"#1","tintindex":0},"west":{"uv":[4.75,6.6875,3.6875,5.9375],"rotation":0,"texture":"#1","tintindex":0},"up":{"uv":[4.75,6.6875,3.6875,5.9375],"rotation":0,"texture":"#1","tintindex":0},"down":{"uv":[4.75,6.6875,3.6875,5.9375],"rotation":0,"texture":"#1","tintindex":0}}},{"from":[6.0304213,3.153216,6.664],"to":[11.184708,8.20693,6.664],"rotation":{"angle":0.0,"axis":"y","origin":[8.607564,6.4343586,10.397715]},"faces":{"east":{"uv":[0.0,0.0,0.0,1.25],"rotation":0,"texture":"#1","tintindex":0},"north":{"uv":[0.3125,2.5625,1.25,3.75],"rotation":180,"texture":"#1","tintindex":0},"west":{"uv":[0.0,0.0,0.0,1.25],"rotation":0,"texture":"#1","tintindex":0},"up":{"uv":[0.0,1.5625,0.0,0.0],"rotation":90,"texture":"#1","tintindex":0}}},{"from":[5.950857,3.153216,8.319293],"to":[5.950857,8.20693,14.479293],"rotation":{"angle":0.0,"axis":"y","origin":[8.553143,6.4343586,11.399293]},"faces":{"south":{"uv":[0.0,0.0,0.0,1.25],"rotation":0,"texture":"#1","tintindex":0},"north":{"uv":[0.0,0.0,0.0,1.25],"rotation":0,"texture":"#1","tintindex":0},"west":{"uv":[0.0,2.5,1.5625,3.75],"rotation":0,"texture":"#1","tintindex":0},"up":{"uv":[0.0,1.5625,0.0,0.0],"rotation":0,"texture":"#1","tintindex":0}}},{"from":[6.214857,8.337578,11.544108],"to":[10.916572,10.776435,14.360108],"rotation":{"angle":-22.5,"axis":"x","origin":[8.565714,10.789006,13.203537]},"faces":{"east":{"uv":[9.1875,7.0625,9.875,7.6875],"rotation":0,"texture":"#1","tintindex":0},"south":{"uv":[6.3125,1.625,7.5,2.25],"rotation":0,"texture":"#1","tintindex":0},"north":{"uv":[6.3125,1.0,7.5,1.625],"rotation":0,"texture":"#1","tintindex":0},"west":{"uv":[9.1875,7.6875,9.875,8.3125],"rotation":0,"texture":"#1","tintindex":0},"up":{"uv":[2.1875,6.4375,1.0,5.75],"rotation":0,"texture":"#1","tintindex":0},"down":{"uv":[7.0625,4.625,5.875,5.3125],"rotation":0,"texture":"#1","tintindex":0}}},{"from":[6.152,6.7787204,9.507537],"to":[10.979429,11.304435,14.284679],"rotation":{"angle":0.0,"axis":"y","origin":[8.515429,7.470149,11.90868]},"faces":{"east":{"uv":[2.5625,4.0,3.75,5.125],"rotation":0,"texture":"#1","tintindex":0},"south":{"uv":[4.0625,0.0,5.25,1.125],"rotation":0,"texture":"#1","tintindex":0},"north":{"uv":[3.8125,3.6875,5.0,4.8125],"rotation":0,"texture":"#1","tintindex":0},"west":{"uv":[4.0625,1.125,5.25,2.25],"rotation":0,"texture":"#1","tintindex":0},"up":{"uv":[1.1875,4.9375,0.0,3.75],"rotation":0,"texture":"#1","tintindex":0},"down":{"uv":[5.0,2.5,3.8125,3.6875],"rotation":0,"texture":"#1","tintindex":0}}},{"from":[8.100572,9.115429,16.557714],"to":[9.005714,10.347428,17.337143],"rotation":{"angle":-22.5,"axis":"x","origin":[8.553143,10.171429,17.085714]},"faces":{"east":{"uv":[7.6875,12.25,7.875,12.5625],"rotation":0,"texture":"#1","tintindex":0},"south":{"uv":[10.875,12.0625,11.125,12.375],"rotation":0,"texture":"#1","tintindex":0},"north":{"uv":[10.625,12.0625,10.875,12.375],"rotation":0,"texture":"#1","tintindex":0},"west":{"uv":[7.875,12.25,8.0625,12.5625],"rotation":0,"texture":"#1","tintindex":0},"up":{"uv":[7.5,1.0,7.25,0.8125],"rotation":0,"texture":"#1","tintindex":0},"down":{"uv":[0.8125,7.6875,0.5625,7.875],"rotation":0,"texture":"#1","tintindex":0}}}],"display":{"head":{"translation":[0.0,-6.4,0.0],"scale":[4.0,4.0,4.0]}}}