{"textures":{"0":"modelengine:entity/giraffe"},"elements":[{"from":[8.041708,-5.7837496,5.027646],"to":[10.174625,4.2153964,7.5499682],"rotation":{"angle":0.0,"axis":"y","origin":[12.633222,10.39237,6.69297]},"faces":{"east":{"uv":[5.75,0.5,6.0,1.5625],"rotation":0,"texture":"#0","tintindex":0},"south":{"uv":[0.75,5.75,1.0,6.8125],"rotation":0,"texture":"#0","tintindex":0},"north":{"uv":[0.5,5.75,0.75,6.8125],"rotation":0,"texture":"#0","tintindex":0},"west":{"uv":[5.75,1.5625,6.0,2.625],"rotation":0,"texture":"#0","tintindex":0},"up":{"uv":[7.5625,3.1875,7.3125,2.9375],"rotation":0,"texture":"#0","tintindex":0},"down":{"uv":[3.5,7.375,3.25,7.625],"rotation":0,"texture":"#0","tintindex":0}}},{"from":[7.8940945,4.028616,4.6540856],"to":[10.322239,8.033205,8.105553],"rotation":{"angle":0.0,"axis":"y","origin":[12.633222,13.562845,6.2643986]},"faces":{"east":{"uv":[1.0,6.75,1.375,7.1875],"rotation":0,"texture":"#0","tintindex":0},"south":{"uv":[3.25,6.9375,3.5,7.375],"rotation":0,"texture":"#0","tintindex":0},"north":{"uv":[1.875,4.875,2.125,5.3125],"rotation":0,"texture":"#0","tintindex":0},"west":{"uv":[1.375,6.75,1.75,7.1875],"rotation":0,"texture":"#0","tintindex":0},"up":{"uv":[0.4375,7.5,0.1875,7.125],"rotation":0,"texture":"#0","tintindex":0},"down":{"uv":[1.5625,7.1875,1.3125,7.5625],"rotation":0,"texture":"#0","tintindex":0}}},{"from":[7.707314,-6.9367657,4.249413],"to":[10.50902,-5.068961,6.864338],"rotation":{"angle":0.0,"axis":"y","origin":[12.633222,10.39237,6.69297]},"faces":{"east":{"uv":[1.8125,7.4375,2.125,7.625],"rotation":0,"texture":"#0","tintindex":0},"south":{"uv":[7.4375,3.1875,7.75,3.375],"rotation":0,"texture":"#0","tintindex":0},"north":{"uv":[7.4375,1.5625,7.75,1.75],"rotation":0,"texture":"#0","tintindex":0},"west":{"uv":[7.4375,3.375,7.75,3.5625],"rotation":0,"texture":"#0","tintindex":0},"up":{"uv":[7.4375,3.5625,7.125,3.25],"rotation":0,"texture":"#0","tintindex":0},"down":{"uv":[7.4375,4.625,7.125,4.9375],"rotation":0,"texture":"#0","tintindex":0}}}],"display":{"head":{"translation":[0.0,-6.4,0.0],"scale":[4.0,4.0,4.0]}}}