{"textures":{"0":"modelengine:entity/cheetah"},"elements":[{"from":[6.8665295,6.4002666,5.212267],"to":[9.231378,7.108113,6.917532],"rotation":{"angle":22.5,"axis":"x","origin":[8.034286,7.5003443,6.5433044]},"faces":{"east":{"uv":[1.5,1.625,0.5,2.125],"rotation":0,"texture":"#0","tintindex":0},"south":{"uv":[5.75,1.25,6.875,3.25],"rotation":0,"texture":"#0","tintindex":0},"north":{"uv":[5.75,1.25,6.875,3.25],"rotation":0,"texture":"#0","tintindex":0},"west":{"uv":[0.5,1.625,1.5,2.125],"rotation":0,"texture":"#0","tintindex":0},"up":{"uv":[5.75,1.25,6.875,3.25],"rotation":0,"texture":"#0","tintindex":0},"down":{"uv":[5.75,1.25,6.875,3.25],"rotation":0,"texture":"#0","tintindex":0}}},{"from":[7.436786,8.951031,7.252788],"to":[8.337681,10.1093235,7.510186],"rotation":{"angle":45.0,"axis":"z","origin":[8.034286,7.5003443,6.5433044]},"faces":{"east":{"uv":[1.375,5.625,1.5,6.25],"rotation":0,"texture":"#0","tintindex":0},"south":{"uv":[1.375,5.75,2.0,6.375],"rotation":0,"texture":"#0","tintindex":0},"north":{"uv":[7.125,2.625,7.75,2.75],"rotation":0,"texture":"#0","tintindex":0},"west":{"uv":[6.0,5.25,6.125,5.875],"rotation":0,"texture":"#0","tintindex":0},"up":{"uv":[7.125,2.625,7.75,2.75],"rotation":0,"texture":"#0","tintindex":0},"down":{"uv":[7.125,2.625,7.75,2.75],"rotation":0,"texture":"#0","tintindex":0}}},{"from":[7.660708,7.832007,5.7871275],"to":[8.4372,9.151175,6.720197],"rotation":{"angle":-45.0,"axis":"x","origin":[8.034286,7.5003443,6.5433044]},"faces":{"east":{"uv":[1.75,1.75,2.25,2.125],"rotation":0,"texture":"#0","tintindex":0},"south":{"uv":[1.75,1.75,2.25,2.125],"rotation":0,"texture":"#0","tintindex":0},"north":{"uv":[1.75,1.75,2.25,2.125],"rotation":0,"texture":"#0","tintindex":0},"west":{"uv":[1.75,1.75,2.25,2.125],"rotation":0,"texture":"#0","tintindex":0},"up":{"uv":[1.75,1.75,2.25,2.125],"rotation":0,"texture":"#0","tintindex":0},"down":{"uv":[1.75,1.75,2.25,2.125],"rotation":0,"texture":"#0","tintindex":0}}},{"from":[7.2598166,6.5325055,5.7987385],"to":[7.5035653,7.288126,6.042487],"rotation":{"angle":0.0,"axis":"y","origin":[8.034286,7.5003443,6.5433044]},"faces":{"east":{"uv":[1.25,3.625,1.375,3.75],"rotation":0,"texture":"#0","tintindex":0},"south":{"uv":[1.25,3.625,1.375,3.75],"rotation":0,"texture":"#0","tintindex":0},"north":{"uv":[1.25,3.625,1.375,3.75],"rotation":0,"texture":"#0","tintindex":0},"west":{"uv":[1.25,3.625,1.375,3.75],"rotation":0,"texture":"#0","tintindex":0},"up":{"uv":[1.25,3.625,1.375,3.75],"rotation":0,"texture":"#0","tintindex":0},"down":{"uv":[1.25,3.625,1.375,3.75],"rotation":0,"texture":"#0","tintindex":0}}},{"from":[7.6708994,9.068937,6.546892],"to":[8.443095,9.464785,8.636305],"rotation":{"angle":0.0,"axis":"y","origin":[8.034286,7.5003443,6.5433044]},"faces":{"east":{"uv":[5.75,1.25,6.875,3.25],"rotation":0,"texture":"#0","tintindex":0},"south":{"uv":[5.75,1.25,6.875,3.25],"rotation":0,"texture":"#0","tintindex":0},"north":{"uv":[1.375,1.125,1.875,0.125],"rotation":0,"texture":"#0","tintindex":0},"west":{"uv":[5.75,1.25,6.875,3.25],"rotation":0,"texture":"#0","tintindex":0},"up":{"uv":[8.0,3.625,8.375,2.625],"rotation":0,"texture":"#0","tintindex":0},"down":{"uv":[5.75,1.25,6.875,3.25],"rotation":0,"texture":"#0","tintindex":0}}},{"from":[7.4270406,7.897882,6.062499],"to":[8.670867,9.08835,7.0599184],"rotation":{"angle":-22.5,"axis":"x","origin":[8.034286,7.5003443,6.5433044]},"faces":{"east":{"uv":[1.75,1.75,2.25,2.125],"rotation":0,"texture":"#0","tintindex":0},"south":{"uv":[1.75,1.75,2.25,2.125],"rotation":0,"texture":"#0","tintindex":0},"north":{"uv":[1.75,1.75,2.25,2.125],"rotation":0,"texture":"#0","tintindex":0},"west":{"uv":[1.75,1.75,2.25,2.125],"rotation":0,"texture":"#0","tintindex":0},"up":{"uv":[1.75,1.75,2.25,2.125],"rotation":0,"texture":"#0","tintindex":0},"down":{"uv":[1.75,1.75,2.25,2.125],"rotation":0,"texture":"#0","tintindex":0}}},{"from":[7.293627,6.206983,5.0714245],"to":[7.5373755,7.0601034,5.315173],"rotation":{"angle":0.0,"axis":"y","origin":[8.034286,7.5003443,6.5433044]},"faces":{"east":{"uv":[1.25,3.625,1.375,3.75],"rotation":0,"texture":"#0","tintindex":0},"south":{"uv":[1.25,3.625,1.375,3.75],"rotation":0,"texture":"#0","tintindex":0},"north":{"uv":[1.25,3.625,1.375,3.75],"rotation":0,"texture":"#0","tintindex":0},"west":{"uv":[1.25,3.625,1.375,3.75],"rotation":0,"texture":"#0","tintindex":0},"up":{"uv":[1.25,3.625,1.375,3.75],"rotation":0,"texture":"#0","tintindex":0},"down":{"uv":[1.25,3.625,1.375,3.75],"rotation":0,"texture":"#0","tintindex":0}}},{"from":[8.132415,6.7621,4.807502],"to":[9.001135,7.4377713,5.4509983],"rotation":{"angle":0.0,"axis":"y","origin":[8.034286,7.5003443,6.5433044]},"faces":{"east":{"uv":[2.125,0.0,2.875,0.5],"rotation":0,"texture":"#0","tintindex":0},"south":{"uv":[2.125,0.0,2.875,0.5],"rotation":0,"texture":"#0","tintindex":0},"north":{"uv":[2.125,0.0,2.875,0.5],"rotation":0,"texture":"#0","tintindex":0},"west":{"uv":[2.125,0.0,2.875,0.5],"rotation":0,"texture":"#0","tintindex":0},"up":{"uv":[2.125,0.0,2.875,0.5],"rotation":0,"texture":"#0","tintindex":0},"down":{"uv":[2.125,0.0,2.875,0.5],"rotation":0,"texture":"#0","tintindex":0}}},{"from":[6.8021793,7.5622287,6.19988],"to":[9.27964,8.2379,7.197299],"rotation":{"angle":-45.0,"axis":"x","origin":[8.034286,7.5003443,6.5433044]},"faces":{"east":{"uv":[1.75,1.875,2.25,2.125],"rotation":0,"texture":"#0","tintindex":0},"south":{"uv":[1.75,1.875,2.25,2.125],"rotation":0,"texture":"#0","tintindex":0},"north":{"uv":[1.75,1.875,2.25,2.125],"rotation":0,"texture":"#0","tintindex":0},"west":{"uv":[1.75,1.875,2.25,2.125],"rotation":0,"texture":"#0","tintindex":0},"up":{"uv":[10.0,1.75,10.375,2.125],"rotation":0,"texture":"#0","tintindex":0},"down":{"uv":[1.75,1.875,2.25,2.125],"rotation":0,"texture":"#0","tintindex":0}}},{"from":[7.308087,8.951031,7.027564],"to":[8.498555,10.270198,7.2849627],"rotation":{"angle":45.0,"axis":"z","origin":[8.034286,7.5003443,6.5433044]},"faces":{"east":{"uv":[7.875,2.25,8.5,2.375],"rotation":90,"texture":"#0","tintindex":0},"south":{"uv":[7.5,1.625,8.125,2.375],"rotation":0,"texture":"#0","tintindex":0},"north":{"uv":[6.25,4.375,6.875,5.25],"rotation":0,"texture":"#0","tintindex":0},"west":{"uv":[7.875,2.25,8.5,2.375],"rotation":90,"texture":"#0","tintindex":0},"up":{"uv":[7.875,2.25,8.5,2.375],"rotation":0,"texture":"#0","tintindex":0},"down":{"uv":[5.75,1.25,6.875,3.25],"rotation":0,"texture":"#0","tintindex":0}}},{"from":[8.471687,8.209967,5.932678],"to":[9.160898,8.927563,6.190077],"rotation":{"angle":-22.5,"axis":"y","origin":[8.034286,7.5003443,6.5433044]},"faces":{"east":{"uv":[5.75,1.25,6.875,3.25],"rotation":0,"texture":"#0","tintindex":0},"south":{"uv":[5.75,1.25,6.875,3.25],"rotation":0,"texture":"#0","tintindex":0},"north":{"uv":[1.0,1.25,1.5,1.625],"rotation":0,"texture":"#0","tintindex":0},"west":{"uv":[5.75,1.25,6.875,3.25],"rotation":0,"texture":"#0","tintindex":0},"up":{"uv":[5.75,1.25,6.875,3.25],"rotation":0,"texture":"#0","tintindex":0},"down":{"uv":[5.75,1.25,6.875,3.25],"rotation":0,"texture":"#0","tintindex":0}}},{"from":[8.469124,6.1826086,5.0714245],"to":[8.7128725,7.0601034,5.315173],"rotation":{"angle":0.0,"axis":"y","origin":[8.034286,7.5003443,6.5433044]},"faces":{"east":{"uv":[1.25,3.625,1.375,3.75],"rotation":0,"texture":"#0","tintindex":0},"south":{"uv":[1.25,3.625,1.375,3.75],"rotation":0,"texture":"#0","tintindex":0},"north":{"uv":[1.25,3.625,1.375,3.75],"rotation":0,"texture":"#0","tintindex":0},"west":{"uv":[1.25,3.625,1.375,3.75],"rotation":0,"texture":"#0","tintindex":0},"up":{"uv":[1.25,3.625,1.375,3.75],"rotation":0,"texture":"#0","tintindex":0},"down":{"uv":[1.25,3.625,1.375,3.75],"rotation":0,"texture":"#0","tintindex":0}}},{"from":[7.252627,7.74914,5.4234686],"to":[8.90963,8.682209,6.227839],"rotation":{"angle":-45.0,"axis":"x","origin":[8.034286,7.5003443,6.5433044]},"faces":{"east":{"uv":[5.875,3.0,6.5,3.375],"rotation":0,"texture":"#0","tintindex":0},"south":{"uv":[5.875,3.0,6.5,3.375],"rotation":0,"texture":"#0","tintindex":0},"north":{"uv":[5.875,3.0,6.5,3.375],"rotation":0,"texture":"#0","tintindex":0},"west":{"uv":[5.875,3.0,6.5,3.375],"rotation":0,"texture":"#0","tintindex":0},"up":{"uv":[5.875,3.0,6.5,3.375],"rotation":0,"texture":"#0","tintindex":0},"down":{"uv":[5.875,3.0,6.5,3.375],"rotation":0,"texture":"#0","tintindex":0}}},{"from":[8.551684,6.611134,5.384366],"to":[8.795433,7.3667545,5.6281147],"rotation":{"angle":0.0,"axis":"y","origin":[8.034286,7.5003443,6.5433044]},"faces":{"east":{"uv":[1.25,3.625,1.375,3.75],"rotation":0,"texture":"#0","tintindex":0},"south":{"uv":[1.25,3.625,1.375,3.75],"rotation":0,"texture":"#0","tintindex":0},"north":{"uv":[1.25,3.625,1.375,3.75],"rotation":0,"texture":"#0","tintindex":0},"west":{"uv":[1.25,3.625,1.375,3.75],"rotation":0,"texture":"#0","tintindex":0},"up":{"uv":[1.25,3.625,1.375,3.75],"rotation":0,"texture":"#0","tintindex":0},"down":{"uv":[1.25,3.625,1.375,3.75],"rotation":0,"texture":"#0","tintindex":0}}},{"from":[7.495558,6.3609524,5.801981],"to":[8.563035,7.0687985,6.917532],"rotation":{"angle":22.5,"axis":"x","origin":[8.034286,7.46103,6.5433044]},"faces":{"east":{"uv":[1.5,1.625,0.5,2.125],"rotation":0,"texture":"#0","tintindex":0},"south":{"uv":[5.75,1.25,6.875,3.25],"rotation":0,"texture":"#0","tintindex":0},"north":{"uv":[5.75,1.25,6.875,3.25],"rotation":0,"texture":"#0","tintindex":0},"west":{"uv":[0.5,1.625,1.5,2.125],"rotation":0,"texture":"#0","tintindex":0},"up":{"uv":[5.75,1.25,6.875,3.25],"rotation":0,"texture":"#0","tintindex":0},"down":{"uv":[1.0,4.25,1.25,3.75],"rotation":0,"texture":"#0","tintindex":0}}},{"from":[7.5371046,8.791731,5.4065504],"to":[8.560802,9.210004,5.8569975],"rotation":{"angle":-45.0,"axis":"x","origin":[8.034286,7.5003443,6.5433044]},"faces":{"east":{"uv":[9.0,4.375,9.375,4.625],"rotation":0,"texture":"#0","tintindex":0},"south":{"uv":[9.0,4.375,9.375,4.625],"rotation":0,"texture":"#0","tintindex":0},"north":{"uv":[9.0,4.375,9.375,4.625],"rotation":0,"texture":"#0","tintindex":0},"west":{"uv":[9.0,4.375,9.375,4.625],"rotation":0,"texture":"#0","tintindex":0},"up":{"uv":[9.0,4.375,9.375,4.625],"rotation":0,"texture":"#0","tintindex":0},"down":{"uv":[9.0,4.375,9.375,4.625],"rotation":0,"texture":"#0","tintindex":0}}},{"from":[7.893563,6.6488757,5.2137423],"to":[8.137311,7.2094975,5.457491],"rotation":{"angle":0.0,"axis":"y","origin":[8.034286,7.5003443,6.5433044]},"faces":{"east":{"uv":[1.25,3.625,1.375,3.75],"rotation":0,"texture":"#0","tintindex":0},"south":{"uv":[1.25,3.625,1.375,3.75],"rotation":0,"texture":"#0","tintindex":0},"north":{"uv":[1.25,3.625,1.375,3.75],"rotation":0,"texture":"#0","tintindex":0},"west":{"uv":[1.25,3.625,1.375,3.75],"rotation":0,"texture":"#0","tintindex":0},"up":{"uv":[1.25,3.625,1.375,3.75],"rotation":0,"texture":"#0","tintindex":0},"down":{"uv":[1.25,3.625,1.375,3.75],"rotation":0,"texture":"#0","tintindex":0}}},{"from":[7.2204523,7.5134172,5.790689],"to":[8.941805,8.478662,6.447835],"rotation":{"angle":-22.5,"axis":"x","origin":[8.034286,7.5003443,6.5433044]},"faces":{"east":{"uv":[5.875,3.0,6.5,3.375],"rotation":0,"texture":"#0","tintindex":0},"south":{"uv":[5.875,3.0,6.5,3.375],"rotation":0,"texture":"#0","tintindex":0},"north":{"uv":[5.875,3.0,6.5,3.375],"rotation":0,"texture":"#0","tintindex":0},"west":{"uv":[5.875,3.0,6.5,3.375],"rotation":0,"texture":"#0","tintindex":0},"up":{"uv":[5.875,3.0,6.5,3.375],"rotation":0,"texture":"#0","tintindex":0},"down":{"uv":[5.875,3.0,6.5,3.375],"rotation":0,"texture":"#0","tintindex":0}}},{"from":[6.8343544,8.0921755,7.2810946],"to":[9.27964,8.832196,7.8602414],"rotation":{"angle":-45.0,"axis":"x","origin":[8.034286,7.5003443,6.5433044]},"faces":{"east":{"uv":[3.625,1.375,4.0,2.125],"rotation":0,"texture":"#0","tintindex":0},"south":{"uv":[1.125,1.125,2.125,0.125],"rotation":0,"texture":"#0","tintindex":0},"north":{"uv":[1.125,0.625,2.125,0.75],"rotation":0,"texture":"#0","tintindex":0},"west":{"uv":[3.625,1.375,4.0,2.125],"rotation":0,"texture":"#0","tintindex":0},"up":{"uv":[1.0,1.125,2.25,1.375],"rotation":0,"texture":"#0","tintindex":0},"down":{"uv":[5.75,1.25,6.875,3.25],"rotation":0,"texture":"#0","tintindex":0}}},{"from":[6.8173995,7.4829583,4.775327],"to":[7.911343,8.22298,6.577117],"rotation":{"angle":22.5,"axis":"z","origin":[8.034286,7.5003443,6.5433044]},"faces":{"east":{"uv":[5.75,1.25,6.875,3.25],"rotation":0,"texture":"#0","tintindex":0},"south":{"uv":[5.75,1.25,6.875,3.25],"rotation":0,"texture":"#0","tintindex":0},"north":{"uv":[2.5,1.625,3.125,2.125],"rotation":0,"texture":"#0","tintindex":0},"west":{"uv":[0.75,1.625,1.75,2.125],"rotation":0,"texture":"#0","tintindex":0},"up":{"uv":[2.125,2.0,2.75,1.0],"rotation":0,"texture":"#0","tintindex":0},"down":{"uv":[5.75,1.25,6.875,3.25],"rotation":0,"texture":"#0","tintindex":0}}},{"from":[6.612999,6.738872,6.3356395],"to":[9.48376,8.953462,8.523526],"rotation":{"angle":0.0,"axis":"y","origin":[7.7984,6.871316,5.1673045]},"faces":{"east":{"uv":[3.25,1.125,4.25,2.125],"rotation":0,"texture":"#0","tintindex":0},"south":{"uv":[5.75,1.25,6.875,3.25],"rotation":0,"texture":"#0","tintindex":0},"north":{"uv":[3.25,1.125,4.25,2.125],"rotation":0,"texture":"#0","tintindex":0},"west":{"uv":[3.25,1.125,4.25,2.125],"rotation":0,"texture":"#0","tintindex":0},"up":{"uv":[5.75,1.25,6.875,3.25],"rotation":0,"texture":"#0","tintindex":0},"down":{"uv":[5.75,1.25,6.875,3.25],"rotation":0,"texture":"#0","tintindex":0}}},{"from":[8.527309,6.5325055,5.7987385],"to":[8.771058,7.288126,6.042487],"rotation":{"angle":0.0,"axis":"y","origin":[8.034286,7.5003443,6.5433044]},"faces":{"east":{"uv":[1.25,3.625,1.375,3.75],"rotation":0,"texture":"#0","tintindex":0},"south":{"uv":[1.25,3.625,1.375,3.75],"rotation":0,"texture":"#0","tintindex":0},"north":{"uv":[1.25,3.625,1.375,3.75],"rotation":0,"texture":"#0","tintindex":0},"west":{"uv":[1.25,3.625,1.375,3.75],"rotation":0,"texture":"#0","tintindex":0},"up":{"uv":[1.25,3.625,1.375,3.75],"rotation":0,"texture":"#0","tintindex":0},"down":{"uv":[1.25,3.625,1.375,3.75],"rotation":0,"texture":"#0","tintindex":0}}},{"from":[6.9594364,8.034814,6.0623198],"to":[9.122383,8.370841,6.544942],"rotation":{"angle":0.0,"axis":"y","origin":[8.034286,7.5003443,6.5433044]},"faces":{"east":{"uv":[5.875,3.0,6.5,3.375],"rotation":0,"texture":"#0","tintindex":0},"south":{"uv":[5.875,3.0,6.5,3.375],"rotation":0,"texture":"#0","tintindex":0},"north":{"uv":[5.875,3.0,6.5,3.375],"rotation":0,"texture":"#0","tintindex":0},"west":{"uv":[5.875,3.0,6.5,3.375],"rotation":0,"texture":"#0","tintindex":0},"up":{"uv":[5.875,3.0,6.5,3.375],"rotation":0,"texture":"#0","tintindex":0},"down":{"uv":[5.875,3.0,6.5,3.375],"rotation":0,"texture":"#0","tintindex":0}}},{"from":[7.099989,9.098438,6.538117],"to":[8.451331,9.452361,8.636305],"rotation":{"angle":22.5,"axis":"z","origin":[8.034286,7.5003443,6.5433044]},"faces":{"east":{"uv":[5.75,1.25,6.875,3.25],"rotation":0,"texture":"#0","tintindex":0},"south":{"uv":[7.5,0.0,8.25,0.25],"rotation":0,"texture":"#0","tintindex":0},"north":{"uv":[1.125,0.5,2.125,0.375],"rotation":0,"texture":"#0","tintindex":0},"west":{"uv":[8.75,1.5,9.625,1.625],"rotation":0,"texture":"#0","tintindex":0},"up":{"uv":[8.0,2.75,8.5,1.75],"rotation":0,"texture":"#0","tintindex":0},"down":{"uv":[5.75,1.25,6.875,3.25],"rotation":0,"texture":"#0","tintindex":0}}},{"from":[7.6010647,6.6488757,5.2137423],"to":[7.8448133,7.2094975,5.457491],"rotation":{"angle":0.0,"axis":"y","origin":[8.034286,7.5003443,6.5433044]},"faces":{"east":{"uv":[1.25,3.625,1.375,3.75],"rotation":0,"texture":"#0","tintindex":0},"south":{"uv":[1.25,3.625,1.375,3.75],"rotation":0,"texture":"#0","tintindex":0},"north":{"uv":[1.25,3.625,1.375,3.75],"rotation":0,"texture":"#0","tintindex":0},"west":{"uv":[1.25,3.625,1.375,3.75],"rotation":0,"texture":"#0","tintindex":0},"up":{"uv":[1.25,3.625,1.375,3.75],"rotation":0,"texture":"#0","tintindex":0},"down":{"uv":[1.25,3.625,1.375,3.75],"rotation":0,"texture":"#0","tintindex":0}}},{"from":[8.147519,7.492264,4.775327],"to":[9.273638,8.232285,6.577117],"rotation":{"angle":-22.5,"axis":"z","origin":[8.034286,7.5003443,6.5433044]},"faces":{"east":{"uv":[1.75,1.625,0.75,2.125],"rotation":0,"texture":"#0","tintindex":0},"south":{"uv":[5.75,1.25,6.875,3.25],"rotation":0,"texture":"#0","tintindex":0},"north":{"uv":[3.125,1.625,2.5,2.125],"rotation":0,"texture":"#0","tintindex":0},"west":{"uv":[5.75,1.25,6.875,3.25],"rotation":0,"texture":"#0","tintindex":0},"up":{"uv":[0.5,2.0,1.125,1.0],"rotation":0,"texture":"#0","tintindex":0},"down":{"uv":[5.75,1.25,6.875,3.25],"rotation":0,"texture":"#0","tintindex":0}}},{"from":[6.9301386,8.209967,5.9419837],"to":[7.619349,8.927563,6.1993823],"rotation":{"angle":22.5,"axis":"y","origin":[8.034286,7.5003443,6.5433044]},"faces":{"east":{"uv":[5.75,1.25,6.875,3.25],"rotation":0,"texture":"#0","tintindex":0},"south":{"uv":[5.75,1.25,6.875,3.25],"rotation":0,"texture":"#0","tintindex":0},"north":{"uv":[1.75,1.25,2.25,1.625],"rotation":0,"texture":"#0","tintindex":0},"west":{"uv":[5.75,1.25,6.875,3.25],"rotation":0,"texture":"#0","tintindex":0},"up":{"uv":[5.75,1.25,6.875,3.25],"rotation":0,"texture":"#0","tintindex":0},"down":{"uv":[5.75,1.25,6.875,3.25],"rotation":0,"texture":"#0","tintindex":0}}},{"from":[7.5872107,8.968225,7.027564],"to":[8.7776785,10.287393,7.2849627],"rotation":{"angle":-45.0,"axis":"z","origin":[8.034286,7.5003443,6.5433044]},"faces":{"east":{"uv":[1.375,5.625,1.5,6.25],"rotation":0,"texture":"#0","tintindex":0},"south":{"uv":[7.5,1.625,8.125,2.375],"rotation":0,"texture":"#0","tintindex":0},"north":{"uv":[6.25,4.375,6.875,5.25],"rotation":0,"texture":"#0","tintindex":0},"west":{"uv":[1.375,5.625,1.5,6.25],"rotation":0,"texture":"#0","tintindex":0},"up":{"uv":[1.375,5.625,1.5,6.25],"rotation":90,"texture":"#0","tintindex":0},"down":{"uv":[5.75,1.25,6.875,3.25],"rotation":0,"texture":"#0","tintindex":0}}},{"from":[6.4482565,6.522598,6.6092916],"to":[9.633563,8.9249525,8.571955],"rotation":{"angle":0.0,"axis":"y","origin":[8.034286,7.5396585,6.5433044]},"faces":{"east":{"uv":[8.75,0.0,9.625,1.5],"rotation":0,"texture":"#0","tintindex":0},"south":{"uv":[7.125,0.0,8.5,1.5],"rotation":0,"texture":"#0","tintindex":0},"north":{"uv":[5.125,4.375,5.625,5.375],"rotation":0,"texture":"#0","tintindex":0},"west":{"uv":[8.75,1.5,9.625,3.0],"rotation":0,"texture":"#0","tintindex":0},"up":{"uv":[7.125,2.75,8.5,1.625],"rotation":0,"texture":"#0","tintindex":0},"down":{"uv":[5.75,1.625,7.125,4.25],"rotation":0,"texture":"#0","tintindex":0}}},{"from":[8.161686,6.6488757,5.2137423],"to":[8.405435,7.2094975,5.457491],"rotation":{"angle":0.0,"axis":"y","origin":[8.034286,7.5003443,6.5433044]},"faces":{"east":{"uv":[1.25,3.625,1.375,3.75],"rotation":0,"texture":"#0","tintindex":0},"south":{"uv":[1.25,3.625,1.375,3.75],"rotation":0,"texture":"#0","tintindex":0},"north":{"uv":[1.25,3.625,1.375,3.75],"rotation":0,"texture":"#0","tintindex":0},"west":{"uv":[1.25,3.625,1.375,3.75],"rotation":0,"texture":"#0","tintindex":0},"up":{"uv":[1.25,3.625,1.375,3.75],"rotation":0,"texture":"#0","tintindex":0},"down":{"uv":[1.25,3.625,1.375,3.75],"rotation":0,"texture":"#0","tintindex":0}}},{"from":[7.2598166,6.611134,5.384366],"to":[7.5035653,7.3667545,5.6281147],"rotation":{"angle":0.0,"axis":"y","origin":[8.034286,7.5003443,6.5433044]},"faces":{"east":{"uv":[1.25,3.625,1.375,3.75],"rotation":0,"texture":"#0","tintindex":0},"south":{"uv":[1.25,3.625,1.375,3.75],"rotation":0,"texture":"#0","tintindex":0},"north":{"uv":[1.25,3.625,1.375,3.75],"rotation":0,"texture":"#0","tintindex":0},"west":{"uv":[1.25,3.625,1.375,3.75],"rotation":0,"texture":"#0","tintindex":0},"up":{"uv":[1.25,3.625,1.375,3.75],"rotation":0,"texture":"#0","tintindex":0},"down":{"uv":[1.25,3.625,1.375,3.75],"rotation":0,"texture":"#0","tintindex":0}}},{"from":[7.1239276,6.850825,4.8796515],"to":[8.97398,7.856044,6.3197184],"rotation":{"angle":0.0,"axis":"y","origin":[8.034286,7.5003443,6.5433044]},"faces":{"east":{"uv":[5.75,1.25,6.875,3.25],"rotation":0,"texture":"#0","tintindex":0},"south":{"uv":[5.75,1.25,6.875,3.25],"rotation":0,"texture":"#0","tintindex":0},"north":{"uv":[1.625,4.375,2.75,4.625],"rotation":0,"texture":"#0","tintindex":0},"west":{"uv":[5.75,1.25,6.875,3.25],"rotation":0,"texture":"#0","tintindex":0},"up":{"uv":[5.75,1.25,6.875,3.25],"rotation":0,"texture":"#0","tintindex":0},"down":{"uv":[5.75,1.25,6.875,3.25],"rotation":0,"texture":"#0","tintindex":0}}},{"from":[7.748085,8.968225,7.252788],"to":[8.648979,10.126518,7.510186],"rotation":{"angle":-45.0,"axis":"z","origin":[8.034286,7.5003443,6.5433044]},"faces":{"east":{"uv":[6.0,5.25,6.125,5.875],"rotation":0,"texture":"#0","tintindex":0},"south":{"uv":[1.375,5.625,2.0,6.25],"rotation":0,"texture":"#0","tintindex":0},"north":{"uv":[7.125,2.625,7.75,2.75],"rotation":0,"texture":"#0","tintindex":0},"west":{"uv":[1.375,5.625,1.5,6.25],"rotation":0,"texture":"#0","tintindex":0},"up":{"uv":[7.125,2.625,7.75,2.75],"rotation":0,"texture":"#0","tintindex":0},"down":{"uv":[7.125,2.625,7.75,2.75],"rotation":0,"texture":"#0","tintindex":0}}},{"from":[7.059578,6.7621,4.807502],"to":[7.928298,7.4377713,5.4509983],"rotation":{"angle":0.0,"axis":"y","origin":[8.034286,7.5003443,6.5433044]},"faces":{"east":{"uv":[2.125,0.0,2.875,0.5],"rotation":0,"texture":"#0","tintindex":0},"south":{"uv":[2.125,0.125,2.875,0.625],"rotation":0,"texture":"#0","tintindex":0},"north":{"uv":[2.125,0.0,2.875,0.5],"rotation":0,"texture":"#0","tintindex":0},"west":{"uv":[2.125,0.0,2.875,0.5],"rotation":0,"texture":"#0","tintindex":0},"up":{"uv":[2.125,0.125,2.875,0.625],"rotation":0,"texture":"#0","tintindex":0},"down":{"uv":[2.125,0.0,2.875,0.5],"rotation":0,"texture":"#0","tintindex":0}}},{"from":[7.642155,9.095431,6.5298295],"to":[8.977409,9.449354,8.636305],"rotation":{"angle":-22.5,"axis":"z","origin":[8.034286,7.5003443,6.5433044]},"faces":{"east":{"uv":[8.75,0.0,9.625,0.125],"rotation":0,"texture":"#0","tintindex":0},"south":{"uv":[7.5,0.0,8.25,0.25],"rotation":0,"texture":"#0","tintindex":0},"north":{"uv":[1.125,0.5,2.125,0.375],"rotation":0,"texture":"#0","tintindex":0},"west":{"uv":[5.75,1.25,6.875,3.25],"rotation":0,"texture":"#0","tintindex":0},"up":{"uv":[7.125,2.75,7.625,1.75],"rotation":0,"texture":"#0","tintindex":0},"down":{"uv":[5.75,1.25,6.875,3.25],"rotation":0,"texture":"#0","tintindex":0}}}],"display":{"head":{"translation":[0.0,-6.4,0.0],"scale":[4.0,4.0,4.0]}}}