{"textures":{"0":"modelengine:entity/cheetah"},"elements":[{"from":[7.3389554,6.317743,6.18359],"to":[8.98467,9.289171,9.612162],"rotation":{"angle":0.0,"axis":"y","origin":[5.7389555,4.9006,10.069304]},"faces":{"east":{"uv":[7.125,3.625,8.25,1.625],"rotation":180,"texture":"#0","tintindex":0},"south":{"uv":[7.125,3.625,8.25,1.625],"rotation":180,"texture":"#0","tintindex":0},"north":{"uv":[7.125,3.625,8.25,1.625],"rotation":180,"texture":"#0","tintindex":0},"west":{"uv":[7.125,3.625,8.25,1.625],"rotation":180,"texture":"#0","tintindex":0},"up":{"uv":[7.125,3.625,8.25,1.625],"rotation":180,"texture":"#0","tintindex":0},"down":{"uv":[7.125,3.625,8.25,1.625],"rotation":180,"texture":"#0","tintindex":0}}},{"from":[6.836098,6.4091716,5.6807327],"to":[9.396098,8.649172,9.155019],"rotation":{"angle":0.0,"axis":"y","origin":[5.7389555,4.2606,9.566447]},"faces":{"east":{"uv":[8.75,1.5,9.625,3.0],"rotation":90,"texture":"#0","tintindex":0},"south":{"uv":[7.125,0.0,8.5,1.5],"rotation":0,"texture":"#0","tintindex":0},"north":{"uv":[5.75,0.0,7.125,1.125],"rotation":0,"texture":"#0","tintindex":0},"west":{"uv":[8.75,1.5,9.625,3.0],"rotation":90,"texture":"#0","tintindex":0},"up":{"uv":[7.125,2.75,8.5,1.625],"rotation":0,"texture":"#0","tintindex":0},"down":{"uv":[8.75,1.5,9.625,3.0],"rotation":180,"texture":"#0","tintindex":0}}},{"from":[7.247527,6.043457,5.0864472],"to":[8.893241,9.152029,8.972161],"rotation":{"angle":0.0,"axis":"y","origin":[5.6475267,4.626314,9.429304]},"faces":{"east":{"uv":[7.125,3.625,8.25,1.625],"rotation":180,"texture":"#0","tintindex":0},"south":{"uv":[7.125,3.625,8.25,1.625],"rotation":180,"texture":"#0","tintindex":0},"north":{"uv":[7.125,3.625,8.25,1.625],"rotation":180,"texture":"#0","tintindex":0},"west":{"uv":[7.125,3.625,8.25,1.625],"rotation":180,"texture":"#0","tintindex":0},"up":{"uv":[7.125,3.625,8.25,1.625],"rotation":180,"texture":"#0","tintindex":0},"down":{"uv":[7.125,3.625,8.25,1.625],"rotation":180,"texture":"#0","tintindex":0}}}],"display":{"head":{"translation":[0.0,-6.4,0.0],"scale":[4.0,4.0,4.0]}}}