{"textures":{"0":"modelengine:entity/cheetah"},"elements":[{"from":[6.674286,6.1257143,3.4971428],"to":[9.3714285,9.6,8.777143],"rotation":{"angle":0.0,"axis":"y","origin":[5.942857,4.845714,7.68]},"faces":{"east":{"uv":[8.875,1.5,10.5,3.0],"rotation":0,"texture":"#0","tintindex":0},"south":{"uv":[7.125,0.0,8.5,1.5],"rotation":0,"texture":"#0","tintindex":0},"north":{"uv":[5.75,0.0,7.125,1.5],"rotation":0,"texture":"#0","tintindex":0},"west":{"uv":[9.75,0.0,11.375,1.5],"rotation":0,"texture":"#0","tintindex":0},"up":{"uv":[7.125,3.5,8.125,1.625],"rotation":0,"texture":"#0","tintindex":0},"down":{"uv":[5.75,1.375,7.125,4.0],"rotation":0,"texture":"#0","tintindex":0}}},{"from":[6.445714,5.761333,7.6397386],"to":[9.554286,9.4641905,9.376882],"rotation":{"angle":0.0,"axis":"y","origin":[7.5657144,7.22419,7.274024]},"faces":{"east":{"uv":[8.75,0.0,9.5,1.5],"rotation":0,"texture":"#0","tintindex":0},"south":{"uv":[7.125,0.0,8.5,1.5],"rotation":0,"texture":"#0","tintindex":0},"north":{"uv":[5.75,0.0,7.125,1.5],"rotation":0,"texture":"#0","tintindex":0},"west":{"uv":[8.75,1.5,9.75,3.0],"rotation":0,"texture":"#0","tintindex":0},"up":{"uv":[7.125,4.25,8.5,3.5],"rotation":0,"texture":"#0","tintindex":0},"down":{"uv":[5.75,1.625,7.125,4.25],"rotation":0,"texture":"#0","tintindex":0}}},{"from":[6.3542857,6.414425,0.63516235],"to":[9.645715,10.254425,5.206591],"rotation":{"angle":22.5,"axis":"x","origin":[7.9542856,8.425854,3.103734]},"faces":{"east":{"uv":[10.375,1.5,8.75,3.0],"rotation":0,"texture":"#0","tintindex":0},"south":{"uv":[5.75,0.0,7.125,1.25],"rotation":0,"texture":"#0","tintindex":0},"north":{"uv":[5.75,0.0,7.125,1.125],"rotation":0,"texture":"#0","tintindex":0},"west":{"uv":[8.75,1.5,10.375,3.0],"rotation":0,"texture":"#0","tintindex":0},"up":{"uv":[7.125,4.125,8.5,2.875],"rotation":0,"texture":"#0","tintindex":0},"down":{"uv":[5.75,3.375,7.125,1.875],"rotation":0,"texture":"#0","tintindex":0}}}],"display":{"head":{"translation":[0.0,-6.4,0.0],"scale":[4.0,4.0,4.0]}}}