{"textures":{"0":"modelengine:entity/giraffe"},"elements":[{"from":[5.677761,4.028616,4.6540856],"to":[8.105906,8.033205,8.105553],"rotation":{"angle":0.0,"axis":"y","origin":[3.3667784,13.562845,6.2643986]},"faces":{"east":{"uv":[1.75,6.75,1.375,7.1875],"rotation":0,"texture":"#0","tintindex":0},"south":{"uv":[3.5,6.9375,3.25,7.375],"rotation":0,"texture":"#0","tintindex":0},"north":{"uv":[2.125,4.875,1.875,5.3125],"rotation":0,"texture":"#0","tintindex":0},"west":{"uv":[1.375,6.75,1.0,7.1875],"rotation":0,"texture":"#0","tintindex":0},"up":{"uv":[0.1875,7.5,0.4375,7.125],"rotation":0,"texture":"#0","tintindex":0},"down":{"uv":[1.3125,7.1875,1.5625,7.5625],"rotation":0,"texture":"#0","tintindex":0}}},{"from":[5.4909806,-6.9367657,4.249413],"to":[8.2926855,-5.068961,6.864338],"rotation":{"angle":0.0,"axis":"y","origin":[3.3667784,10.39237,6.69297]},"faces":{"east":{"uv":[7.75,3.375,7.4375,3.5625],"rotation":0,"texture":"#0","tintindex":0},"south":{"uv":[7.75,3.1875,7.4375,3.375],"rotation":0,"texture":"#0","tintindex":0},"north":{"uv":[7.75,1.5625,7.4375,1.75],"rotation":0,"texture":"#0","tintindex":0},"west":{"uv":[2.125,7.4375,1.8125,7.625],"rotation":0,"texture":"#0","tintindex":0},"up":{"uv":[7.125,3.5625,7.4375,3.25],"rotation":0,"texture":"#0","tintindex":0},"down":{"uv":[7.125,4.625,7.4375,4.9375],"rotation":0,"texture":"#0","tintindex":0}}},{"from":[5.8253746,-5.7837496,5.027646],"to":[7.958292,4.2153964,7.5499682],"rotation":{"angle":0.0,"axis":"y","origin":[3.3667784,10.39237,6.69297]},"faces":{"east":{"uv":[6.0,1.5625,5.75,2.625],"rotation":0,"texture":"#0","tintindex":0},"south":{"uv":[1.0,5.75,0.75,6.8125],"rotation":0,"texture":"#0","tintindex":0},"north":{"uv":[0.75,5.75,0.5,6.8125],"rotation":0,"texture":"#0","tintindex":0},"west":{"uv":[6.0,0.5,5.75,1.5625],"rotation":0,"texture":"#0","tintindex":0},"up":{"uv":[7.3125,3.1875,7.5625,2.9375],"rotation":0,"texture":"#0","tintindex":0},"down":{"uv":[3.25,7.375,3.5,7.625],"rotation":0,"texture":"#0","tintindex":0}}}],"display":{"head":{"translation":[0.0,-6.4,0.0],"scale":[4.0,4.0,4.0]}}}