{"textures":{"0":"modelengine:entity/lion"},"elements":[{"from":[7.385439,6.3973455,0.16187811],"to":[7.782239,7.3099856,0.5586777],"rotation":{"angle":0.0,"axis":"y","origin":[8.090683,7.7834578,2.3262815]},"faces":{"east":{"uv":[13.25,13.375,13.375,13.625],"rotation":0,"texture":"#0","tintindex":0},"south":{"uv":[8.875,13.625,9.0,13.875],"rotation":0,"texture":"#0","tintindex":0},"north":{"uv":[9.0,13.125,9.125,13.375],"rotation":0,"texture":"#0","tintindex":0},"west":{"uv":[2.0,13.75,2.125,14.0],"rotation":0,"texture":"#0","tintindex":0},"up":{"uv":[5.5,14.5,5.375,14.375],"rotation":0,"texture":"#0","tintindex":0},"down":{"uv":[5.625,14.375,5.5,14.5],"rotation":0,"texture":"#0","tintindex":0}}},{"from":[7.87738,5.7510004,2.1541142],"to":[10.8803625,8.176279,3.7381763],"rotation":{"angle":22.5,"axis":"z","origin":[7.7543926,8.039457,1.110282]},"faces":{"east":{"uv":[4.125,13.625,4.5,14.125],"rotation":0,"texture":"#0","tintindex":0},"south":{"uv":[3.5,12.75,4.125,13.25],"rotation":0,"texture":"#0","tintindex":0},"north":{"uv":[2.125,12.75,2.75,13.25],"rotation":0,"texture":"#0","tintindex":0},"west":{"uv":[5.625,13.625,6.0,14.125],"rotation":0,"texture":"#0","tintindex":0},"up":{"uv":[13.75,9.0,13.125,8.625],"rotation":0,"texture":"#0","tintindex":0},"down":{"uv":[13.75,9.0,13.125,9.375],"rotation":0,"texture":"#0","tintindex":0}}},{"from":[4.4215107,6.2368937,2.676354],"to":[7.995922,8.662172,4.169536],"rotation":{"angle":-22.5,"axis":"z","origin":[8.346683,7.9754577,2.9022818]},"faces":{"east":{"uv":[2.375,13.5,2.75,14.0],"rotation":0,"texture":"#0","tintindex":0},"south":{"uv":[12.375,8.875,13.125,9.375],"rotation":0,"texture":"#0","tintindex":0},"north":{"uv":[12.375,8.375,13.125,8.875],"rotation":0,"texture":"#0","tintindex":0},"west":{"uv":[13.5,5.75,13.875,6.25],"rotation":0,"texture":"#0","tintindex":0},"up":{"uv":[13.5,6.375,12.75,6.0],"rotation":0,"texture":"#0","tintindex":0},"down":{"uv":[13.5,6.375,12.75,6.75],"rotation":0,"texture":"#0","tintindex":0}}},{"from":[7.5187516,6.320864,3.5334969],"to":[10.759814,9.841274,4.4552507],"rotation":{"angle":-45.0,"axis":"z","origin":[7.770683,7.4634576,3.1879964]},"faces":{"east":{"uv":[13.375,13.125,13.625,13.875],"rotation":0,"texture":"#0","tintindex":0},"south":{"uv":[11.0,6.875,11.75,7.625],"rotation":0,"texture":"#0","tintindex":0},"north":{"uv":[11.0,6.125,11.75,6.875],"rotation":0,"texture":"#0","tintindex":0},"west":{"uv":[1.125,13.5,1.375,14.25],"rotation":0,"texture":"#0","tintindex":0},"up":{"uv":[2.125,13.75,1.375,13.5],"rotation":0,"texture":"#0","tintindex":0},"down":{"uv":[14.25,1.75,13.5,2.0],"rotation":0,"texture":"#0","tintindex":0}}},{"from":[5.0619173,4.8568063,6.5062547],"to":[11.198647,11.061382,8.200602],"rotation":{"angle":-45.0,"axis":"z","origin":[8.130282,7.959094,7.353428]},"faces":{"east":{"uv":[0.0,11.5,0.375,12.875],"rotation":0,"texture":"#0","tintindex":0},"south":{"uv":[0.0,4.125,1.375,5.5],"rotation":0,"texture":"#0","tintindex":0},"north":{"uv":[2.75,2.75,4.125,4.125],"rotation":0,"texture":"#0","tintindex":0},"west":{"uv":[0.375,11.5,0.75,12.875],"rotation":0,"texture":"#0","tintindex":0},"up":{"uv":[12.875,1.125,11.5,0.75],"rotation":0,"texture":"#0","tintindex":0},"down":{"uv":[12.875,4.5,11.5,4.875],"rotation":0,"texture":"#0","tintindex":0}}},{"from":[6.7658377,7.804739,1.1010933],"to":[9.568039,9.376067,2.1708665],"rotation":{"angle":-22.5,"axis":"x","origin":[8.090683,7.7834578,2.3262815]},"faces":{"east":{"uv":[14.125,5.0,14.375,5.375],"rotation":0,"texture":"#0","tintindex":0},"south":{"uv":[13.125,8.25,13.75,8.625],"rotation":0,"texture":"#0","tintindex":0},"north":{"uv":[7.25,13.125,7.875,13.5],"rotation":0,"texture":"#0","tintindex":0},"west":{"uv":[5.125,14.125,5.375,14.5],"rotation":0,"texture":"#0","tintindex":0},"up":{"uv":[14.375,2.25,13.75,2.0],"rotation":0,"texture":"#0","tintindex":0},"down":{"uv":[14.375,2.25,13.75,2.5],"rotation":0,"texture":"#0","tintindex":0}}},{"from":[8.42797,7.459646,4.077223],"to":[11.669032,10.980056,5.491045],"rotation":{"angle":-45.0,"axis":"z","origin":[8.090683,9.191458,1.4302816]},"faces":{"east":{"uv":[13.5,2.0,13.75,2.75],"rotation":0,"texture":"#0","tintindex":0},"south":{"uv":[11.0,8.375,11.75,9.125],"rotation":0,"texture":"#0","tintindex":0},"north":{"uv":[11.0,7.625,11.75,8.375],"rotation":0,"texture":"#0","tintindex":0},"west":{"uv":[2.125,13.5,2.375,14.25],"rotation":0,"texture":"#0","tintindex":0},"up":{"uv":[14.25,4.625,13.5,4.375],"rotation":0,"texture":"#0","tintindex":0},"down":{"uv":[14.25,5.5,13.5,5.75],"rotation":0,"texture":"#0","tintindex":0}}},{"from":[6.0849285,7.8841987,1.7672186],"to":[10.118004,8.984129,3.390924],"rotation":{"angle":-45.0,"axis":"x","origin":[8.090683,7.7834578,2.3262815]},"faces":{"east":{"uv":[14.125,4.125,14.5,4.375],"rotation":0,"texture":"#0","tintindex":0},"south":{"uv":[1.125,13.25,2.0,13.5],"rotation":0,"texture":"#0","tintindex":0},"north":{"uv":[13.125,12.875,14.0,13.125],"rotation":0,"texture":"#0","tintindex":0},"west":{"uv":[5.375,14.125,5.75,14.375],"rotation":0,"texture":"#0","tintindex":0},"up":{"uv":[8.5,7.0,7.625,6.625],"rotation":0,"texture":"#0","tintindex":0},"down":{"uv":[13.25,9.875,12.375,10.25],"rotation":0,"texture":"#0","tintindex":0}}},{"from":[7.6526847,10.293877,3.1146111],"to":[9.590656,12.441359,3.5336323],"rotation":{"angle":45.0,"axis":"z","origin":[8.090683,7.7834578,2.3262815]},"faces":{"east":{"uv":[5.625,7.375,5.75,7.875],"rotation":0,"texture":"#0","tintindex":0},"south":{"uv":[13.375,3.875,13.75,4.375],"rotation":0,"texture":"#0","tintindex":0},"north":{"uv":[3.125,13.375,3.5,13.875],"rotation":0,"texture":"#0","tintindex":0},"west":{"uv":[8.125,2.625,8.25,3.125],"rotation":0,"texture":"#0","tintindex":0},"up":{"uv":[9.75,6.125,9.375,6.0],"rotation":0,"texture":"#0","tintindex":0},"down":{"uv":[10.625,3.125,10.25,3.25],"rotation":0,"texture":"#0","tintindex":0}}},{"from":[6.258538,5.7823186,4.788763],"to":[9.842538,10.582319,9.076763],"rotation":{"angle":0.0,"axis":"y","origin":[4.658538,4.4383187,9.7167635]},"faces":{"east":{"uv":[4.75,6.375,5.75,7.375],"rotation":0,"texture":"#0","tintindex":0},"south":{"uv":[6.5,9.0,7.25,10.0],"rotation":0,"texture":"#0","tintindex":0},"north":{"uv":[5.75,8.75,6.5,9.75],"rotation":0,"texture":"#0","tintindex":0},"west":{"uv":[1.125,6.625,2.125,7.625],"rotation":0,"texture":"#0","tintindex":0},"up":{"uv":[9.75,9.625,9.0,8.625],"rotation":0,"texture":"#0","tintindex":0},"down":{"uv":[3.25,9.25,2.5,10.25],"rotation":0,"texture":"#0","tintindex":0}}},{"from":[6.884959,5.6779857,-0.069802284],"to":[7.2817593,7.066786,0.32699776],"rotation":{"angle":0.0,"axis":"y","origin":[8.090683,7.7834578,2.3262815]},"faces":{"east":{"uv":[6.25,11.0,6.375,11.25],"rotation":0,"texture":"#0","tintindex":0},"south":{"uv":[11.875,1.875,12.0,2.125],"rotation":0,"texture":"#0","tintindex":0},"north":{"uv":[5.0,10.375,5.125,10.625],"rotation":0,"texture":"#0","tintindex":0},"west":{"uv":[8.625,12.125,8.75,12.375],"rotation":0,"texture":"#0","tintindex":0},"up":{"uv":[14.5,5.0,14.375,4.875],"rotation":0,"texture":"#0","tintindex":0},"down":{"uv":[14.5,5.0,14.375,5.125],"rotation":0,"texture":"#0","tintindex":0}}},{"from":[6.503949,6.5816646,-0.49944305],"to":[7.9181447,7.6815944,0.54810905],"rotation":{"angle":0.0,"axis":"y","origin":[8.090683,7.7834578,2.3262815]},"faces":{"east":{"uv":[14.25,1.75,14.5,2.0],"rotation":0,"texture":"#0","tintindex":0},"south":{"uv":[2.0,14.25,2.25,14.5],"rotation":0,"texture":"#0","tintindex":0},"north":{"uv":[1.75,14.25,2.0,14.5],"rotation":0,"texture":"#0","tintindex":0},"west":{"uv":[2.625,14.25,2.875,14.5],"rotation":0,"texture":"#0","tintindex":0},"up":{"uv":[3.125,14.5,2.875,14.25],"rotation":0,"texture":"#0","tintindex":0},"down":{"uv":[3.375,14.25,3.125,14.5],"rotation":0,"texture":"#0","tintindex":0}}},{"from":[7.213684,5.928633,1.1194758],"to":[8.951438,7.0809407,2.9354887],"rotation":{"angle":22.5,"axis":"x","origin":[8.090683,7.7194576,2.3262815]},"faces":{"east":{"uv":[14.125,8.25,14.5,8.5],"rotation":0,"texture":"#0","tintindex":0},"south":{"uv":[14.125,8.5,14.5,8.75],"rotation":0,"texture":"#0","tintindex":0},"north":{"uv":[7.75,14.125,8.125,14.375],"rotation":0,"texture":"#0","tintindex":0},"west":{"uv":[14.125,8.75,14.5,9.0],"rotation":0,"texture":"#0","tintindex":0},"up":{"uv":[14.25,7.5,13.875,7.125],"rotation":0,"texture":"#0","tintindex":0},"down":{"uv":[14.25,7.5,13.875,7.875],"rotation":0,"texture":"#0","tintindex":0}}},{"from":[5.3476315,4.8568063,6.5062547],"to":[10.770075,11.061382,9.200602],"rotation":{"angle":0.0,"axis":"y","origin":[8.130282,7.959094,7.353428]},"faces":{"east":{"uv":[5.0,7.375,5.625,8.75],"rotation":0,"texture":"#0","tintindex":0},"south":{"uv":[4.125,3.5,5.25,4.875],"rotation":0,"texture":"#0","tintindex":0},"north":{"uv":[2.625,4.125,3.75,5.5],"rotation":0,"texture":"#0","tintindex":0},"west":{"uv":[7.875,0.0,8.5,1.375],"rotation":0,"texture":"#0","tintindex":0},"up":{"uv":[10.25,3.25,9.125,2.625],"rotation":0,"texture":"#0","tintindex":0},"down":{"uv":[4.375,9.25,3.25,9.875],"rotation":0,"texture":"#0","tintindex":0}}},{"from":[7.871494,6.2961564,2.5632567],"to":[11.112556,9.816566,3.5758905],"rotation":{"angle":-45.0,"axis":"z","origin":[7.7543926,7.9114575,0.94799614]},"faces":{"east":{"uv":[12.125,13.5,12.375,14.25],"rotation":0,"texture":"#0","tintindex":0},"south":{"uv":[3.75,11.125,4.5,11.875],"rotation":0,"texture":"#0","tintindex":0},"north":{"uv":[3.0,11.125,3.75,11.875],"rotation":0,"texture":"#0","tintindex":0},"west":{"uv":[0.5,13.625,0.75,14.375],"rotation":0,"texture":"#0","tintindex":0},"up":{"uv":[10.875,13.875,10.125,13.625],"rotation":0,"texture":"#0","tintindex":0},"down":{"uv":[11.625,13.625,10.875,13.875],"rotation":0,"texture":"#0","tintindex":0}}},{"from":[7.1848583,8.323374,1.0952964],"to":[9.044263,10.470855,2.6142468],"rotation":{"angle":-45.0,"axis":"x","origin":[8.090683,7.7834578,2.3262815]},"faces":{"east":{"uv":[13.5,7.125,13.875,7.625],"rotation":0,"texture":"#0","tintindex":0},"south":{"uv":[7.5,13.5,7.875,14.0],"rotation":0,"texture":"#0","tintindex":0},"north":{"uv":[7.125,13.5,7.5,14.0],"rotation":0,"texture":"#0","tintindex":0},"west":{"uv":[13.5,7.625,13.875,8.125],"rotation":0,"texture":"#0","tintindex":0},"up":{"uv":[3.5,14.25,3.125,13.875],"rotation":0,"texture":"#0","tintindex":0},"down":{"uv":[4.875,13.875,4.5,14.25],"rotation":0,"texture":"#0","tintindex":0}}},{"from":[5.7769604,6.5438514,1.9882221],"to":[10.450292,10.148997,5.549899],"rotation":{"angle":0.0,"axis":"y","origin":[7.7066827,6.7594576,0.08628178]},"faces":{"east":{"uv":[0.75,10.75,1.5,11.5],"rotation":0,"texture":"#0","tintindex":0},"south":{"uv":[8.625,1.875,9.625,2.625],"rotation":0,"texture":"#0","tintindex":0},"north":{"uv":[8.25,3.5,9.25,4.25],"rotation":0,"texture":"#0","tintindex":0},"west":{"uv":[10.75,4.625,11.5,5.375],"rotation":0,"texture":"#0","tintindex":0},"up":{"uv":[9.75,5.0,8.75,4.25],"rotation":0,"texture":"#0","tintindex":0},"down":{"uv":[5.75,8.75,4.75,9.5],"rotation":0,"texture":"#0","tintindex":0}}},{"from":[5.2207127,5.7510004,2.4398284],"to":[8.223695,8.176279,4.0238905],"rotation":{"angle":-22.5,"axis":"z","origin":[8.346683,8.039457,1.3959966]},"faces":{"east":{"uv":[6.0,13.5,6.375,14.0],"rotation":0,"texture":"#0","tintindex":0},"south":{"uv":[6.125,12.625,6.75,13.125],"rotation":0,"texture":"#0","tintindex":0},"north":{"uv":[8.625,6.125,9.25,6.625],"rotation":0,"texture":"#0","tintindex":0},"west":{"uv":[13.5,6.25,13.875,6.75],"rotation":0,"texture":"#0","tintindex":0},"up":{"uv":[13.5,7.875,12.875,7.5],"rotation":0,"texture":"#0","tintindex":0},"down":{"uv":[13.5,7.875,12.875,8.25],"rotation":0,"texture":"#0","tintindex":0}}},{"from":[6.6087046,6.7261,-0.38199043],"to":[9.620417,8.362503,1.9623041],"rotation":{"angle":0.0,"axis":"y","origin":[8.090683,7.7834578,2.3262815]},"faces":{"east":{"uv":[9.75,9.25,10.25,9.625],"rotation":0,"texture":"#0","tintindex":0},"south":{"uv":[13.0,12.25,13.625,12.625],"rotation":0,"texture":"#0","tintindex":0},"north":{"uv":[13.0,11.875,13.625,12.25],"rotation":0,"texture":"#0","tintindex":0},"west":{"uv":[13.5,6.75,14.0,7.125],"rotation":0,"texture":"#0","tintindex":0},"up":{"uv":[7.375,13.125,6.75,12.625],"rotation":0,"texture":"#0","tintindex":0},"down":{"uv":[13.125,12.625,12.5,13.125],"rotation":0,"texture":"#0","tintindex":0}}},{"from":[7.4523306,10.38011,2.3043456],"to":[9.626001,10.956264,5.4477773],"rotation":{"angle":-22.5,"axis":"z","origin":[8.090683,7.7834578,2.3262815]},"faces":{"east":{"uv":[14.125,1.5,14.875,1.625],"rotation":0,"texture":"#0","tintindex":0},"south":{"uv":[13.25,10.125,13.75,10.25],"rotation":0,"texture":"#0","tintindex":0},"north":{"uv":[12.875,4.75,13.375,4.875],"rotation":0,"texture":"#0","tintindex":0},"west":{"uv":[14.125,1.625,14.875,1.75],"rotation":0,"texture":"#0","tintindex":0},"up":{"uv":[3.0,9.25,2.5,8.5],"rotation":0,"texture":"#0","tintindex":0},"down":{"uv":[12.875,7.625,12.375,8.375],"rotation":0,"texture":"#0","tintindex":0}}},{"from":[6.186302,4.472498,7.5486536],"to":[10.003049,9.823426,10.093151],"rotation":{"angle":45.0,"axis":"x","origin":[8.094676,7.2228003,8.858321]},"faces":{"east":{"uv":[5.75,11.0,6.25,12.125],"rotation":0,"texture":"#0","tintindex":0},"south":{"uv":[6.875,4.625,7.75,5.75],"rotation":0,"texture":"#0","tintindex":0},"north":{"uv":[6.75,5.875,7.625,7.0],"rotation":0,"texture":"#0","tintindex":0},"west":{"uv":[4.5,11.125,5.0,12.25],"rotation":0,"texture":"#0","tintindex":0},"up":{"uv":[7.0,12.625,6.125,12.125],"rotation":0,"texture":"#0","tintindex":0},"down":{"uv":[7.875,12.125,7.0,12.625],"rotation":0,"texture":"#0","tintindex":0}}},{"from":[6.8805885,10.321868,3.4812546],"to":[8.347161,12.207461,3.9002752],"rotation":{"angle":-45.0,"axis":"z","origin":[8.090683,7.7834578,2.3262815]},"faces":{"east":{"uv":[11.25,2.125,11.375,2.5],"rotation":0,"texture":"#0","tintindex":0},"south":{"uv":[2.75,13.875,3.125,14.25],"rotation":0,"texture":"#0","tintindex":0},"north":{"uv":[0.75,13.875,1.125,14.25],"rotation":0,"texture":"#0","tintindex":0},"west":{"uv":[9.75,11.75,9.875,12.125],"rotation":0,"texture":"#0","tintindex":0},"up":{"uv":[14.5,11.375,14.125,11.25],"rotation":0,"texture":"#0","tintindex":0},"down":{"uv":[14.625,2.75,14.25,2.875],"rotation":0,"texture":"#0","tintindex":0}}},{"from":[7.027725,8.430612,1.5435748],"to":[9.201396,10.368583,3.1672807],"rotation":{"angle":-22.5,"axis":"x","origin":[8.090683,7.7834578,2.3262815]},"faces":{"east":{"uv":[13.875,5.75,14.25,6.125],"rotation":0,"texture":"#0","tintindex":0},"south":{"uv":[11.625,13.5,12.125,13.875],"rotation":0,"texture":"#0","tintindex":0},"north":{"uv":[7.875,13.5,8.375,13.875],"rotation":0,"texture":"#0","tintindex":0},"west":{"uv":[13.875,6.125,14.25,6.5],"rotation":0,"texture":"#0","tintindex":0},"up":{"uv":[0.5,14.0,0.0,13.625],"rotation":0,"texture":"#0","tintindex":0},"down":{"uv":[8.875,13.625,8.375,14.0],"rotation":0,"texture":"#0","tintindex":0}}},{"from":[5.5087748,6.1917768,2.4337025],"to":[10.694158,10.102587,5.6287365],"rotation":{"angle":0.0,"axis":"y","origin":[8.090683,7.8474574,2.3262815]},"faces":{"east":{"uv":[9.5,9.625,10.25,10.5],"rotation":0,"texture":"#0","tintindex":0},"south":{"uv":[6.75,0.875,7.875,1.75],"rotation":0,"texture":"#0","tintindex":0},"north":{"uv":[6.75,0.0,7.875,0.875],"rotation":0,"texture":"#0","tintindex":0},"west":{"uv":[5.125,9.75,5.875,10.625],"rotation":0,"texture":"#0","tintindex":0},"up":{"uv":[8.625,8.625,7.5,7.875],"rotation":0,"texture":"#0","tintindex":0},"down":{"uv":[6.75,8.0,5.625,8.75],"rotation":0,"texture":"#0","tintindex":0}}},{"from":[6.3409286,8.653523,1.5432835],"to":[9.862004,9.200544,2.3289475],"rotation":{"angle":0.0,"axis":"y","origin":[8.090683,7.7834578,2.3262815]},"faces":{"east":{"uv":[4.25,14.375,4.375,14.5],"rotation":0,"texture":"#0","tintindex":0},"south":{"uv":[9.875,1.25,10.625,1.375],"rotation":0,"texture":"#0","tintindex":0},"north":{"uv":[6.875,5.75,7.625,5.875],"rotation":0,"texture":"#0","tintindex":0},"west":{"uv":[4.375,14.375,4.5,14.5],"rotation":0,"texture":"#0","tintindex":0},"up":{"uv":[14.25,2.875,13.5,2.75],"rotation":0,"texture":"#0","tintindex":0},"down":{"uv":[14.75,10.0,14.0,10.125],"rotation":0,"texture":"#0","tintindex":0}}},{"from":[8.893279,6.207906,1.1141977],"to":[9.290079,7.437986,1.5109982],"rotation":{"angle":0.0,"axis":"y","origin":[8.090683,7.7834578,2.3262815]},"faces":{"east":{"uv":[7.5,14.25,7.625,14.5],"rotation":0,"texture":"#0","tintindex":0},"south":{"uv":[7.625,14.25,7.75,14.5],"rotation":0,"texture":"#0","tintindex":0},"north":{"uv":[14.25,7.375,14.375,7.625],"rotation":0,"texture":"#0","tintindex":0},"west":{"uv":[14.25,7.625,14.375,7.875],"rotation":0,"texture":"#0","tintindex":0},"up":{"uv":[14.5,6.875,14.375,6.75],"rotation":0,"texture":"#0","tintindex":0},"down":{"uv":[7.0,14.375,6.875,14.5],"rotation":0,"texture":"#0","tintindex":0}}},{"from":[5.6825376,6.2943187,4.9807634],"to":[10.546537,10.070319,9.332764],"rotation":{"angle":0.0,"axis":"y","origin":[4.7865376,3.9263186,9.908763]},"faces":{"east":{"uv":[5.0,7.375,5.625,8.75],"rotation":0,"texture":"#0","tintindex":0},"south":{"uv":[4.125,3.5,5.25,4.875],"rotation":0,"texture":"#0","tintindex":0},"north":{"uv":[2.625,4.125,3.75,5.5],"rotation":0,"texture":"#0","tintindex":0},"west":{"uv":[7.875,0.0,8.5,1.375],"rotation":0,"texture":"#0","tintindex":0},"up":{"uv":[10.25,3.25,9.125,2.625],"rotation":0,"texture":"#0","tintindex":0},"down":{"uv":[4.375,9.25,3.25,9.875],"rotation":0,"texture":"#0","tintindex":0}}},{"from":[8.275016,7.7703032,-0.55182076],"to":[10.108232,8.974988,2.3813252],"rotation":{"angle":-22.5,"axis":"z","origin":[8.090683,7.7834578,2.3262815]},"faces":{"east":{"uv":[13.625,13.125,14.25,13.375],"rotation":0,"texture":"#0","tintindex":0},"south":{"uv":[4.125,14.125,4.5,14.375],"rotation":0,"texture":"#0","tintindex":0},"north":{"uv":[14.125,3.625,14.5,3.875],"rotation":0,"texture":"#0","tintindex":0},"west":{"uv":[13.625,13.375,14.25,13.625],"rotation":0,"texture":"#0","tintindex":0},"up":{"uv":[4.5,13.625,4.125,13.0],"rotation":0,"texture":"#0","tintindex":0},"down":{"uv":[6.0,13.0,5.625,13.625],"rotation":0,"texture":"#0","tintindex":0}}},{"from":[4.8766346,5.185958,4.507649],"to":[9.217248,9.451734,8.2495575],"rotation":{"angle":-45.0,"axis":"z","origin":[6.186302,5.4853106,4.05862]},"faces":{"east":{"uv":[8.25,2.625,9.125,3.5],"rotation":0,"texture":"#0","tintindex":0},"south":{"uv":[7.625,1.75,8.625,2.625],"rotation":0,"texture":"#0","tintindex":0},"north":{"uv":[1.0,7.625,2.0,8.5],"rotation":0,"texture":"#0","tintindex":0},"west":{"uv":[3.0,8.375,3.875,9.25],"rotation":0,"texture":"#0","tintindex":0},"up":{"uv":[8.625,6.625,7.625,5.75],"rotation":0,"texture":"#0","tintindex":0},"down":{"uv":[8.75,4.25,7.75,5.125],"rotation":0,"texture":"#0","tintindex":0}}},{"from":[6.189684,5.9926333,0.15947628],"to":[10.039437,7.1449404,2.9354887],"rotation":{"angle":22.5,"axis":"x","origin":[8.090683,7.7834578,2.3262815]},"faces":{"east":{"uv":[13.625,11.875,14.25,12.125],"rotation":0,"texture":"#0","tintindex":0},"south":{"uv":[13.125,12.625,14.0,12.875],"rotation":0,"texture":"#0","tintindex":0},"north":{"uv":[12.5,13.125,13.375,13.375],"rotation":0,"texture":"#0","tintindex":0},"west":{"uv":[13.625,12.125,14.25,12.375],"rotation":0,"texture":"#0","tintindex":0},"up":{"uv":[8.625,5.75,7.75,5.125],"rotation":0,"texture":"#0","tintindex":0},"down":{"uv":[12.25,3.875,11.375,4.5],"rotation":0,"texture":"#0","tintindex":0}}},{"from":[7.862195,10.293877,3.4812546],"to":[9.328768,12.17947,3.9002752],"rotation":{"angle":45.0,"axis":"z","origin":[8.090683,7.7834578,2.3262815]},"faces":{"east":{"uv":[10.625,4.625,10.75,5.0],"rotation":0,"texture":"#0","tintindex":0},"south":{"uv":[13.75,11.0,14.125,11.375],"rotation":0,"texture":"#0","tintindex":0},"north":{"uv":[13.75,10.125,14.125,10.5],"rotation":0,"texture":"#0","tintindex":0},"west":{"uv":[5.75,10.625,5.875,11.0],"rotation":0,"texture":"#0","tintindex":0},"up":{"uv":[11.75,10.75,11.375,10.625],"rotation":0,"texture":"#0","tintindex":0},"down":{"uv":[11.875,1.125,11.5,1.25],"rotation":0,"texture":"#0","tintindex":0}}},{"from":[6.829919,6.207906,1.1141977],"to":[7.226719,7.437986,1.5109982],"rotation":{"angle":0.0,"axis":"y","origin":[8.090683,7.7834578,2.3262815]},"faces":{"east":{"uv":[14.25,7.125,14.375,7.375],"rotation":0,"texture":"#0","tintindex":0},"south":{"uv":[7.25,14.25,7.375,14.5],"rotation":0,"texture":"#0","tintindex":0},"north":{"uv":[7.125,14.25,7.25,14.5],"rotation":0,"texture":"#0","tintindex":0},"west":{"uv":[7.375,14.25,7.5,14.5],"rotation":0,"texture":"#0","tintindex":0},"up":{"uv":[14.5,6.75,14.375,6.625],"rotation":0,"texture":"#0","tintindex":0},"down":{"uv":[6.875,14.375,6.75,14.5],"rotation":0,"texture":"#0","tintindex":0}}},{"from":[5.47534,5.447892,8.2495575],"to":[8.843058,8.927867,10.120512],"rotation":{"angle":-45.0,"axis":"z","origin":[6.186302,5.3730536,7.800528]},"faces":{"east":{"uv":[3.75,4.125,4.125,4.875],"rotation":0,"texture":"#0","tintindex":0},"south":{"uv":[10.25,6.0,11.0,6.75],"rotation":0,"texture":"#0","tintindex":0},"north":{"uv":[2.5,10.25,3.25,11.0],"rotation":0,"texture":"#0","tintindex":0},"west":{"uv":[3.25,6.625,3.625,7.375],"rotation":0,"texture":"#0","tintindex":0},"up":{"uv":[8.625,1.75,7.875,1.375],"rotation":0,"texture":"#0","tintindex":0},"down":{"uv":[13.5,5.625,12.75,6.0],"rotation":0,"texture":"#0","tintindex":0}}},{"from":[5.0619173,4.9996634,9.077683],"to":[10.05579,10.061382,10.77203],"rotation":{"angle":-45.0,"axis":"z","origin":[8.130282,6.959094,9.924857]},"faces":{"east":{"uv":[12.125,12.125,12.5,13.25],"rotation":0,"texture":"#0","tintindex":0},"south":{"uv":[5.625,0.0,6.75,1.125],"rotation":0,"texture":"#0","tintindex":0},"north":{"uv":[2.5,5.5,3.625,6.625],"rotation":0,"texture":"#0","tintindex":0},"west":{"uv":[4.5,12.25,4.875,13.375],"rotation":0,"texture":"#0","tintindex":0},"up":{"uv":[13.375,4.0,12.25,3.625],"rotation":0,"texture":"#0","tintindex":0},"down":{"uv":[13.375,4.0,12.25,4.375],"rotation":0,"texture":"#0","tintindex":0}}},{"from":[6.1097054,7.7551546,-0.55182076],"to":[7.890544,8.95984,2.3813252],"rotation":{"angle":22.5,"axis":"z","origin":[8.090683,7.7834578,2.3262815]},"faces":{"east":{"uv":[12.375,13.625,13.0,13.875],"rotation":0,"texture":"#0","tintindex":0},"south":{"uv":[3.5,14.125,3.875,14.375],"rotation":0,"texture":"#0","tintindex":0},"north":{"uv":[14.125,3.375,14.5,3.625],"rotation":0,"texture":"#0","tintindex":0},"west":{"uv":[13.625,12.375,14.25,12.625],"rotation":0,"texture":"#0","tintindex":0},"up":{"uv":[9.75,8.625,9.375,8.0],"rotation":0,"texture":"#0","tintindex":0},"down":{"uv":[11.75,12.5,11.375,13.125],"rotation":0,"texture":"#0","tintindex":0}}},{"from":[6.5697346,10.385006,2.3178372],"to":[8.769594,10.96116,5.4477773],"rotation":{"angle":22.5,"axis":"z","origin":[8.090683,7.7834578,2.3262815]},"faces":{"east":{"uv":[8.75,5.0,9.375,5.125],"rotation":0,"texture":"#0","tintindex":0},"south":{"uv":[6.375,4.625,6.875,4.75],"rotation":0,"texture":"#0","tintindex":0},"north":{"uv":[5.25,4.75,5.75,4.875],"rotation":0,"texture":"#0","tintindex":0},"west":{"uv":[12.25,4.375,12.875,4.5],"rotation":0,"texture":"#0","tintindex":0},"up":{"uv":[1.625,13.25,1.125,12.625],"rotation":0,"texture":"#0","tintindex":0},"down":{"uv":[2.125,12.625,1.625,13.25],"rotation":0,"texture":"#0","tintindex":0}}},{"from":[6.137306,8.746903,3.5273352],"to":[10.118004,9.951589,4.4701324],"rotation":{"angle":-45.0,"axis":"x","origin":[8.090683,7.7834578,2.3262815]},"faces":{"east":{"uv":[0.75,14.25,1.0,14.5],"rotation":0,"texture":"#0","tintindex":0},"south":{"uv":[13.125,9.375,14.0,9.625],"rotation":0,"texture":"#0","tintindex":0},"north":{"uv":[6.5,3.25,7.375,3.5],"rotation":0,"texture":"#0","tintindex":0},"west":{"uv":[1.0,14.25,1.25,14.5],"rotation":0,"texture":"#0","tintindex":0},"up":{"uv":[14.0,9.875,13.125,9.625],"rotation":0,"texture":"#0","tintindex":0},"down":{"uv":[14.0,10.5,13.125,10.75],"rotation":0,"texture":"#0","tintindex":0}}},{"from":[6.818215,8.188473,0.5032935],"to":[9.515661,9.707423,1.8127337],"rotation":{"angle":-45.0,"axis":"x","origin":[8.090683,7.7834578,2.3262815]},"faces":{"east":{"uv":[14.125,4.625,14.375,5.0],"rotation":0,"texture":"#0","tintindex":0},"south":{"uv":[6.625,13.125,7.25,13.5],"rotation":0,"texture":"#0","tintindex":0},"north":{"uv":[6.0,13.125,6.625,13.5],"rotation":0,"texture":"#0","tintindex":0},"west":{"uv":[4.875,14.125,5.125,14.5],"rotation":0,"texture":"#0","tintindex":0},"up":{"uv":[14.25,13.875,13.625,13.625],"rotation":0,"texture":"#0","tintindex":0},"down":{"uv":[2.0,13.75,1.375,14.0],"rotation":0,"texture":"#0","tintindex":0}}},{"from":[4.764377,4.7743483,5.6302214],"to":[9.030152,9.040124,7.1269846],"rotation":{"angle":-45.0,"axis":"z","origin":[6.1114645,4.9240246,6.303765]},"faces":{"east":{"uv":[10.125,12.5,10.5,13.375],"rotation":0,"texture":"#0","tintindex":0},"south":{"uv":[0.875,8.5,1.75,9.375],"rotation":0,"texture":"#0","tintindex":0},"north":{"uv":[8.5,0.0,9.375,0.875],"rotation":0,"texture":"#0","tintindex":0},"west":{"uv":[10.5,12.5,10.875,13.375],"rotation":0,"texture":"#0","tintindex":0},"up":{"uv":[13.375,3.25,12.5,2.875],"rotation":0,"texture":"#0","tintindex":0},"down":{"uv":[13.375,3.25,12.5,3.625],"rotation":0,"texture":"#0","tintindex":0}}},{"from":[8.250428,6.5816646,-0.49944305],"to":[9.664623,7.6815944,0.54810905],"rotation":{"angle":0.0,"axis":"y","origin":[8.090683,7.7834578,2.3262815]},"faces":{"east":{"uv":[4.5,14.25,4.75,14.5],"rotation":0,"texture":"#0","tintindex":0},"south":{"uv":[14.25,5.5,14.5,5.75],"rotation":0,"texture":"#0","tintindex":0},"north":{"uv":[14.25,4.375,14.5,4.625],"rotation":0,"texture":"#0","tintindex":0},"west":{"uv":[14.25,5.75,14.5,6.0],"rotation":0,"texture":"#0","tintindex":0},"up":{"uv":[6.25,14.5,6.0,14.25],"rotation":0,"texture":"#0","tintindex":0},"down":{"uv":[14.5,6.0,14.25,6.25],"rotation":0,"texture":"#0","tintindex":0}}},{"from":[6.3865376,6.166319,5.684763],"to":[9.970537,10.966319,8.829906],"rotation":{"angle":0.0,"axis":"y","origin":[4.7865376,4.8223186,10.612763]},"faces":{"east":{"uv":[7.5,8.625,8.25,9.625],"rotation":0,"texture":"#0","tintindex":0},"south":{"uv":[8.625,7.625,9.375,8.625],"rotation":0,"texture":"#0","tintindex":0},"north":{"uv":[8.625,5.125,9.375,6.125],"rotation":0,"texture":"#0","tintindex":0},"west":{"uv":[8.25,8.625,9.0,9.625],"rotation":0,"texture":"#0","tintindex":0},"up":{"uv":[5.75,11.375,5.0,10.625],"rotation":0,"texture":"#0","tintindex":0},"down":{"uv":[0.75,10.75,0.0,11.5],"rotation":0,"texture":"#0","tintindex":0}}},{"from":[5.1759872,6.1588545,3.3850765],"to":[9.217248,10.087858,4.8818398],"rotation":{"angle":-45.0,"axis":"z","origin":[6.186302,6.458207,2.9360476]},"faces":{"east":{"uv":[12.5,2.0,12.875,2.875],"rotation":0,"texture":"#0","tintindex":0},"south":{"uv":[0.0,8.5,0.875,9.375],"rotation":0,"texture":"#0","tintindex":0},"north":{"uv":[3.875,8.375,4.75,9.25],"rotation":0,"texture":"#0","tintindex":0},"west":{"uv":[9.125,12.5,9.5,13.375],"rotation":0,"texture":"#0","tintindex":0},"up":{"uv":[13.375,0.375,12.5,0.0],"rotation":0,"texture":"#0","tintindex":0},"down":{"uv":[13.375,0.375,12.5,0.75],"rotation":0,"texture":"#0","tintindex":0}}},{"from":[5.0619173,4.8568063,4.791969],"to":[11.198647,11.061382,6.4863157],"rotation":{"angle":0.0,"axis":"y","origin":[8.130282,7.959094,5.9248567]},"faces":{"east":{"uv":[9.875,11.0,10.25,12.375],"rotation":0,"texture":"#0","tintindex":0},"south":{"uv":[2.75,1.375,4.125,2.75],"rotation":0,"texture":"#0","tintindex":0},"north":{"uv":[1.375,2.75,2.75,4.125],"rotation":0,"texture":"#0","tintindex":0},"west":{"uv":[8.75,11.25,9.125,12.625],"rotation":0,"texture":"#0","tintindex":0},"up":{"uv":[12.375,10.25,11.0,9.875],"rotation":0,"texture":"#0","tintindex":0},"down":{"uv":[12.75,10.25,11.375,10.625],"rotation":0,"texture":"#0","tintindex":0}}},{"from":[4.9885187,6.2961564,2.5632567],"to":[8.229582,9.816566,3.5758905],"rotation":{"angle":45.0,"axis":"z","origin":[8.346683,7.9114575,0.94799614]},"faces":{"east":{"uv":[5.125,13.375,5.375,14.125],"rotation":0,"texture":"#0","tintindex":0},"south":{"uv":[11.0,5.375,11.75,6.125],"rotation":0,"texture":"#0","tintindex":0},"north":{"uv":[2.25,11.0,3.0,11.75],"rotation":0,"texture":"#0","tintindex":0},"west":{"uv":[5.375,13.375,5.625,14.125],"rotation":0,"texture":"#0","tintindex":0},"up":{"uv":[11.625,13.625,10.875,13.375],"rotation":0,"texture":"#0","tintindex":0},"down":{"uv":[13.25,13.375,12.5,13.625],"rotation":0,"texture":"#0","tintindex":0}}},{"from":[5.0619173,5.2853775,3.5062547],"to":[11.198647,11.489953,5.629173],"rotation":{"angle":45.0,"axis":"z","origin":[8.130282,8.387666,5.639142]},"faces":{"east":{"uv":[9.25,6.125,9.75,7.5],"rotation":0,"texture":"#0","tintindex":0},"south":{"uv":[0.0,1.375,1.375,2.75],"rotation":0,"texture":"#0","tintindex":0},"north":{"uv":[0.0,0.0,1.375,1.375],"rotation":0,"texture":"#0","tintindex":0},"west":{"uv":[0.0,9.375,0.5,10.75],"rotation":0,"texture":"#0","tintindex":0},"up":{"uv":[10.625,3.75,9.25,3.25],"rotation":0,"texture":"#0","tintindex":0},"down":{"uv":[10.625,3.75,9.25,4.25],"rotation":0,"texture":"#0","tintindex":0}}},{"from":[5.0619173,4.8568063,4.6491117],"to":[11.198647,11.061382,6.9148874],"rotation":{"angle":22.5,"axis":"z","origin":[8.130282,7.959094,5.7819996]},"faces":{"east":{"uv":[9.375,0.0,9.875,1.375],"rotation":0,"texture":"#0","tintindex":0},"south":{"uv":[1.375,1.375,2.75,2.75],"rotation":0,"texture":"#0","tintindex":0},"north":{"uv":[1.375,0.0,2.75,1.375],"rotation":0,"texture":"#0","tintindex":0},"west":{"uv":[0.5,9.375,1.0,10.75],"rotation":0,"texture":"#0","tintindex":0},"up":{"uv":[10.75,1.875,9.375,1.375],"rotation":0,"texture":"#0","tintindex":0},"down":{"uv":[10.75,5.0,9.375,5.5],"rotation":0,"texture":"#0","tintindex":0}}},{"from":[8.189173,6.2088394,2.676354],"to":[11.763584,8.634117,4.169536],"rotation":{"angle":22.5,"axis":"z","origin":[7.770683,7.9754577,2.9022818]},"faces":{"east":{"uv":[6.375,13.5,6.75,14.0],"rotation":0,"texture":"#0","tintindex":0},"south":{"uv":[12.375,10.625,13.125,11.125],"rotation":0,"texture":"#0","tintindex":0},"north":{"uv":[12.375,9.375,13.125,9.875],"rotation":0,"texture":"#0","tintindex":0},"west":{"uv":[6.75,13.5,7.125,14.0],"rotation":0,"texture":"#0","tintindex":0},"up":{"uv":[13.5,7.125,12.75,6.75],"rotation":0,"texture":"#0","tintindex":0},"down":{"uv":[13.5,7.125,12.75,7.5],"rotation":0,"texture":"#0","tintindex":0}}},{"from":[7.1324806,9.885715,0.47575188],"to":[9.096641,10.566624,1.2090383],"rotation":{"angle":-45.0,"axis":"x","origin":[8.090683,7.7834578,2.3262815]},"faces":{"east":{"uv":[14.375,4.625,14.5,4.75],"rotation":0,"texture":"#0","tintindex":0},"south":{"uv":[14.25,6.25,14.625,6.375],"rotation":0,"texture":"#0","tintindex":0},"north":{"uv":[6.25,14.25,6.625,14.375],"rotation":0,"texture":"#0","tintindex":0},"west":{"uv":[14.375,4.75,14.5,4.875],"rotation":0,"texture":"#0","tintindex":0},"up":{"uv":[14.625,6.5,14.25,6.375],"rotation":0,"texture":"#0","tintindex":0},"down":{"uv":[14.625,6.5,14.25,6.625],"rotation":0,"texture":"#0","tintindex":0}}},{"from":[6.293234,8.938657,1.3473873],"to":[7.340786,10.106836,1.766408],"rotation":{"angle":22.5,"axis":"y","origin":[8.090683,7.7834578,2.3262815]},"faces":{"east":{"uv":[8.5,7.625,8.625,7.875],"rotation":0,"texture":"#0","tintindex":0},"south":{"uv":[0.25,14.25,0.5,14.5],"rotation":0,"texture":"#0","tintindex":0},"north":{"uv":[0.0,14.25,0.25,14.5],"rotation":0,"texture":"#0","tintindex":0},"west":{"uv":[9.125,3.25,9.25,3.5],"rotation":0,"texture":"#0","tintindex":0},"up":{"uv":[3.25,8.375,3.0,8.25],"rotation":0,"texture":"#0","tintindex":0},"down":{"uv":[1.75,9.375,1.5,9.5],"rotation":0,"texture":"#0","tintindex":0}}},{"from":[3.9927425,7.4078083,3.9492226],"to":[7.8052335,10.928218,5.3630447],"rotation":{"angle":45.0,"axis":"z","origin":[8.090683,9.191458,1.3022819]},"faces":{"east":{"uv":[9.0,13.375,9.25,14.125],"rotation":0,"texture":"#0","tintindex":0},"south":{"uv":[9.75,4.25,10.625,5.0],"rotation":0,"texture":"#0","tintindex":0},"north":{"uv":[9.625,1.875,10.5,2.625],"rotation":0,"texture":"#0","tintindex":0},"west":{"uv":[9.25,13.375,9.5,14.125],"rotation":0,"texture":"#0","tintindex":0},"up":{"uv":[14.0,11.0,13.125,10.75],"rotation":0,"texture":"#0","tintindex":0},"down":{"uv":[11.75,13.125,10.875,13.375],"rotation":0,"texture":"#0","tintindex":0}}},{"from":[5.0619173,5.5710917,8.077683],"to":[10.05579,10.632811,9.77203],"rotation":{"angle":-45.0,"axis":"z","origin":[8.130282,7.530523,8.924857]},"faces":{"east":{"uv":[4.875,12.25,5.25,13.375],"rotation":0,"texture":"#0","tintindex":0},"south":{"uv":[5.75,4.75,6.875,5.875],"rotation":0,"texture":"#0","tintindex":0},"north":{"uv":[5.625,1.125,6.75,2.25],"rotation":0,"texture":"#0","tintindex":0},"west":{"uv":[5.25,12.25,5.625,13.375],"rotation":0,"texture":"#0","tintindex":0},"up":{"uv":[13.375,5.25,12.25,4.875],"rotation":0,"texture":"#0","tintindex":0},"down":{"uv":[13.375,5.25,12.25,5.625],"rotation":0,"texture":"#0","tintindex":0}}},{"from":[7.499124,10.33698,2.3321218],"to":[8.7561865,10.981383,5.7334914],"rotation":{"angle":0.0,"axis":"y","origin":[8.090683,7.7834578,2.3262815]},"faces":{"east":{"uv":[14.125,1.25,14.875,1.375],"rotation":0,"texture":"#0","tintindex":0},"south":{"uv":[1.25,11.5,1.5,11.625],"rotation":0,"texture":"#0","tintindex":0},"north":{"uv":[3.0,11.0,3.25,11.125],"rotation":0,"texture":"#0","tintindex":0},"west":{"uv":[14.125,1.375,14.875,1.5],"rotation":0,"texture":"#0","tintindex":0},"up":{"uv":[9.75,13.25,9.5,12.5],"rotation":0,"texture":"#0","tintindex":0},"down":{"uv":[4.125,13.25,3.875,14.0],"rotation":0,"texture":"#0","tintindex":0}}},{"from":[5.409389,6.2690263,3.5334969],"to":[8.650452,9.789436,4.4552507],"rotation":{"angle":45.0,"axis":"z","origin":[8.346683,7.4634576,3.1879964]},"faces":{"east":{"uv":[9.875,13.25,10.125,14.0],"rotation":0,"texture":"#0","tintindex":0},"south":{"uv":[1.5,10.875,2.25,11.625],"rotation":0,"texture":"#0","tintindex":0},"north":{"uv":[10.25,10.75,11.0,11.5],"rotation":0,"texture":"#0","tintindex":0},"west":{"uv":[4.875,13.375,5.125,14.125],"rotation":0,"texture":"#0","tintindex":0},"up":{"uv":[14.125,5.5,13.375,5.25],"rotation":0,"texture":"#0","tintindex":0},"down":{"uv":[10.875,13.375,10.125,13.625],"rotation":0,"texture":"#0","tintindex":0}}},{"from":[8.798559,5.6383057,-0.069802284],"to":[9.195359,7.066786,0.32699776],"rotation":{"angle":0.0,"axis":"y","origin":[8.090683,7.7834578,2.3262815]},"faces":{"east":{"uv":[9.0,14.25,9.125,14.5],"rotation":0,"texture":"#0","tintindex":0},"south":{"uv":[9.125,14.25,9.25,14.5],"rotation":0,"texture":"#0","tintindex":0},"north":{"uv":[14.25,7.875,14.375,8.125],"rotation":0,"texture":"#0","tintindex":0},"west":{"uv":[9.25,14.25,9.375,14.5],"rotation":0,"texture":"#0","tintindex":0},"up":{"uv":[14.5,7.0,14.375,6.875],"rotation":0,"texture":"#0","tintindex":0},"down":{"uv":[14.5,7.0,14.375,7.125],"rotation":0,"texture":"#0","tintindex":0}}},{"from":[8.93296,6.335906,0.43963766],"to":[9.32976,7.5659857,0.8364382],"rotation":{"angle":0.0,"axis":"y","origin":[8.090683,7.7834578,2.3262815]},"faces":{"east":{"uv":[14.25,6.625,14.375,6.875],"rotation":0,"texture":"#0","tintindex":0},"south":{"uv":[14.25,6.875,14.375,7.125],"rotation":0,"texture":"#0","tintindex":0},"north":{"uv":[6.625,14.25,6.75,14.5],"rotation":0,"texture":"#0","tintindex":0},"west":{"uv":[7.0,14.25,7.125,14.5],"rotation":0,"texture":"#0","tintindex":0},"up":{"uv":[6.5,14.5,6.375,14.375],"rotation":0,"texture":"#0","tintindex":0},"down":{"uv":[6.625,14.375,6.5,14.5],"rotation":0,"texture":"#0","tintindex":0}}},{"from":[5.0619173,4.8568063,4.791969],"to":[11.198647,11.061382,7.0577445],"rotation":{"angle":-22.5,"axis":"z","origin":[8.130282,7.959094,5.9248567]},"faces":{"east":{"uv":[1.0,9.375,1.5,10.75],"rotation":0,"texture":"#0","tintindex":0},"south":{"uv":[2.75,0.0,4.125,1.375],"rotation":0,"texture":"#0","tintindex":0},"north":{"uv":[0.0,2.75,1.375,4.125],"rotation":0,"texture":"#0","tintindex":0},"west":{"uv":[1.5,9.5,2.0,10.875],"rotation":0,"texture":"#0","tintindex":0},"up":{"uv":[10.75,6.0,9.375,5.5],"rotation":0,"texture":"#0","tintindex":0},"down":{"uv":[10.75,7.5,9.375,8.0],"rotation":0,"texture":"#0","tintindex":0}}},{"from":[8.2980795,6.3973455,0.16187811],"to":[8.69488,7.3099856,0.5586777],"rotation":{"angle":0.0,"axis":"y","origin":[8.090683,7.7834578,2.3262815]},"faces":{"east":{"uv":[2.625,14.0,2.75,14.25],"rotation":0,"texture":"#0","tintindex":0},"south":{"uv":[8.125,14.125,8.25,14.375],"rotation":0,"texture":"#0","tintindex":0},"north":{"uv":[0.375,14.0,0.5,14.25],"rotation":0,"texture":"#0","tintindex":0},"west":{"uv":[11.875,14.125,12.0,14.375],"rotation":0,"texture":"#0","tintindex":0},"up":{"uv":[5.75,14.5,5.625,14.375],"rotation":0,"texture":"#0","tintindex":0},"down":{"uv":[5.875,14.375,5.75,14.5],"rotation":0,"texture":"#0","tintindex":0}}},{"from":[7.861599,6.3973455,0.16187811],"to":[8.258399,7.3099856,0.5586777],"rotation":{"angle":0.0,"axis":"y","origin":[8.090683,7.7834578,2.3262815]},"faces":{"east":{"uv":[2.25,14.25,2.375,14.5],"rotation":0,"texture":"#0","tintindex":0},"south":{"uv":[3.375,14.25,3.5,14.5],"rotation":0,"texture":"#0","tintindex":0},"north":{"uv":[12.875,14.125,13.0,14.375],"rotation":0,"texture":"#0","tintindex":0},"west":{"uv":[4.75,14.25,4.875,14.5],"rotation":0,"texture":"#0","tintindex":0},"up":{"uv":[6.0,14.5,5.875,14.375],"rotation":0,"texture":"#0","tintindex":0},"down":{"uv":[6.375,14.375,6.25,14.5],"rotation":0,"texture":"#0","tintindex":0}}},{"from":[6.829919,6.335906,0.43963766],"to":[7.226719,7.5659857,0.8364382],"rotation":{"angle":0.0,"axis":"y","origin":[8.090683,7.7834578,2.3262815]},"faces":{"east":{"uv":[12.25,5.625,12.375,5.875],"rotation":0,"texture":"#0","tintindex":0},"south":{"uv":[3.5,12.375,3.625,12.625],"rotation":0,"texture":"#0","tintindex":0},"north":{"uv":[9.75,12.125,9.875,12.375],"rotation":0,"texture":"#0","tintindex":0},"west":{"uv":[8.625,12.375,8.75,12.625],"rotation":0,"texture":"#0","tintindex":0},"up":{"uv":[14.5,5.25,14.375,5.125],"rotation":0,"texture":"#0","tintindex":0},"down":{"uv":[14.5,5.25,14.375,5.375],"rotation":0,"texture":"#0","tintindex":0}}},{"from":[6.6187005,10.321868,3.1146111],"to":[8.556671,12.469349,3.5336323],"rotation":{"angle":-45.0,"axis":"z","origin":[8.090683,7.7834578,2.3262815]},"faces":{"east":{"uv":[8.5,0.875,8.625,1.375],"rotation":0,"texture":"#0","tintindex":0},"south":{"uv":[13.375,4.75,13.75,5.25],"rotation":0,"texture":"#0","tintindex":0},"north":{"uv":[4.5,13.375,4.875,13.875],"rotation":0,"texture":"#0","tintindex":0},"west":{"uv":[4.25,9.875,4.375,10.375],"rotation":0,"texture":"#0","tintindex":0},"up":{"uv":[13.125,10.625,12.75,10.5],"rotation":0,"texture":"#0","tintindex":0},"down":{"uv":[14.5,10.375,14.125,10.5],"rotation":0,"texture":"#0","tintindex":0}}},{"from":[8.8771515,8.938657,1.3322387],"to":[9.924704,10.106836,1.7512598],"rotation":{"angle":-22.5,"axis":"y","origin":[8.090683,7.7834578,2.3262815]},"faces":{"east":{"uv":[6.375,9.75,6.5,10.0],"rotation":0,"texture":"#0","tintindex":0},"south":{"uv":[1.5,14.25,1.75,14.5],"rotation":0,"texture":"#0","tintindex":0},"north":{"uv":[1.25,14.25,1.5,14.5],"rotation":0,"texture":"#0","tintindex":0},"west":{"uv":[10.125,7.25,10.25,7.5],"rotation":0,"texture":"#0","tintindex":0},"up":{"uv":[2.25,10.875,2.0,10.75],"rotation":0,"texture":"#0","tintindex":0},"down":{"uv":[11.0,7.875,10.75,8.0],"rotation":0,"texture":"#0","tintindex":0}}},{"from":[4.484393,7.254472,3.9492226],"to":[8.0588045,10.822607,4.7916164],"rotation":{"angle":-22.5,"axis":"z","origin":[8.090683,9.191458,1.3022819]},"faces":{"east":{"uv":[3.625,5.5,3.75,6.25],"rotation":0,"texture":"#0","tintindex":0},"south":{"uv":[11.0,9.125,11.75,9.875],"rotation":0,"texture":"#0","tintindex":0},"north":{"uv":[9.125,11.0,9.875,11.75],"rotation":0,"texture":"#0","tintindex":0},"west":{"uv":[2.0,7.625,2.125,8.375],"rotation":0,"texture":"#0","tintindex":0},"up":{"uv":[14.875,3.0,14.125,2.875],"rotation":0,"texture":"#0","tintindex":0},"down":{"uv":[14.875,3.0,14.125,3.125],"rotation":0,"texture":"#0","tintindex":0}}},{"from":[8.19029,7.2264175,3.9492226],"to":[11.764702,10.794553,4.7916164],"rotation":{"angle":22.5,"axis":"z","origin":[8.090683,9.191458,1.3022819]},"faces":{"east":{"uv":[5.625,11.375,5.75,12.125],"rotation":0,"texture":"#0","tintindex":0},"south":{"uv":[11.125,0.0,11.875,0.75],"rotation":0,"texture":"#0","tintindex":0},"north":{"uv":[11.0,10.75,11.75,11.5],"rotation":0,"texture":"#0","tintindex":0},"west":{"uv":[12.0,13.875,12.125,14.625],"rotation":0,"texture":"#0","tintindex":0},"up":{"uv":[14.875,3.25,14.125,3.125],"rotation":0,"texture":"#0","tintindex":0},"down":{"uv":[14.875,3.25,14.125,3.375],"rotation":0,"texture":"#0","tintindex":0}}}],"display":{"head":{"translation":[0.0,-6.4,0.0],"scale":[4.0,4.0,4.0]}}}