{"textures":{"0":"modelengine:entity/lion"},"elements":[{"from":[8.60815,6.992074,7.442529],"to":[9.00495,7.706314,7.8393292],"rotation":{"angle":22.5,"axis":"x","origin":[8.032789,7.541194,7.7049294]},"faces":{"east":{"uv":[7.875,14.375,8.0,14.5],"rotation":0,"texture":"#0","tintindex":0},"south":{"uv":[14.375,7.875,14.5,8.0],"rotation":0,"texture":"#0","tintindex":0},"north":{"uv":[14.375,7.75,14.5,7.875],"rotation":0,"texture":"#0","tintindex":0},"west":{"uv":[8.0,14.375,8.125,14.5],"rotation":0,"texture":"#0","tintindex":0},"up":{"uv":[14.5,8.125,14.375,8.0],"rotation":0,"texture":"#0","tintindex":0},"down":{"uv":[8.25,14.375,8.125,14.5],"rotation":0,"texture":"#0","tintindex":0}}},{"from":[6.5870504,5.8410378,4.661451],"to":[9.5352745,6.88859,5.3947372],"rotation":{"angle":22.5,"axis":"x","origin":[4.307313,4.0396476,9.030804]},"faces":{"east":{"uv":[9.375,14.25,9.5,14.5],"rotation":0,"texture":"#0","tintindex":0},"south":{"uv":[13.75,3.875,14.375,4.125],"rotation":0,"texture":"#0","tintindex":0},"north":{"uv":[13.75,2.5,14.375,2.75],"rotation":0,"texture":"#0","tintindex":0},"west":{"uv":[9.5,14.25,9.625,14.5],"rotation":0,"texture":"#0","tintindex":0},"up":{"uv":[14.75,9.125,14.125,9.0],"rotation":0,"texture":"#0","tintindex":0},"down":{"uv":[14.75,9.125,14.125,9.25],"rotation":0,"texture":"#0","tintindex":0}}},{"from":[8.60815,6.819637,8.770358],"to":[9.00495,7.533877,9.167158],"rotation":{"angle":0.0,"axis":"y","origin":[4.307313,4.0396476,9.030804]},"faces":{"east":{"uv":[14.375,7.25,14.5,7.375],"rotation":0,"texture":"#0","tintindex":0},"south":{"uv":[14.375,7.375,14.5,7.5],"rotation":0,"texture":"#0","tintindex":0},"north":{"uv":[14.375,7.125,14.5,7.25],"rotation":0,"texture":"#0","tintindex":0},"west":{"uv":[14.375,7.5,14.5,7.625],"rotation":0,"texture":"#0","tintindex":0},"up":{"uv":[14.5,7.75,14.375,7.625],"rotation":0,"texture":"#0","tintindex":0},"down":{"uv":[7.875,14.375,7.75,14.5],"rotation":0,"texture":"#0","tintindex":0}}},{"from":[7.06063,6.928074,7.826529],"to":[7.4574294,7.642314,8.22333],"rotation":{"angle":22.5,"axis":"x","origin":[8.032789,7.285194,8.152929]},"faces":{"east":{"uv":[14.375,12.375,14.5,12.5],"rotation":0,"texture":"#0","tintindex":0},"south":{"uv":[14.375,12.5,14.5,12.625],"rotation":0,"texture":"#0","tintindex":0},"north":{"uv":[14.375,12.25,14.5,12.375],"rotation":0,"texture":"#0","tintindex":0},"west":{"uv":[12.625,14.375,12.75,14.5],"rotation":0,"texture":"#0","tintindex":0},"up":{"uv":[14.5,12.75,14.375,12.625],"rotation":0,"texture":"#0","tintindex":0},"down":{"uv":[12.875,14.375,12.75,14.5],"rotation":0,"texture":"#0","tintindex":0}}},{"from":[7.9182296,7.6179147,6.5981264],"to":[8.23567,8.332154,6.9949265],"rotation":{"angle":0.0,"axis":"y","origin":[4.307313,4.0396476,9.030804]},"faces":{"east":{"uv":[9.875,14.375,10.0,14.5],"rotation":0,"texture":"#0","tintindex":0},"south":{"uv":[14.375,9.875,14.5,10.0],"rotation":0,"texture":"#0","tintindex":0},"north":{"uv":[14.375,9.75,14.5,9.875],"rotation":0,"texture":"#0","tintindex":0},"west":{"uv":[10.0,14.375,10.125,14.5],"rotation":0,"texture":"#0","tintindex":0},"up":{"uv":[10.25,14.5,10.125,14.375],"rotation":0,"texture":"#0","tintindex":0},"down":{"uv":[14.5,10.125,14.375,10.25],"rotation":0,"texture":"#0","tintindex":0}}},{"from":[8.480149,6.5268903,5.2339125],"to":[8.876949,7.65073,5.6307125],"rotation":{"angle":22.5,"axis":"x","origin":[4.307313,4.0396476,9.030804]},"faces":{"east":{"uv":[12.125,14.25,12.25,14.5],"rotation":0,"texture":"#0","tintindex":0},"south":{"uv":[14.25,12.125,14.375,12.375],"rotation":0,"texture":"#0","tintindex":0},"north":{"uv":[14.25,11.875,14.375,12.125],"rotation":0,"texture":"#0","tintindex":0},"west":{"uv":[12.25,14.25,12.375,14.5],"rotation":0,"texture":"#0","tintindex":0},"up":{"uv":[14.5,10.75,14.375,10.625],"rotation":0,"texture":"#0","tintindex":0},"down":{"uv":[10.875,14.375,10.75,14.5],"rotation":0,"texture":"#0","tintindex":0}}},{"from":[7.06063,6.992074,7.442529],"to":[7.4574294,7.706314,7.8393292],"rotation":{"angle":22.5,"axis":"x","origin":[8.032789,7.541194,7.7049294]},"faces":{"east":{"uv":[14.375,11.375,14.5,11.5],"rotation":0,"texture":"#0","tintindex":0},"south":{"uv":[11.5,14.375,11.625,14.5],"rotation":0,"texture":"#0","tintindex":0},"north":{"uv":[11.375,14.375,11.5,14.5],"rotation":0,"texture":"#0","tintindex":0},"west":{"uv":[14.375,11.5,14.5,11.625],"rotation":0,"texture":"#0","tintindex":0},"up":{"uv":[11.75,14.5,11.625,14.375],"rotation":0,"texture":"#0","tintindex":0},"down":{"uv":[14.5,11.625,14.375,11.75],"rotation":0,"texture":"#0","tintindex":0}}},{"from":[8.60815,6.928074,7.826529],"to":[9.00495,7.642314,8.22333],"rotation":{"angle":22.5,"axis":"x","origin":[8.032789,7.285194,8.152929]},"faces":{"east":{"uv":[12.875,14.375,13.0,14.5],"rotation":0,"texture":"#0","tintindex":0},"south":{"uv":[14.375,12.875,14.5,13.0],"rotation":0,"texture":"#0","tintindex":0},"north":{"uv":[14.375,12.75,14.5,12.875],"rotation":0,"texture":"#0","tintindex":0},"west":{"uv":[14.375,13.0,14.5,13.125],"rotation":0,"texture":"#0","tintindex":0},"up":{"uv":[13.25,14.5,13.125,14.375],"rotation":0,"texture":"#0","tintindex":0},"down":{"uv":[14.5,13.125,14.375,13.25],"rotation":0,"texture":"#0","tintindex":0}}},{"from":[7.06063,7.243696,7.0380406],"to":[7.4574294,7.957936,7.4348407],"rotation":{"angle":0.0,"axis":"y","origin":[4.307313,4.0396476,9.030804]},"faces":{"east":{"uv":[11.0,14.375,11.125,14.5],"rotation":0,"texture":"#0","tintindex":0},"south":{"uv":[14.375,11.0,14.5,11.125],"rotation":0,"texture":"#0","tintindex":0},"north":{"uv":[14.375,10.875,14.5,11.0],"rotation":0,"texture":"#0","tintindex":0},"west":{"uv":[11.125,14.375,11.25,14.5],"rotation":0,"texture":"#0","tintindex":0},"up":{"uv":[14.5,11.25,14.375,11.125],"rotation":0,"texture":"#0","tintindex":0},"down":{"uv":[11.375,14.375,11.25,14.5],"rotation":0,"texture":"#0","tintindex":0}}},{"from":[6.6918054,5.9457927,4.7662063],"to":[9.509879,6.7838345,8.124722],"rotation":{"angle":22.5,"axis":"x","origin":[4.307313,4.0396476,9.030804]},"faces":{"east":{"uv":[14.125,5.375,14.875,5.5],"rotation":0,"texture":"#0","tintindex":0},"south":{"uv":[9.0,14.125,9.625,14.25],"rotation":0,"texture":"#0","tintindex":0},"north":{"uv":[13.125,11.0,13.75,11.125],"rotation":0,"texture":"#0","tintindex":0},"west":{"uv":[14.125,8.125,14.875,8.25],"rotation":0,"texture":"#0","tintindex":0},"up":{"uv":[12.5,0.75,11.875,0.0],"rotation":0,"texture":"#0","tintindex":0},"down":{"uv":[12.5,1.125,11.875,1.875],"rotation":0,"texture":"#0","tintindex":0}}},{"from":[8.315029,7.6179147,6.5981264],"to":[8.59279,8.332154,6.9949265],"rotation":{"angle":0.0,"axis":"y","origin":[4.307313,4.0396476,9.030804]},"faces":{"east":{"uv":[14.375,9.375,14.5,9.5],"rotation":0,"texture":"#0","tintindex":0},"south":{"uv":[14.375,9.5,14.5,9.625],"rotation":0,"texture":"#0","tintindex":0},"north":{"uv":[14.375,9.25,14.5,9.375],"rotation":0,"texture":"#0","tintindex":0},"west":{"uv":[9.625,14.375,9.75,14.5],"rotation":0,"texture":"#0","tintindex":0},"up":{"uv":[14.5,9.75,14.375,9.625],"rotation":0,"texture":"#0","tintindex":0},"down":{"uv":[9.875,14.375,9.75,14.5],"rotation":0,"texture":"#0","tintindex":0}}},{"from":[7.5611095,7.6179147,6.5981264],"to":[7.8388696,8.332154,6.9949265],"rotation":{"angle":0.0,"axis":"y","origin":[4.307313,4.0396476,9.030804]},"faces":{"east":{"uv":[14.375,10.25,14.5,10.375],"rotation":0,"texture":"#0","tintindex":0},"south":{"uv":[10.375,14.375,10.5,14.5],"rotation":0,"texture":"#0","tintindex":0},"north":{"uv":[10.25,14.375,10.375,14.5],"rotation":0,"texture":"#0","tintindex":0},"west":{"uv":[10.5,14.375,10.625,14.5],"rotation":0,"texture":"#0","tintindex":0},"up":{"uv":[14.5,10.625,14.375,10.5],"rotation":0,"texture":"#0","tintindex":0},"down":{"uv":[10.75,14.375,10.625,14.5],"rotation":0,"texture":"#0","tintindex":0}}},{"from":[7.06063,6.819637,8.770358],"to":[7.4574294,7.533877,9.167158],"rotation":{"angle":0.0,"axis":"y","origin":[4.307313,4.0396476,9.030804]},"faces":{"east":{"uv":[14.375,11.75,14.5,11.875],"rotation":0,"texture":"#0","tintindex":0},"south":{"uv":[11.875,14.375,12.0,14.5],"rotation":0,"texture":"#0","tintindex":0},"north":{"uv":[11.75,14.375,11.875,14.5],"rotation":0,"texture":"#0","tintindex":0},"west":{"uv":[14.375,11.875,14.5,12.0],"rotation":0,"texture":"#0","tintindex":0},"up":{"uv":[14.5,12.125,14.375,12.0],"rotation":0,"texture":"#0","tintindex":0},"down":{"uv":[14.5,12.125,14.375,12.25],"rotation":0,"texture":"#0","tintindex":0}}},{"from":[8.60815,7.228511,7.0747004],"to":[9.00495,7.942751,7.4715004],"rotation":{"angle":0.0,"axis":"y","origin":[4.307313,4.0396476,9.030804]},"faces":{"east":{"uv":[8.375,14.375,8.5,14.5],"rotation":0,"texture":"#0","tintindex":0},"south":{"uv":[8.5,14.375,8.625,14.5],"rotation":0,"texture":"#0","tintindex":0},"north":{"uv":[8.25,14.375,8.375,14.5],"rotation":0,"texture":"#0","tintindex":0},"west":{"uv":[8.625,14.375,8.75,14.5],"rotation":0,"texture":"#0","tintindex":0},"up":{"uv":[8.875,14.5,8.75,14.375],"rotation":0,"texture":"#0","tintindex":0},"down":{"uv":[9.0,14.375,8.875,14.5],"rotation":0,"texture":"#0","tintindex":0}}},{"from":[7.1886296,6.5268903,5.2339125],"to":[7.5854297,7.65073,5.6307125],"rotation":{"angle":22.5,"axis":"x","origin":[4.307313,4.0396476,9.030804]},"faces":{"east":{"uv":[14.25,12.375,14.375,12.625],"rotation":0,"texture":"#0","tintindex":0},"south":{"uv":[12.5,14.25,12.625,14.5],"rotation":0,"texture":"#0","tintindex":0},"north":{"uv":[12.375,14.25,12.5,14.5],"rotation":0,"texture":"#0","tintindex":0},"west":{"uv":[13.0,14.25,13.125,14.5],"rotation":0,"texture":"#0","tintindex":0},"up":{"uv":[14.5,10.875,14.375,10.75],"rotation":0,"texture":"#0","tintindex":0},"down":{"uv":[11.0,14.375,10.875,14.5],"rotation":0,"texture":"#0","tintindex":0}}}],"display":{"head":{"translation":[0.0,-6.4,0.0],"scale":[4.0,4.0,4.0]}}}