{
	"credit": "Made with Blockbench",
	"parent": "fraggle:block/base_models/display/block",
	"textures": {
		"1": "block/polished_diorite",
		"2": "block/spruce_log",
		"3": "block/oak_planks",
		"4": "block/stone",
		"5": "block/red_concrete",
		"6": "block/lime_concrete",
		"7": "block/blue_concrete",
		"8": "block/magenta_concrete"
	},
	"elements": [
		{
			"from": [1, 0, 2],
			"to": [15, 2, 14],
			"rotation": {"angle": 0, "axis": "y", "origin": [9, 8, 9]},
			"faces": {
				"north": {"uv": [0, 0, 14, 2], "texture": "#1"},
				"east": {"uv": [0, 0, 12, 2], "texture": "#1"},
				"south": {"uv": [0, 0, 14, 2], "texture": "#1"},
				"west": {"uv": [0, 0, 12, 2], "texture": "#1"},
				"up": {"uv": [0, 0, 14, 12], "texture": "#1"},
				"down": {"uv": [0, 0, 14, 12], "texture": "#1"}
			}
		},
		{
			"from": [2, 0, 1],
			"to": [14, 2, 15],
			"rotation": {"angle": 0, "axis": "y", "origin": [8, 0.5, 8]},
			"faces": {
				"north": {"uv": [0, 0, 12, 2], "texture": "#1"},
				"east": {"uv": [0, 0, 14, 2], "texture": "#1"},
				"south": {"uv": [0, 0, 12, 2], "texture": "#1"},
				"west": {"uv": [0, 0, 14, 2], "texture": "#1"},
				"up": {"uv": [0, 0, 14, 12], "rotation": 270, "texture": "#1"},
				"down": {"uv": [0, 0, 14, 12], "rotation": 90, "texture": "#1"}
			}
		},
		{
			"name": "Wood",
			"from": [2, 1, 2],
			"to": [14, 11, 14],
			"rotation": {"angle": 0, "axis": "y", "origin": [8, 1.5, 8]},
			"faces": {
				"north": {"uv": [0, 0, 12, 10], "texture": "#2"},
				"east": {"uv": [0, 0, 12, 10], "texture": "#2"},
				"south": {"uv": [0, 0, 12, 10], "texture": "#2"},
				"west": {"uv": [0, 0, 12, 10], "texture": "#2"},
				"up": {"uv": [0, 0, 12, 12], "rotation": 270, "texture": "#2"},
				"down": {"uv": [0, 0, 12, 12], "rotation": 90, "texture": "#2"}
			}
		},
		{
			"from": [1, 11, 1],
			"to": [15, 13, 15],
			"rotation": {"angle": 0, "axis": "y", "origin": [8, 2.5, 8]},
			"faces": {
				"north": {"uv": [1, 0, 15, 2], "texture": "#1"},
				"east": {"uv": [1, 0, 15, 2], "texture": "#1"},
				"south": {"uv": [1, 0, 15, 2], "texture": "#1"},
				"west": {"uv": [1, 0, 15, 2], "texture": "#1"},
				"up": {"uv": [1, 1, 15, 15], "rotation": 270, "texture": "#1"},
				"down": {"uv": [1, 1, 15, 15], "rotation": 90, "texture": "#1"}
			}
		},
		{
			"from": [3, 13, 2],
			"to": [4, 14, 5],
			"rotation": {"angle": 22.5, "axis": "y", "origin": [3.5, 13.5, 5.83333]},
			"faces": {
				"north": {"uv": [0, 0, 1, 1], "texture": "#3"},
				"east": {"uv": [0, 0, 3, 1], "texture": "#3"},
				"south": {"uv": [0, 0, 1, 1], "texture": "#3"},
				"west": {"uv": [0, 0, 3, 1], "texture": "#3"},
				"up": {"uv": [0, 0, 1, 3], "texture": "#3"},
				"down": {"uv": [0, 0, 1, 3], "texture": "#3"}
			}
		},
		{
			"from": [3, 13.25, 7],
			"to": [4, 13.75, 9],
			"rotation": {"angle": 22.5, "axis": "y", "origin": [3.5, 13.5, 5.83333]},
			"faces": {
				"north": {"uv": [0, 0, 1, 0.5], "texture": "#4"},
				"east": {"uv": [0, 0, 2, 0.5], "texture": "#4"},
				"south": {"uv": [0, 0, 1, 0.5], "texture": "#4"},
				"west": {"uv": [0, 0, 2, 0.5], "texture": "#4"},
				"up": {"uv": [0, 0, 1, 2], "texture": "#4"},
				"down": {"uv": [0, 0, 1, 2], "texture": "#4"}
			}
		},
		{
			"from": [3.15, 13.35, 5],
			"to": [3.85, 13.65, 8.9],
			"rotation": {"angle": 22.5, "axis": "y", "origin": [3.5, 13.5, 5.83333]},
			"faces": {
				"north": {"uv": [0, 0, 0.7, 0.3], "texture": "#4"},
				"east": {"uv": [0, 0, 3.9, 0.3], "texture": "#4"},
				"south": {"uv": [0, 0, 0.7, 0.3], "texture": "#4"},
				"west": {"uv": [0, 0, 3.9, 0.3], "texture": "#4"},
				"up": {"uv": [0, 0, 0.7, 3.9], "texture": "#4"},
				"down": {"uv": [0, 0, 0.7, 3.9], "texture": "#4"}
			}
		},
		{
			"from": [15, 12.5, 7],
			"to": [16, 13.5, 8],
			"rotation": {"angle": 22.5, "axis": "y", "origin": [23, 20.5, 15]},
			"faces": {
				"north": {"uv": [0, 0, 1, 1], "texture": "#5"},
				"east": {"uv": [0, 0, 1, 1], "texture": "#5"},
				"south": {"uv": [0, 0, 1, 1], "texture": "#5"},
				"west": {"uv": [0, 0, 1, 1], "texture": "#5"},
				"up": {"uv": [5, 11, 6, 12], "texture": "#5"},
				"down": {"uv": [0, 0, 1, 1], "texture": "#5"}
			}
		},
		{
			"from": [11, 12.5, 12],
			"to": [12, 13.5, 13],
			"rotation": {"angle": -45, "axis": "y", "origin": [19, 20.5, 5]},
			"faces": {
				"north": {"uv": [0, 0, 1, 1], "texture": "#6"},
				"east": {"uv": [0, 0, 1, 1], "texture": "#6"},
				"south": {"uv": [0, 0, 1, 1], "texture": "#6"},
				"west": {"uv": [0, 0, 1, 1], "texture": "#6"},
				"up": {"uv": [5, 11, 6, 12], "rotation": 270, "texture": "#6"},
				"down": {"uv": [0, 0, 1, 1], "rotation": 90, "texture": "#6"}
			}
		},
		{
			"from": [10.75, 12.5, 6],
			"to": [12, 13.75, 7.25],
			"rotation": {"angle": 0, "axis": "y", "origin": [19, 20.5, -1]},
			"faces": {
				"north": {"uv": [0, 0, 1, 1], "texture": "#8"},
				"east": {"uv": [0, 0, 1, 1], "texture": "#8"},
				"south": {"uv": [0, 0, 1, 1], "texture": "#8"},
				"west": {"uv": [0, 0, 1, 1], "texture": "#8"},
				"up": {"uv": [5, 11, 6, 12], "rotation": 270, "texture": "#8"},
				"down": {"uv": [0, 0, 1, 1], "rotation": 90, "texture": "#8"}
			}
		},
		{
			"from": [10.25, 12.5, 14],
			"to": [10.85, 13.5, 14.6],
			"rotation": {"angle": -22.5, "axis": "y", "origin": [18, 20.5, 7]},
			"faces": {
				"north": {"uv": [0, 0, 1, 1], "texture": "#7"},
				"east": {"uv": [0, 0, 1, 1], "texture": "#7"},
				"south": {"uv": [0, 0, 1, 1], "texture": "#7"},
				"west": {"uv": [0, 0, 1, 1], "texture": "#7"},
				"up": {"uv": [5, 11, 6, 12], "rotation": 270, "texture": "#7"},
				"down": {"uv": [0, 0, 1, 1], "rotation": 90, "texture": "#7"}
			}
		}
	],
	"display": {
		"head": {
			"translation": [0, -27.2, 0],
			"scale": [2, 2, 2]
		}
	}
}