{"textures":{"0":"modelengine:entity/asianelephant"},"elements":[{"from":[9.458888,6.6104946,7.784014],"to":[10.818888,7.4264946,8.755443],"rotation":{"angle":0.0,"axis":"y","origin":[9.648499,8.122495,7.9417143]},"faces":{"east":{"uv":[2.65625,0.13125,2.4375,0.0],"rotation":0,"texture":"#0","tintindex":0},"south":{"uv":[2.65625,0.13125,2.4375,0.0],"rotation":0,"texture":"#0","tintindex":0},"north":{"uv":[2.65625,0.13125,2.4375,0.0],"rotation":0,"texture":"#0","tintindex":0},"west":{"uv":[2.65625,0.13125,2.4375,0.0],"rotation":0,"texture":"#0","tintindex":0},"up":{"uv":[2.65625,0.13125,2.4375,0.0],"rotation":0,"texture":"#0","tintindex":0},"down":{"uv":[2.65625,0.13125,2.4375,0.0],"rotation":0,"texture":"#0","tintindex":0}}},{"from":[11.161092,6.3167295,7.9783],"to":[13.686806,7.055015,8.677729],"rotation":{"angle":-22.5,"axis":"z","origin":[11.902213,8.161352,7.961143]},"faces":{"east":{"uv":[2.84375,0.11875,2.4375,0.0],"rotation":0,"texture":"#0","tintindex":0},"south":{"uv":[2.84375,0.11875,2.4375,0.0],"rotation":0,"texture":"#0","tintindex":0},"north":{"uv":[2.84375,0.11875,2.4375,0.0],"rotation":0,"texture":"#0","tintindex":0},"west":{"uv":[2.84375,0.11875,2.4375,0.0],"rotation":0,"texture":"#0","tintindex":0},"up":{"uv":[2.84375,0.11875,2.4375,0.0],"rotation":0,"texture":"#0","tintindex":0},"down":{"uv":[2.84375,0.11875,2.4375,0.0],"rotation":0,"texture":"#0","tintindex":0}}},{"from":[13.892511,4.9277053,8.017158],"to":[15.563368,5.588277,8.677729],"rotation":{"angle":-45.0,"axis":"z","origin":[14.5574875,6.9563546,7.961143]},"faces":{"east":{"uv":[2.70625,0.10625,2.4375,0.0],"rotation":0,"texture":"#0","tintindex":0},"south":{"uv":[2.70625,0.10625,2.4375,0.0],"rotation":0,"texture":"#0","tintindex":0},"north":{"uv":[2.70625,0.10625,2.4375,0.0],"rotation":0,"texture":"#0","tintindex":0},"west":{"uv":[2.70625,0.10625,2.4375,0.0],"rotation":0,"texture":"#0","tintindex":0},"up":{"uv":[2.70625,0.10625,2.4375,0.0],"rotation":0,"texture":"#0","tintindex":0},"down":{"uv":[2.70625,0.10625,2.4375,0.0],"rotation":0,"texture":"#0","tintindex":0}}},{"from":[8.568103,6.429714,7.589729],"to":[9.461818,7.478857,8.949729],"rotation":{"angle":0.0,"axis":"y","origin":[11.050285,7.3782854,7.9417143]},"faces":{"east":{"uv":[2.58125,0.16875,2.4375,0.0],"rotation":0,"texture":"#0","tintindex":0},"south":{"uv":[2.58125,0.16875,2.4375,0.0],"rotation":0,"texture":"#0","tintindex":0},"north":{"uv":[2.58125,0.21875,2.4375,0.0],"rotation":0,"texture":"#0","tintindex":0},"west":{"uv":[2.58125,0.16875,2.4375,0.0],"rotation":0,"texture":"#0","tintindex":0},"up":{"uv":[2.58125,0.16875,2.4375,0.0],"rotation":0,"texture":"#0","tintindex":0},"down":{"uv":[2.58125,0.16875,2.4375,0.0],"rotation":0,"texture":"#0","tintindex":0}}},{"from":[9.3348055,-2.7369862,8.056014],"to":[14.969091,1.8093009,8.5223],"rotation":{"angle":-22.5,"axis":"z","origin":[11.902213,8.161352,7.961143]},"faces":{"east":{"uv":[2.5125,0.73125,2.4375,0.0],"rotation":0,"texture":"#0","tintindex":0},"south":{"uv":[3.34375,0.73125,2.4375,0.0],"rotation":0,"texture":"#0","tintindex":0},"north":{"uv":[3.34375,0.73125,2.4375,0.0],"rotation":0,"texture":"#0","tintindex":0},"west":{"uv":[2.5125,0.73125,2.4375,0.0],"rotation":0,"texture":"#0","tintindex":0},"up":{"uv":[4.3125,2.375,2.4375,0.0],"rotation":0,"texture":"#0","tintindex":0},"down":{"uv":[3.34375,0.075,2.4375,0.0],"rotation":0,"texture":"#0","tintindex":0}}},{"from":[11.019324,0.6863909,8.062808],"to":[15.604467,5.2326765,8.521322],"rotation":{"angle":22.5,"axis":"z","origin":[15.549437,0.7203498,7.961143]},"faces":{"east":{"uv":[4.3125,2.375,2.4375,0.0],"rotation":0,"texture":"#0","tintindex":0},"south":{"uv":[3.175,0.73125,2.4375,0.0],"rotation":0,"texture":"#0","tintindex":0},"north":{"uv":[3.175,0.73125,2.4375,0.0],"rotation":0,"texture":"#0","tintindex":0},"west":{"uv":[4.3125,2.375,2.4375,0.0],"rotation":0,"texture":"#0","tintindex":0},"up":{"uv":[4.3125,2.375,2.4375,0.0],"rotation":0,"texture":"#0","tintindex":0},"down":{"uv":[3.175,0.07375,2.4375,0.0],"rotation":0,"texture":"#0","tintindex":0}}},{"from":[13.058232,0.64696646,8.056014],"to":[13.6410885,5.5041094,8.638871],"rotation":{"angle":22.5,"axis":"z","origin":[14.5574875,6.9563546,7.961143]},"faces":{"east":{"uv":[2.53125,0.78125,2.4375,0.0],"rotation":0,"texture":"#0","tintindex":0},"south":{"uv":[2.53125,0.78125,2.4375,0.0],"rotation":0,"texture":"#0","tintindex":0},"north":{"uv":[2.53125,0.78125,2.4375,0.0],"rotation":0,"texture":"#0","tintindex":0},"west":{"uv":[2.53125,0.78125,2.4375,0.0],"rotation":0,"texture":"#0","tintindex":0},"up":{"uv":[2.53125,0.78125,2.4375,0.0],"rotation":0,"texture":"#0","tintindex":0},"down":{"uv":[2.53125,0.09375,2.4375,0.0],"rotation":0,"texture":"#0","tintindex":0}}},{"from":[8.441092,2.5087295,8.056014],"to":[9.3348055,5.189872,8.5223],"rotation":{"angle":-22.5,"axis":"z","origin":[11.902213,8.161352,7.961143]},"faces":{"east":{"uv":[4.3125,2.375,2.4375,0.0],"rotation":0,"texture":"#0","tintindex":0},"south":{"uv":[4.3125,2.375,2.4375,0.0],"rotation":0,"texture":"#0","tintindex":0},"north":{"uv":[4.3125,2.375,2.4375,0.0],"rotation":0,"texture":"#0","tintindex":0},"west":{"uv":[4.3125,2.375,2.4375,0.0],"rotation":0,"texture":"#0","tintindex":0},"up":{"uv":[4.3125,2.375,2.4375,0.0],"rotation":0,"texture":"#0","tintindex":0},"down":{"uv":[4.3125,2.375,2.4375,0.0],"rotation":0,"texture":"#0","tintindex":0}}},{"from":[6.3143888,6.274286,7.395443],"to":[8.568103,7.5565715,9.182872],"rotation":{"angle":0.0,"axis":"y","origin":[5.862857,2.5211425,11.225143]},"faces":{"east":{"uv":[2.8,0.20625,2.4375,0.0],"rotation":0,"texture":"#0","tintindex":0},"south":{"uv":[2.8,0.20625,2.4375,0.0],"rotation":0,"texture":"#0","tintindex":0},"north":{"uv":[2.8,0.20625,2.4375,0.0],"rotation":0,"texture":"#0","tintindex":0},"west":{"uv":[2.8,0.20625,2.4375,0.0],"rotation":0,"texture":"#0","tintindex":0},"up":{"uv":[2.8,0.20625,2.4375,0.0],"rotation":0,"texture":"#0","tintindex":0},"down":{"uv":[2.8,0.20625,2.4375,0.0],"rotation":0,"texture":"#0","tintindex":0}}},{"from":[9.3348055,1.7704434,8.056014],"to":[14.969091,6.3167295,8.5223],"rotation":{"angle":-22.5,"axis":"z","origin":[11.902213,8.161352,7.961143]},"faces":{"east":{"uv":[4.3125,2.375,2.4375,0.0],"rotation":0,"texture":"#0","tintindex":0},"south":{"uv":[3.34375,0.73125,2.4375,0.0],"rotation":0,"texture":"#0","tintindex":0},"north":{"uv":[3.34375,0.73125,2.4375,0.0],"rotation":0,"texture":"#0","tintindex":0},"west":{"uv":[4.3125,2.375,2.4375,0.0],"rotation":0,"texture":"#0","tintindex":0},"up":{"uv":[4.3125,2.375,2.4375,0.0],"rotation":0,"texture":"#0","tintindex":0},"down":{"uv":[4.3125,2.375,2.4375,0.0],"rotation":0,"texture":"#0","tintindex":0}}}],"display":{"head":{"translation":[0.0,-6.4,0.0],"scale":[4.0,4.0,4.0]}}}