{"textures":{"0":"modelengine:entity/asianelephant"},"elements":[{"from":[8.0,4.8,15.657143],"to":[10.514286,6.9142857,18.628572],"rotation":{"angle":0.0,"axis":"y","origin":[9.257143,5.142857,20.857143]},"faces":{"east":{"uv":[2.7625,0.23125,2.4375,0.0],"rotation":0,"texture":"#0","tintindex":0},"south":{"uv":[2.7125,0.23125,2.4375,0.0],"rotation":0,"texture":"#0","tintindex":0},"north":{"uv":[4.3125,2.375,2.4375,0.0],"rotation":0,"texture":"#0","tintindex":0},"west":{"uv":[2.7625,0.23125,2.4375,0.0],"rotation":0,"texture":"#0","tintindex":0},"up":{"uv":[2.7125,0.325,2.4375,0.0],"rotation":0,"texture":"#0","tintindex":0},"down":{"uv":[4.3125,2.375,2.4375,0.0],"rotation":0,"texture":"#0","tintindex":0}}},{"from":[5.542857,-1.8245115,-5.988447],"to":[12.857143,4.289775,-3.0170193],"rotation":{"angle":-22.5,"axis":"x","origin":[9.257143,6.5754895,-2.2455902]},"faces":{"east":{"uv":[2.7625,0.66875,2.4375,0.0],"rotation":0,"texture":"#0","tintindex":0},"south":{"uv":[4.3125,2.375,2.4375,0.0],"rotation":0,"texture":"#0","tintindex":0},"north":{"uv":[4.3125,2.375,2.4375,0.0],"rotation":0,"texture":"#0","tintindex":0},"west":{"uv":[2.7625,0.66875,2.4375,0.0],"rotation":0,"texture":"#0","tintindex":0},"up":{"uv":[3.2375,0.46875,2.4375,0.0],"rotation":0,"texture":"#0","tintindex":0},"down":{"uv":[4.3125,2.375,2.4375,0.0],"rotation":0,"texture":"#0","tintindex":0}}},{"from":[3.9428568,-2.5678434,3.6340113],"to":[14.628572,7.717871,14.491155],"rotation":{"angle":0.0,"axis":"y","origin":[9.171429,-0.99641514,9.091154]},"faces":{"east":{"uv":[3.625,1.125,2.4375,0.0],"rotation":0,"texture":"#0","tintindex":0},"south":{"uv":[3.60625,1.125,2.4375,0.0],"rotation":0,"texture":"#0","tintindex":0},"north":{"uv":[4.3125,2.375,2.4375,0.0],"rotation":0,"texture":"#0","tintindex":0},"west":{"uv":[4.3125,2.375,2.4375,0.0],"rotation":0,"texture":"#0","tintindex":0},"up":{"uv":[3.60625,1.1875,2.4375,0.0],"rotation":0,"texture":"#0","tintindex":0},"down":{"uv":[4.3125,2.375,2.4375,0.0],"rotation":0,"texture":"#0","tintindex":0}}},{"from":[4.685714,-7.796236,-0.90896606],"to":[13.828571,-5.510522,10.748178],"rotation":{"angle":22.5,"axis":"x","origin":[9.171429,-0.93909264,9.176749]},"faces":{"east":{"uv":[3.7125,0.25,2.4375,0.0],"rotation":0,"texture":"#0","tintindex":0},"south":{"uv":[4.3125,2.375,2.4375,0.0],"rotation":0,"texture":"#0","tintindex":0},"north":{"uv":[4.3125,2.375,2.4375,0.0],"rotation":0,"texture":"#0","tintindex":0},"west":{"uv":[3.7125,0.25,2.4375,0.0],"rotation":0,"texture":"#0","tintindex":0},"up":{"uv":[4.3125,2.375,2.4375,0.0],"rotation":0,"texture":"#0","tintindex":0},"down":{"uv":[3.4375,1.275,2.4375,0.0],"rotation":0,"texture":"#0","tintindex":0}}},{"from":[3.485714,-12.914286,2.6285715],"to":[15.028572,-1.4285717,16.628572],"rotation":{"angle":22.5,"axis":"x","origin":[9.142858,0.5714283,26.285715]},"faces":{"east":{"uv":[3.96875,1.25625,2.4375,0.0],"rotation":0,"texture":"#0","tintindex":0},"south":{"uv":[4.3125,2.375,2.4375,0.0],"rotation":0,"texture":"#0","tintindex":0},"north":{"uv":[4.3125,2.375,2.4375,0.0],"rotation":0,"texture":"#0","tintindex":0},"west":{"uv":[3.96875,1.25625,2.4375,0.0],"rotation":0,"texture":"#0","tintindex":0},"up":{"uv":[3.7,1.53125,2.4375,0.0],"rotation":0,"texture":"#0","tintindex":0},"down":{"uv":[3.7,1.53125,2.4375,0.0],"rotation":0,"texture":"#0","tintindex":0}}},{"from":[4.1142855,-2.5678434,14.491155],"to":[14.457144,7.717871,16.491154],"rotation":{"angle":0.0,"axis":"y","origin":[9.171429,-0.99641514,9.091154]},"faces":{"east":{"uv":[2.65625,1.125,2.4375,0.0],"rotation":0,"texture":"#0","tintindex":0},"south":{"uv":[3.56875,1.125,2.4375,0.0],"rotation":0,"texture":"#0","tintindex":0},"north":{"uv":[4.3125,2.375,2.4375,0.0],"rotation":0,"texture":"#0","tintindex":0},"west":{"uv":[2.65625,1.125,2.4375,0.0],"rotation":0,"texture":"#0","tintindex":0},"up":{"uv":[3.56875,0.21875,2.4375,0.0],"rotation":0,"texture":"#0","tintindex":0},"down":{"uv":[4.3125,2.375,2.4375,0.0],"rotation":0,"texture":"#0","tintindex":0}}},{"from":[8.228572,2.742857,19.657143],"to":[10.285714,5.542857,21.428572],"rotation":{"angle":-22.5,"axis":"x","origin":[9.257143,5.142857,20.857143]},"faces":{"east":{"uv":[2.63125,0.30625,2.4375,0.0],"rotation":0,"texture":"#0","tintindex":0},"south":{"uv":[2.6625,0.30625,2.4375,0.0],"rotation":0,"texture":"#0","tintindex":0},"north":{"uv":[4.3125,2.375,2.4375,0.0],"rotation":0,"texture":"#0","tintindex":0},"west":{"uv":[2.63125,0.30625,2.4375,0.0],"rotation":0,"texture":"#0","tintindex":0},"up":{"uv":[2.6875,0.325,2.4375,0.0],"rotation":0,"texture":"#0","tintindex":0},"down":{"uv":[4.3125,2.375,2.4375,0.0],"rotation":0,"texture":"#0","tintindex":0}}},{"from":[5.942857,-9.079649,-3.5063572],"to":[11.314286,-6.793934,0.49364328],"rotation":{"angle":45.0,"axis":"x","origin":[9.257143,-6.3939342,3.9793577]},"faces":{"east":{"uv":[0.875,12.0625,1.3125,12.3125],"rotation":0,"texture":"#0","tintindex":0},"south":{"uv":[1.5,11.8125,2.0625,12.0625],"rotation":0,"texture":"#0","tintindex":0},"north":{"uv":[0.9375,11.8125,1.5,12.0625],"rotation":0,"texture":"#0","tintindex":0},"west":{"uv":[1.3125,12.0625,1.75,12.3125],"rotation":0,"texture":"#0","tintindex":0},"up":{"uv":[0.5625,11.6875,0.0,11.25],"rotation":0,"texture":"#0","tintindex":0},"down":{"uv":[11.8125,3.875,11.25,4.3125],"rotation":0,"texture":"#0","tintindex":0}}},{"from":[3.9428568,0.97501326,8.262583],"to":[14.628572,6.517871,14.662583],"rotation":{"angle":-22.5,"axis":"x","origin":[9.285714,6.5464425,12.034012]},"faces":{"east":{"uv":[3.1375,0.60625,2.4375,0.0],"rotation":0,"texture":"#0","tintindex":0},"south":{"uv":[3.60625,0.60625,2.4375,0.0],"rotation":0,"texture":"#0","tintindex":0},"north":{"uv":[4.3125,2.375,2.4375,0.0],"rotation":0,"texture":"#0","tintindex":0},"west":{"uv":[3.1375,0.60625,2.4375,0.0],"rotation":0,"texture":"#0","tintindex":0},"up":{"uv":[4.3125,2.375,2.4375,0.0],"rotation":0,"texture":"#0","tintindex":0},"down":{"uv":[4.3125,2.375,2.4375,0.0],"rotation":0,"texture":"#0","tintindex":0}}},{"from":[5.0857143,-7.84641,7.971185],"to":[13.485715,-5.5606956,12.2569],"rotation":{"angle":0.0,"axis":"y","origin":[9.257143,-4.589267,3.056899]},"faces":{"east":{"uv":[2.9375,0.25,2.4375,0.0],"rotation":0,"texture":"#0","tintindex":0},"south":{"uv":[4.3125,2.375,2.4375,0.0],"rotation":0,"texture":"#0","tintindex":0},"north":{"uv":[4.3125,2.375,2.4375,0.0],"rotation":0,"texture":"#0","tintindex":0},"west":{"uv":[2.9375,0.25,2.4375,0.0],"rotation":0,"texture":"#0","tintindex":0},"up":{"uv":[4.3125,2.375,2.4375,0.0],"rotation":0,"texture":"#0","tintindex":0},"down":{"uv":[3.35625,0.5,2.4375,0.0],"rotation":0,"texture":"#0","tintindex":0}}},{"from":[4.5142856,4.8607283,14.376869],"to":[14.057143,10.403585,21.00544],"rotation":{"angle":45.0,"axis":"x","origin":[9.285714,6.5464425,12.034012]},"faces":{"east":{"uv":[3.1375,0.60625,2.4375,0.0],"rotation":0,"texture":"#0","tintindex":0},"south":{"uv":[3.48125,0.60625,2.4375,0.0],"rotation":0,"texture":"#0","tintindex":0},"north":{"uv":[4.3125,2.375,2.4375,0.0],"rotation":0,"texture":"#0","tintindex":0},"west":{"uv":[3.1375,0.60625,2.4375,0.0],"rotation":0,"texture":"#0","tintindex":0},"up":{"uv":[3.48125,0.7,2.4375,0.0],"rotation":0,"texture":"#0","tintindex":0},"down":{"uv":[4.3125,2.375,2.4375,0.0],"rotation":0,"texture":"#0","tintindex":0}}},{"from":[5.542857,2.2326322,-3.2455912],"to":[12.857143,11.089775,1.0401239],"rotation":{"angle":22.5,"axis":"x","origin":[9.257143,6.5754895,-2.2455902]},"faces":{"east":{"uv":[2.90625,0.96875,2.4375,0.0],"rotation":0,"texture":"#0","tintindex":0},"south":{"uv":[4.3125,2.375,2.4375,0.0],"rotation":0,"texture":"#0","tintindex":0},"north":{"uv":[3.2375,0.96875,2.4375,0.0],"rotation":0,"texture":"#0","tintindex":0},"west":{"uv":[2.90625,0.96875,2.4375,0.0],"rotation":0,"texture":"#0","tintindex":0},"up":{"uv":[3.2375,0.46875,2.4375,0.0],"rotation":0,"texture":"#0","tintindex":0},"down":{"uv":[4.3125,2.375,2.4375,0.0],"rotation":0,"texture":"#0","tintindex":0}}},{"from":[4.685714,-14.057142,0.85714245],"to":[13.828571,-0.17142868,7.257143],"rotation":{"angle":22.5,"axis":"x","origin":[9.142858,0.5714283,26.285715]},"faces":{"east":{"uv":[6.25,2.375,4.375,0.0],"rotation":0,"texture":"#0","tintindex":0},"south":{"uv":[6.25,2.375,4.375,0.0],"rotation":0,"texture":"#0","tintindex":0},"north":{"uv":[6.25,2.375,4.375,0.0],"rotation":0,"texture":"#0","tintindex":0},"west":{"uv":[5.075,1.51875,4.375,0.0],"rotation":0,"texture":"#0","tintindex":0},"up":{"uv":[5.375,0.7,4.375,0.0],"rotation":0,"texture":"#0","tintindex":0},"down":{"uv":[6.25,2.375,4.375,0.0],"rotation":0,"texture":"#0","tintindex":0}}},{"from":[8.114285,3.8285713,18.171429],"to":[10.4,5.8285713,21.142857],"rotation":{"angle":22.5,"axis":"x","origin":[9.257143,5.142857,20.857143]},"faces":{"east":{"uv":[2.7625,0.21875,2.4375,0.0],"rotation":0,"texture":"#0","tintindex":0},"south":{"uv":[2.6875,0.21875,2.4375,0.0],"rotation":0,"texture":"#0","tintindex":0},"north":{"uv":[4.3125,2.375,2.4375,0.0],"rotation":0,"texture":"#0","tintindex":0},"west":{"uv":[2.7625,0.21875,2.4375,0.0],"rotation":0,"texture":"#0","tintindex":0},"up":{"uv":[2.6875,0.325,2.4375,0.0],"rotation":0,"texture":"#0","tintindex":0},"down":{"uv":[4.3125,2.375,2.4375,0.0],"rotation":0,"texture":"#0","tintindex":0}}}],"display":{"head":{"translation":[0.0,-6.4,0.0],"scale":[4.0,4.0,4.0]}}}