{"textures":{"0":"modelengine:entity/charleskingspaniel"},"elements":[{"from":[7.428571,6.9875927,7.548564],"to":[8.571428,8.701879,8.6914215],"rotation":{"angle":-22.5,"axis":"x","origin":[8.0,8.023285,8.085756]},"faces":{"east":{"uv":[8.758,7.258,9.242,7.992],"rotation":0,"texture":"#0","tintindex":0},"south":{"uv":[9.008,0.008,9.492,0.742],"rotation":0,"texture":"#0","tintindex":0},"north":{"uv":[8.758,6.258,9.242,6.992],"rotation":0,"texture":"#0","tintindex":0},"west":{"uv":[1.758,9.008,2.242,9.742],"rotation":0,"texture":"#0","tintindex":0},"up":{"uv":[3.742,10.742,3.258,10.258],"rotation":0,"texture":"#0","tintindex":0},"down":{"uv":[4.492,10.258,4.008,10.742],"rotation":0,"texture":"#0","tintindex":0}}}],"display":{"head":{"translation":[0.0,-6.4,0.0],"scale":[4.0,4.0,4.0]}}}