{"textures":{"0":"modelengine:entity/gazelle"},"elements":[{"from":[7.608447,6.0440073,6.4529257],"to":[8.65386,8.413609,7.6405168],"rotation":{"angle":-22.5,"axis":"x","origin":[6.9374824,8.785094,8.253613]},"faces":{"east":{"uv":[16.0,3.5,15.25,5.0],"rotation":0,"texture":"#0","tintindex":0},"south":{"uv":[16.0,3.5,15.25,5.0],"rotation":0,"texture":"#0","tintindex":0},"north":{"uv":[16.0,3.5,15.25,5.0],"rotation":0,"texture":"#0","tintindex":0},"west":{"uv":[16.0,3.5,15.25,5.0],"rotation":0,"texture":"#0","tintindex":0},"up":{"uv":[16.0,3.5,15.25,5.0],"rotation":0,"texture":"#0","tintindex":0},"down":{"uv":[16.0,3.5,15.25,5.0],"rotation":0,"texture":"#0","tintindex":0}}},{"from":[7.6781416,7.2188272,7.1852446],"to":[8.723554,8.821794,8.791],"rotation":{"angle":22.5,"axis":"x","origin":[6.9374824,8.785094,8.253613]},"faces":{"east":{"uv":[9.5,0.0,8.75,1.0],"rotation":0,"texture":"#0","tintindex":0},"south":{"uv":[8.75,3.5,7.75,4.5],"rotation":0,"texture":"#0","tintindex":0},"north":{"uv":[9.5,0.0,8.75,1.0],"rotation":0,"texture":"#0","tintindex":0},"west":{"uv":[8.75,3.5,7.75,4.5],"rotation":0,"texture":"#0","tintindex":0},"up":{"uv":[8.75,3.5,7.75,4.5],"rotation":0,"texture":"#0","tintindex":0},"down":{"uv":[8.75,3.5,7.75,4.5],"rotation":0,"texture":"#0","tintindex":0}}}],"display":{"head":{"translation":[0.0,-6.4,0.0],"scale":[4.0,4.0,4.0]}}}