{"textures":{"1":"modelengine:entity/mammoth"},"elements":[{"from":[5.3919997,3.6556187,6.1194286],"to":[8.157714,5.5161905,8.684],"rotation":{"angle":0.0,"axis":"y","origin":[6.774857,7.3390474,6.886286]},"faces":{"east":{"uv":[10.875,5.5,11.5,5.9375],"rotation":0,"texture":"#1","tintindex":0},"south":{"uv":[10.25,10.75,10.9375,11.1875],"rotation":0,"texture":"#1","tintindex":0},"north":{"uv":[9.5625,10.75,10.25,11.1875],"rotation":0,"texture":"#1","tintindex":0},"west":{"uv":[10.875,5.5,11.5,5.9375],"rotation":0,"texture":"#1","tintindex":0},"up":{"uv":[4.125,10.0,3.4375,9.375],"rotation":0,"texture":"#1","tintindex":0},"down":{"uv":[4.8125,9.375,4.125,10.0],"rotation":0,"texture":"#1","tintindex":0}}},{"from":[5.0902853,5.264762,5.968571],"to":[8.233143,7.351619,8.709143],"rotation":{"angle":0.0,"axis":"x","origin":[6.6491427,8.696762,6.9114285]},"faces":{"east":{"uv":[6.5625,10.125,7.25,10.625],"rotation":0,"texture":"#1","tintindex":0},"south":{"uv":[9.875,8.125,10.625,8.625],"rotation":0,"texture":"#1","tintindex":0},"north":{"uv":[9.875,7.625,10.625,8.125],"rotation":0,"texture":"#1","tintindex":0},"west":{"uv":[10.875,5.5,11.5,5.9375],"rotation":0,"texture":"#1","tintindex":0},"up":{"uv":[9.375,0.6875,8.625,0.0],"rotation":0,"texture":"#1","tintindex":0},"down":{"uv":[9.375,0.6875,8.625,1.375],"rotation":0,"texture":"#1","tintindex":0}}},{"from":[5.0651426,6.798476,5.7422857],"to":[8.2582855,10.067048,8.985714],"rotation":{"angle":22.5,"axis":"x","origin":[6.121143,7.1881905,7.1377144]},"faces":{"east":{"uv":[6.75,0.0,7.5625,0.8125],"rotation":0,"texture":"#1","tintindex":0},"south":{"uv":[4.1875,6.8125,5.0,7.625],"rotation":0,"texture":"#1","tintindex":0},"north":{"uv":[6.6875,5.3125,7.5,6.125],"rotation":0,"texture":"#1","tintindex":0},"west":{"uv":[10.875,5.5,11.5,5.9375],"rotation":0,"texture":"#1","tintindex":0},"up":{"uv":[0.8125,7.6875,0.0,6.875],"rotation":0,"texture":"#1","tintindex":0},"down":{"uv":[7.6875,6.125,6.875,6.9375],"rotation":0,"texture":"#1","tintindex":0}}}],"display":{"head":{"translation":[0.0,-6.4,0.0],"scale":[4.0,4.0,4.0]}}}