{"textures":{"1":"modelengine:entity/mammoth"},"elements":[{"from":[6.5485716,5.4582853,8.244572],"to":[7.302857,7.9222856,8.948571],"rotation":{"angle":-22.5,"axis":"x","origin":[6.9257145,6.3382854,7.9554286]},"faces":{"east":{"uv":[7.5,5.125,7.6875,5.75],"rotation":0,"texture":"#1","tintindex":0},"south":{"uv":[6.25,11.875,6.4375,12.5],"rotation":0,"texture":"#1","tintindex":0},"north":{"uv":[6.25,11.875,6.4375,12.5],"rotation":0,"texture":"#1","tintindex":0},"west":{"uv":[1.6875,11.9375,1.875,12.5625],"rotation":0,"texture":"#1","tintindex":0},"up":{"uv":[12.1875,7.1875,12.0,7.0],"rotation":0,"texture":"#1","tintindex":0},"down":{"uv":[12.25,5.25,12.0625,5.4375],"rotation":0,"texture":"#1","tintindex":0}}},{"from":[6.5485716,2.0137143,8.9988575],"to":[7.328,3.069714,10.004572],"rotation":{"angle":-45.0,"axis":"x","origin":[6.9257145,2.214857,8.357715]},"faces":{"east":{"uv":[6.4375,12.1875,6.6875,12.4375],"rotation":0,"texture":"#1","tintindex":0},"south":{"uv":[3.3125,12.3125,3.5,12.5625],"rotation":0,"texture":"#1","tintindex":0},"north":{"uv":[12.3125,3.25,12.5,3.5],"rotation":0,"texture":"#1","tintindex":0},"west":{"uv":[12.25,1.125,12.5,1.375],"rotation":0,"texture":"#1","tintindex":0},"up":{"uv":[3.6875,12.5625,3.5,12.3125],"rotation":0,"texture":"#1","tintindex":0},"down":{"uv":[12.5,3.5,12.3125,3.75],"rotation":0,"texture":"#1","tintindex":0}}},{"from":[6.6491427,3.5932918,8.686671],"to":[7.2274284,5.906435,9.189528],"rotation":{"angle":0.0,"axis":"y","origin":[6.9257145,4.473292,8.196385]},"faces":{"east":{"uv":[9.1875,9.625,9.3125,10.1875],"rotation":0,"texture":"#1","tintindex":0},"south":{"uv":[5.9375,10.125,6.0625,10.6875],"rotation":0,"texture":"#1","tintindex":0},"north":{"uv":[9.1875,9.625,9.3125,10.1875],"rotation":0,"texture":"#1","tintindex":0},"west":{"uv":[3.0625,10.1875,3.1875,10.75],"rotation":0,"texture":"#1","tintindex":0},"up":{"uv":[12.5625,2.4375,12.4375,2.3125],"rotation":0,"texture":"#1","tintindex":0},"down":{"uv":[12.5625,4.3125,12.4375,4.4375],"rotation":0,"texture":"#1","tintindex":0}}}],"display":{"head":{"translation":[0.0,-6.4,0.0],"scale":[4.0,4.0,4.0]}}}