{"textures":{"0":"modelengine:entity/asianelephant"},"elements":[{"from":[6.134857,6.8245783,8.887183],"to":[11.099428,11.761721,9.847183],"rotation":{"angle":0.0,"axis":"y","origin":[8.573714,8.692761,4.5063353]},"faces":{"east":{"uv":[2.65625,1.125,2.4375,0.0],"rotation":0,"texture":"#0","tintindex":0},"south":{"uv":[3.56875,1.125,2.4375,0.0],"rotation":0,"texture":"#0","tintindex":0},"north":{"uv":[4.3125,2.375,2.4375,0.0],"rotation":0,"texture":"#0","tintindex":0},"west":{"uv":[2.65625,1.125,2.4375,0.0],"rotation":0,"texture":"#0","tintindex":0},"up":{"uv":[3.56875,0.21875,2.4375,0.0],"rotation":0,"texture":"#0","tintindex":0},"down":{"uv":[4.3125,2.375,2.4375,0.0],"rotation":0,"texture":"#0","tintindex":0}}},{"from":[6.601143,4.2908664,5.757597],"to":[10.633142,5.388009,7.81474],"rotation":{"angle":0.0,"axis":"y","origin":[8.573714,8.692761,4.5063353]},"faces":{"east":{"uv":[2.9375,0.25,2.4375,0.0],"rotation":0,"texture":"#0","tintindex":0},"south":{"uv":[4.3125,2.375,2.4375,0.0],"rotation":0,"texture":"#0","tintindex":0},"north":{"uv":[4.3125,2.375,2.4375,0.0],"rotation":0,"texture":"#0","tintindex":0},"west":{"uv":[2.9375,0.25,2.4375,0.0],"rotation":0,"texture":"#0","tintindex":0},"up":{"uv":[4.3125,2.375,2.4375,0.0],"rotation":0,"texture":"#0","tintindex":0},"down":{"uv":[3.35625,0.5,2.4375,0.0],"rotation":0,"texture":"#0","tintindex":0}}},{"from":[7.0125713,4.3139,3.0627203],"to":[9.5908575,5.4110427,4.9827204],"rotation":{"angle":45.0,"axis":"x","origin":[8.573714,8.692761,4.5063353]},"faces":{"east":{"uv":[0.875,12.0625,1.3125,12.3125],"rotation":0,"texture":"#0","tintindex":0},"south":{"uv":[1.5,11.8125,2.0625,12.0625],"rotation":0,"texture":"#0","tintindex":0},"north":{"uv":[0.9375,11.8125,1.5,12.0625],"rotation":0,"texture":"#0","tintindex":0},"west":{"uv":[1.3125,12.0625,1.75,12.3125],"rotation":0,"texture":"#0","tintindex":0},"up":{"uv":[0.5625,11.6875,0.0,11.25],"rotation":0,"texture":"#0","tintindex":0},"down":{"uv":[11.8125,3.875,11.25,4.3125],"rotation":0,"texture":"#0","tintindex":0}}},{"from":[6.409143,5.0979304,1.7715702],"to":[10.797714,6.1950736,7.366999],"rotation":{"angle":22.5,"axis":"x","origin":[8.573714,8.692761,4.5063353]},"faces":{"east":{"uv":[3.7125,0.25,2.4375,0.0],"rotation":0,"texture":"#0","tintindex":0},"south":{"uv":[4.3125,2.375,2.4375,0.0],"rotation":0,"texture":"#0","tintindex":0},"north":{"uv":[4.3125,2.375,2.4375,0.0],"rotation":0,"texture":"#0","tintindex":0},"west":{"uv":[3.7125,0.25,2.4375,0.0],"rotation":0,"texture":"#0","tintindex":0},"up":{"uv":[4.3125,2.375,2.4375,0.0],"rotation":0,"texture":"#0","tintindex":0},"down":{"uv":[3.4375,1.275,2.4375,0.0],"rotation":0,"texture":"#0","tintindex":0}}},{"from":[6.0525713,6.8245783,3.6757536],"to":[11.181714,11.761721,8.887183],"rotation":{"angle":0.0,"axis":"y","origin":[8.573714,8.692761,4.5063353]},"faces":{"east":{"uv":[3.625,1.125,2.4375,0.0],"rotation":0,"texture":"#0","tintindex":0},"south":{"uv":[3.60625,1.125,2.4375,0.0],"rotation":0,"texture":"#0","tintindex":0},"north":{"uv":[4.3125,2.375,2.4375,0.0],"rotation":0,"texture":"#0","tintindex":0},"west":{"uv":[4.3125,2.375,2.4375,0.0],"rotation":0,"texture":"#0","tintindex":0},"up":{"uv":[3.60625,1.1875,2.4375,0.0],"rotation":0,"texture":"#0","tintindex":0},"down":{"uv":[4.3125,2.375,2.4375,0.0],"rotation":0,"texture":"#0","tintindex":0}}},{"from":[6.8205714,7.5390735,-0.31300163],"to":[10.331429,11.790503,1.744142],"rotation":{"angle":22.5,"axis":"x","origin":[8.573714,8.692761,4.5063353]},"faces":{"east":{"uv":[2.90625,0.96875,2.4375,0.0],"rotation":0,"texture":"#0","tintindex":0},"south":{"uv":[4.3125,2.375,2.4375,0.0],"rotation":0,"texture":"#0","tintindex":0},"north":{"uv":[3.2375,0.96875,2.4375,0.0],"rotation":0,"texture":"#0","tintindex":0},"west":{"uv":[2.90625,0.96875,2.4375,0.0],"rotation":0,"texture":"#0","tintindex":0},"up":{"uv":[3.2375,0.46875,2.4375,0.0],"rotation":0,"texture":"#0","tintindex":0},"down":{"uv":[4.3125,2.375,2.4375,0.0],"rotation":0,"texture":"#0","tintindex":0}}},{"from":[8.054857,12.601166,9.386202],"to":[9.152,13.561166,10.812488],"rotation":{"angle":22.5,"axis":"x","origin":[8.573714,8.692761,4.5063353]},"faces":{"east":{"uv":[2.7625,0.21875,2.4375,0.0],"rotation":0,"texture":"#0","tintindex":0},"south":{"uv":[2.6875,0.21875,2.4375,0.0],"rotation":0,"texture":"#0","tintindex":0},"north":{"uv":[4.3125,2.375,2.4375,0.0],"rotation":0,"texture":"#0","tintindex":0},"west":{"uv":[2.7625,0.21875,2.4375,0.0],"rotation":0,"texture":"#0","tintindex":0},"up":{"uv":[2.6875,0.325,2.4375,0.0],"rotation":0,"texture":"#0","tintindex":0},"down":{"uv":[4.3125,2.375,2.4375,0.0],"rotation":0,"texture":"#0","tintindex":0}}},{"from":[6.0525713,7.1092105,6.6130376],"to":[11.181714,9.769782,9.685038],"rotation":{"angle":-22.5,"axis":"x","origin":[8.573714,8.692761,4.5063353]},"faces":{"east":{"uv":[3.1375,0.60625,2.4375,0.0],"rotation":0,"texture":"#0","tintindex":0},"south":{"uv":[3.60625,0.60625,2.4375,0.0],"rotation":0,"texture":"#0","tintindex":0},"north":{"uv":[4.3125,2.375,2.4375,0.0],"rotation":0,"texture":"#0","tintindex":0},"west":{"uv":[3.1375,0.60625,2.4375,0.0],"rotation":0,"texture":"#0","tintindex":0},"up":{"uv":[4.3125,2.375,2.4375,0.0],"rotation":0,"texture":"#0","tintindex":0},"down":{"uv":[4.3125,2.375,2.4375,0.0],"rotation":0,"texture":"#0","tintindex":0}}},{"from":[5.8331428,5.7287874,2.566999],"to":[11.373714,11.241931,9.287],"rotation":{"angle":22.5,"axis":"x","origin":[8.573714,8.692761,4.5063353]},"faces":{"east":{"uv":[3.96875,1.25625,2.4375,0.0],"rotation":0,"texture":"#0","tintindex":0},"south":{"uv":[4.3125,2.375,2.4375,0.0],"rotation":0,"texture":"#0","tintindex":0},"north":{"uv":[4.3125,2.375,2.4375,0.0],"rotation":0,"texture":"#0","tintindex":0},"west":{"uv":[3.96875,1.25625,2.4375,0.0],"rotation":0,"texture":"#0","tintindex":0},"up":{"uv":[3.7,1.53125,2.4375,0.0],"rotation":0,"texture":"#0","tintindex":0},"down":{"uv":[3.7,1.53125,2.4375,0.0],"rotation":0,"texture":"#0","tintindex":0}}},{"from":[8.1097145,6.3883553,11.502227],"to":[9.097143,7.7323556,12.352512],"rotation":{"angle":-22.5,"axis":"x","origin":[8.573714,8.692761,4.5063353]},"faces":{"east":{"uv":[2.63125,0.30625,2.4375,0.0],"rotation":0,"texture":"#0","tintindex":0},"south":{"uv":[2.6625,0.30625,2.4375,0.0],"rotation":0,"texture":"#0","tintindex":0},"north":{"uv":[4.3125,2.375,2.4375,0.0],"rotation":0,"texture":"#0","tintindex":0},"west":{"uv":[2.63125,0.30625,2.4375,0.0],"rotation":0,"texture":"#0","tintindex":0},"up":{"uv":[2.6875,0.325,2.4375,0.0],"rotation":0,"texture":"#0","tintindex":0},"down":{"uv":[4.3125,2.375,2.4375,0.0],"rotation":0,"texture":"#0","tintindex":0}}},{"from":[8.0,10.361143,9.446857],"to":[9.206858,11.376,10.873143],"rotation":{"angle":0.0,"axis":"y","origin":[8.573714,8.692761,4.5063353]},"faces":{"east":{"uv":[2.7625,0.23125,2.4375,0.0],"rotation":0,"texture":"#0","tintindex":0},"south":{"uv":[2.7125,0.23125,2.4375,0.0],"rotation":0,"texture":"#0","tintindex":0},"north":{"uv":[4.3125,2.375,2.4375,0.0],"rotation":0,"texture":"#0","tintindex":0},"west":{"uv":[2.7625,0.23125,2.4375,0.0],"rotation":0,"texture":"#0","tintindex":0},"up":{"uv":[2.7125,0.325,2.4375,0.0],"rotation":0,"texture":"#0","tintindex":0},"down":{"uv":[4.3125,2.375,2.4375,0.0],"rotation":0,"texture":"#0","tintindex":0}}},{"from":[6.326857,11.919849,6.1221657],"to":[10.907429,14.580421,9.30388],"rotation":{"angle":45.0,"axis":"x","origin":[8.573714,8.692761,4.5063353]},"faces":{"east":{"uv":[3.1375,0.60625,2.4375,0.0],"rotation":0,"texture":"#0","tintindex":0},"south":{"uv":[3.48125,0.60625,2.4375,0.0],"rotation":0,"texture":"#0","tintindex":0},"north":{"uv":[4.3125,2.375,2.4375,0.0],"rotation":0,"texture":"#0","tintindex":0},"west":{"uv":[3.1375,0.60625,2.4375,0.0],"rotation":0,"texture":"#0","tintindex":0},"up":{"uv":[3.48125,0.7,2.4375,0.0],"rotation":0,"texture":"#0","tintindex":0},"down":{"uv":[4.3125,2.375,2.4375,0.0],"rotation":0,"texture":"#0","tintindex":0}}},{"from":[7.0125713,6.6013393,-1.3785114],"to":[10.139429,13.519053,1.2546325],"rotation":{"angle":0.0,"axis":"y","origin":[8.573714,8.692761,4.5063353]},"faces":{"east":{"uv":[3.0375,1.54375,2.4375,0.0],"rotation":0,"texture":"#0","tintindex":0},"south":{"uv":[4.3125,2.375,2.4375,0.0],"rotation":0,"texture":"#0","tintindex":0},"north":{"uv":[3.15,1.54375,2.4375,0.0],"rotation":0,"texture":"#0","tintindex":0},"west":{"uv":[3.0375,1.54375,2.4375,0.0],"rotation":0,"texture":"#0","tintindex":0},"up":{"uv":[3.15,0.6,2.4375,0.0],"rotation":0,"texture":"#0","tintindex":0},"down":{"uv":[3.15,0.6,2.4375,0.0],"rotation":0,"texture":"#0","tintindex":0}}},{"from":[6.409143,5.1802163,1.7167134],"to":[10.797714,11.84536,4.7887135],"rotation":{"angle":22.5,"axis":"x","origin":[8.573714,8.692761,4.5063353]},"faces":{"east":{"uv":[6.25,2.375,4.375,0.0],"rotation":0,"texture":"#0","tintindex":0},"south":{"uv":[6.25,2.375,4.375,0.0],"rotation":0,"texture":"#0","tintindex":0},"north":{"uv":[6.25,2.375,4.375,0.0],"rotation":0,"texture":"#0","tintindex":0},"west":{"uv":[5.075,1.51875,4.375,0.0],"rotation":0,"texture":"#0","tintindex":0},"up":{"uv":[5.375,0.7,4.375,0.0],"rotation":0,"texture":"#0","tintindex":0},"down":{"uv":[6.25,2.375,4.375,0.0],"rotation":0,"texture":"#0","tintindex":0}}},{"from":[6.8205714,8.38737,0.29962397],"to":[10.331429,11.322227,1.7259092],"rotation":{"angle":-22.5,"axis":"x","origin":[8.573714,8.692761,4.5063353]},"faces":{"east":{"uv":[2.7625,0.66875,2.4375,0.0],"rotation":0,"texture":"#0","tintindex":0},"south":{"uv":[4.3125,2.375,2.4375,0.0],"rotation":0,"texture":"#0","tintindex":0},"north":{"uv":[4.3125,2.375,2.4375,0.0],"rotation":0,"texture":"#0","tintindex":0},"west":{"uv":[2.7625,0.66875,2.4375,0.0],"rotation":0,"texture":"#0","tintindex":0},"up":{"uv":[3.2375,0.46875,2.4375,0.0],"rotation":0,"texture":"#0","tintindex":0},"down":{"uv":[4.3125,2.375,2.4375,0.0],"rotation":0,"texture":"#0","tintindex":0}}}],"display":{"head":{"translation":[0.0,-6.4,0.0],"scale":[4.0,4.0,4.0]}}}