{"textures":{"0":"modelengine:entity/hamster_gray"},"elements":[{"from":[7.714286,7.707143,7.714286],"to":[8.285714,8.292857,8.285714],"rotation":{"angle":0.0,"axis":"y","origin":[8.782857,7.4214287,10.264286]},"faces":{"east":{"uv":[7.484,3.266,7.016,3.734],"rotation":0,"texture":"#0","tintindex":0},"south":{"uv":[8.516,7.016,8.984,7.484],"rotation":0,"texture":"#0","tintindex":0},"north":{"uv":[7.016,3.266,7.484,3.734],"rotation":0,"texture":"#0","tintindex":0},"west":{"uv":[7.484,3.266,7.016,3.734],"rotation":0,"texture":"#0","tintindex":0},"up":{"uv":[7.484,3.266,7.016,3.734],"rotation":0,"texture":"#0","tintindex":0},"down":{"uv":[2.484,9.516,2.016,9.984],"rotation":180,"texture":"#0","tintindex":0}}}],"display":{"head":{"translation":[0.0,-6.4,0.0],"scale":[4.0,4.0,4.0]}}}