{"textures":{"0":"modelengine:entity/hamster_gray"},"elements":[{"from":[6.9214287,7.5714283,5.214286],"to":[9.078571,9.857143,8.214286],"rotation":{"angle":0.0,"axis":"y","origin":[8.007143,8.714286,6.607143]},"faces":{"east":{"uv":[0.016,2.516,2.984,4.484],"rotation":0,"texture":"#0","tintindex":0},"south":{"uv":[0.016,5.016,1.984,6.984],"rotation":0,"texture":"#0","tintindex":0},"north":{"uv":[6.016,0.016,7.984,1.984],"rotation":0,"texture":"#0","tintindex":0},"west":{"uv":[0.016,0.016,2.984,1.984],"rotation":0,"texture":"#0","tintindex":0},"up":{"uv":[5.484,2.984,3.516,0.016],"rotation":180,"texture":"#0","tintindex":0},"down":{"uv":[5.484,3.516,3.516,6.484],"rotation":180,"texture":"#0","tintindex":0}}}],"display":{"head":{"translation":[0.0,-6.4,0.0],"scale":[4.0,4.0,4.0]}}}