{"textures":{"0":"modelengine:entity/giraffe"},"elements":[{"from":[7.1652427,8.980766,5.0283737],"to":[9.216162,11.382904,7.0835466],"rotation":{"angle":-45.0,"axis":"x","origin":[8.183365,9.688842,6.3510113]},"faces":{"east":{"uv":[3.625,6.125,4.0625,6.6875],"rotation":0,"texture":"#0","tintindex":0},"south":{"uv":[3.125,5.3125,3.625,5.875],"rotation":0,"texture":"#0","tintindex":0},"north":{"uv":[6.5,0.5,6.9375,1.0],"rotation":0,"texture":"#0","tintindex":0},"west":{"uv":[1.0,6.1875,1.4375,6.75],"rotation":0,"texture":"#0","tintindex":0},"up":{"uv":[1.0,6.1875,1.4375,6.75],"rotation":0,"texture":"#0","tintindex":0},"down":{"uv":[6.75,4.875,6.25,5.3125],"rotation":0,"texture":"#0","tintindex":0}}},{"from":[7.125058,5.1913023,4.9848566],"to":[9.234602,9.4632,6.851841],"rotation":{"angle":-22.5,"axis":"x","origin":[7.974116,8.218679,6.600749]},"faces":{"east":{"uv":[3.4375,4.5,3.875,5.3125],"rotation":0,"texture":"#0","tintindex":0},"south":{"uv":[1.625,4.0625,2.125,4.875],"rotation":0,"texture":"#0","tintindex":0},"north":{"uv":[1.125,4.0625,1.625,4.875],"rotation":0,"texture":"#0","tintindex":0},"west":{"uv":[4.375,4.5,4.8125,5.3125],"rotation":0,"texture":"#0","tintindex":0},"up":{"uv":[3.125,2.4375,4.0,3.125],"rotation":0,"texture":"#0","tintindex":0},"down":{"uv":[6.9375,5.75,6.4375,6.1875],"rotation":0,"texture":"#0","tintindex":0}}},{"from":[7.107565,6.5418186,5.066247],"to":[9.24449,8.992736,7.083021],"rotation":{"angle":-45.0,"axis":"x","origin":[8.183365,9.688842,6.3510113]},"faces":{"east":{"uv":[6.25,3.125,6.6875,3.6875],"rotation":0,"texture":"#0","tintindex":0},"south":{"uv":[5.1875,5.3125,5.6875,5.875],"rotation":0,"texture":"#0","tintindex":0},"north":{"uv":[4.25,5.3125,4.75,5.875],"rotation":0,"texture":"#0","tintindex":0},"west":{"uv":[6.25,4.3125,6.6875,4.875],"rotation":0,"texture":"#0","tintindex":0},"up":{"uv":[6.9375,1.9375,6.4375,1.5],"rotation":0,"texture":"#0","tintindex":0},"down":{"uv":[6.9375,3.6875,6.4375,4.125],"rotation":0,"texture":"#0","tintindex":0}}},{"from":[7.370957,9.098291,4.29256],"to":[9.079019,14.037573,5.9991617],"rotation":{"angle":-22.5,"axis":"x","origin":[8.224988,10.196504,5.005861]},"faces":{"east":{"uv":[4.0,1.375,4.4375,2.5],"rotation":0,"texture":"#0","tintindex":0},"south":{"uv":[0.75,4.0625,1.125,5.1875],"rotation":0,"texture":"#0","tintindex":0},"north":{"uv":[4.0,3.625,4.375,4.75],"rotation":0,"texture":"#0","tintindex":0},"west":{"uv":[4.0,2.5,4.4375,3.625],"rotation":0,"texture":"#0","tintindex":0},"up":{"uv":[7.25,1.4375,6.875,1.0],"rotation":0,"texture":"#0","tintindex":0},"down":{"uv":[5.875,6.875,5.5,7.3125],"rotation":0,"texture":"#0","tintindex":0}}},{"from":[7.2338142,8.961149,4.149703],"to":[9.14759,11.02043,6.0677333],"rotation":{"angle":-22.5,"axis":"x","origin":[8.224988,10.196504,5.005861]},"faces":{"east":{"uv":[1.8125,6.625,2.25,7.125],"rotation":0,"texture":"#0","tintindex":0},"south":{"uv":[6.625,1.9375,7.0625,2.4375],"rotation":0,"texture":"#0","tintindex":0},"north":{"uv":[6.5,0.5,6.9375,1.0],"rotation":0,"texture":"#0","tintindex":0},"west":{"uv":[6.625,2.4375,7.0625,2.9375],"rotation":0,"texture":"#0","tintindex":0},"up":{"uv":[3.125,2.4375,4.0,3.125],"rotation":0,"texture":"#0","tintindex":0},"down":{"uv":[7.125,3.25,6.6875,3.6875],"rotation":0,"texture":"#0","tintindex":0}}}],"display":{"head":{"translation":[0.0,-6.4,0.0],"scale":[4.0,4.0,4.0]}}}