{"textures":{"0":"modelengine:entity/lion"},"elements":[{"from":[7.692257,7.091325,6.75275],"to":[8.327357,7.5124607,7.416452],"rotation":{"angle":22.5,"axis":"x","origin":[8.012775,7.7458205,7.193804]},"faces":{"east":{"uv":[14.125,8.25,14.5,8.5],"rotation":0,"texture":"#0","tintindex":0},"south":{"uv":[14.125,8.5,14.5,8.75],"rotation":0,"texture":"#0","tintindex":0},"north":{"uv":[7.75,14.125,8.125,14.375],"rotation":0,"texture":"#0","tintindex":0},"west":{"uv":[14.125,8.75,14.5,9.0],"rotation":0,"texture":"#0","tintindex":0},"up":{"uv":[14.25,7.5,13.875,7.125],"rotation":0,"texture":"#0","tintindex":0},"down":{"uv":[14.25,7.5,13.875,7.875],"rotation":0,"texture":"#0","tintindex":0}}},{"from":[7.474807,8.696929,7.4819164],"to":[8.183082,9.481773,7.6350565],"rotation":{"angle":-45.0,"axis":"z","origin":[8.012775,7.769211,7.193804]},"faces":{"east":{"uv":[8.5,0.875,8.625,1.375],"rotation":0,"texture":"#0","tintindex":0},"south":{"uv":[6.625,10.625,6.875,11.5],"rotation":0,"texture":"#0","tintindex":0},"north":{"uv":[4.5,13.375,4.875,13.875],"rotation":0,"texture":"#0","tintindex":0},"west":{"uv":[4.25,9.875,4.375,10.375],"rotation":0,"texture":"#0","tintindex":0},"up":{"uv":[13.125,10.625,12.75,10.5],"rotation":0,"texture":"#0","tintindex":0},"down":{"uv":[14.5,10.375,14.125,10.5],"rotation":0,"texture":"#0","tintindex":0}}},{"from":[7.7794757,8.718215,7.1857867],"to":[8.573891,8.928782,8.191766],"rotation":{"angle":-22.5,"axis":"z","origin":[8.012775,7.769211,7.193804]},"faces":{"east":{"uv":[14.125,1.5,14.875,1.625],"rotation":0,"texture":"#0","tintindex":0},"south":{"uv":[13.25,10.125,13.75,10.25],"rotation":0,"texture":"#0","tintindex":0},"north":{"uv":[12.875,4.75,13.375,4.875],"rotation":0,"texture":"#0","tintindex":0},"west":{"uv":[14.125,1.625,14.875,1.75],"rotation":0,"texture":"#0","tintindex":0},"up":{"uv":[6.875,10.5,7.625,11.25],"rotation":0,"texture":"#0","tintindex":0},"down":{"uv":[12.875,7.625,12.375,8.375],"rotation":0,"texture":"#0","tintindex":0}}},{"from":[8.071157,7.3299894,6.4467945],"to":[8.588007,7.7319827,6.5439315],"rotation":{"angle":0.0,"axis":"y","origin":[8.012775,7.769211,7.193804]},"faces":{"east":{"uv":[4.5,14.25,4.75,14.5],"rotation":0,"texture":"#0","tintindex":0},"south":{"uv":[14.25,5.5,14.5,5.75],"rotation":0,"texture":"#0","tintindex":0},"north":{"uv":[14.25,4.375,14.5,4.625],"rotation":0,"texture":"#0","tintindex":0},"west":{"uv":[14.25,5.75,14.5,6.0],"rotation":0,"texture":"#0","tintindex":0},"up":{"uv":[6.25,14.5,6.0,14.25],"rotation":0,"texture":"#0","tintindex":0},"down":{"uv":[14.5,6.0,14.25,6.25],"rotation":0,"texture":"#0","tintindex":0}}},{"from":[7.298871,8.26418,7.489898],"to":[8.753704,8.704459,7.834464],"rotation":{"angle":-45.0,"axis":"x","origin":[8.012775,7.769211,7.193804]},"faces":{"east":{"uv":[14.0,9.875,13.125,9.625],"rotation":0,"texture":"#0","tintindex":0},"south":{"uv":[14.0,9.875,13.125,9.625],"rotation":0,"texture":"#0","tintindex":0},"north":{"uv":[14.0,9.875,13.125,9.625],"rotation":0,"texture":"#0","tintindex":0},"west":{"uv":[14.0,9.875,13.125,9.625],"rotation":0,"texture":"#0","tintindex":0},"up":{"uv":[14.0,9.875,13.125,9.625],"rotation":0,"texture":"#0","tintindex":0},"down":{"uv":[14.0,9.875,13.125,9.625],"rotation":0,"texture":"#0","tintindex":0}}},{"from":[7.8526993,8.686699,7.4819164],"to":[8.560973,9.471543,7.6350565],"rotation":{"angle":45.0,"axis":"z","origin":[8.012775,7.769211,7.193804]},"faces":{"east":{"uv":[5.625,7.375,5.75,7.875],"rotation":0,"texture":"#0","tintindex":0},"south":{"uv":[6.625,10.625,6.875,11.5],"rotation":0,"texture":"#0","tintindex":0},"north":{"uv":[3.125,13.375,3.5,13.875],"rotation":0,"texture":"#0","tintindex":0},"west":{"uv":[8.125,2.625,8.25,3.125],"rotation":0,"texture":"#0","tintindex":0},"up":{"uv":[9.75,6.125,9.375,6.0],"rotation":0,"texture":"#0","tintindex":0},"down":{"uv":[10.625,3.125,10.25,3.25],"rotation":0,"texture":"#0","tintindex":0}}},{"from":[7.3558583,8.191403,6.693188],"to":[7.8815665,8.6183405,6.8463283],"rotation":{"angle":22.5,"axis":"y","origin":[8.012775,7.769211,7.0509467]},"faces":{"east":{"uv":[8.5,7.625,8.625,7.875],"rotation":0,"texture":"#0","tintindex":0},"south":{"uv":[0.25,14.25,0.5,14.5],"rotation":0,"texture":"#0","tintindex":0},"north":{"uv":[0.0,14.25,0.25,14.5],"rotation":0,"texture":"#0","tintindex":0},"west":{"uv":[9.125,3.25,9.25,3.5],"rotation":0,"texture":"#0","tintindex":0},"up":{"uv":[3.25,8.375,3.0,8.25],"rotation":0,"texture":"#0","tintindex":0},"down":{"uv":[1.75,9.375,1.5,9.5],"rotation":0,"texture":"#0","tintindex":0}}},{"from":[7.6817217,7.823678,7.0296273],"to":[8.361282,8.608522,7.584761],"rotation":{"angle":-45.0,"axis":"x","origin":[8.012775,7.769211,7.193804]},"faces":{"east":{"uv":[13.5,7.125,13.875,7.625],"rotation":0,"texture":"#0","tintindex":0},"south":{"uv":[7.5,13.5,7.875,14.0],"rotation":0,"texture":"#0","tintindex":0},"north":{"uv":[7.125,13.5,7.5,14.0],"rotation":0,"texture":"#0","tintindex":0},"west":{"uv":[13.5,7.625,13.875,8.125],"rotation":0,"texture":"#0","tintindex":0},"up":{"uv":[3.5,14.25,3.125,13.875],"rotation":0,"texture":"#0","tintindex":0},"down":{"uv":[4.875,13.875,4.5,14.25],"rotation":0,"texture":"#0","tintindex":0}}},{"from":[8.306102,7.193391,6.750821],"to":[8.451121,7.6429505,6.89584],"rotation":{"angle":0.0,"axis":"y","origin":[8.012775,7.769211,7.193804]},"faces":{"east":{"uv":[7.5,14.25,7.625,14.5],"rotation":0,"texture":"#0","tintindex":0},"south":{"uv":[7.625,14.25,7.75,14.5],"rotation":0,"texture":"#0","tintindex":0},"north":{"uv":[14.25,7.375,14.375,7.625],"rotation":0,"texture":"#0","tintindex":0},"west":{"uv":[14.25,7.625,14.375,7.875],"rotation":0,"texture":"#0","tintindex":0},"up":{"uv":[14.5,6.875,14.375,6.75],"rotation":0,"texture":"#0","tintindex":0},"down":{"uv":[7.0,14.375,6.875,14.5],"rotation":0,"texture":"#0","tintindex":0}}},{"from":[7.57052,8.696929,7.615914],"to":[8.106511,9.386061,7.7690544],"rotation":{"angle":-45.0,"axis":"z","origin":[8.012775,7.769211,7.193804]},"faces":{"east":{"uv":[11.25,2.125,11.375,2.5],"rotation":0,"texture":"#0","tintindex":0},"south":{"uv":[6.625,10.625,6.875,11.5],"rotation":0,"texture":"#0","tintindex":0},"north":{"uv":[0.75,13.875,1.125,14.25],"rotation":0,"texture":"#0","tintindex":0},"west":{"uv":[9.75,11.75,9.875,12.125],"rotation":0,"texture":"#0","tintindex":0},"up":{"uv":[14.5,11.375,14.125,11.25],"rotation":0,"texture":"#0","tintindex":0},"down":{"uv":[14.625,2.75,14.25,2.875],"rotation":0,"texture":"#0","tintindex":0}}},{"from":[7.432869,7.3299894,6.4467945],"to":[7.9497175,7.7319827,6.5439315],"rotation":{"angle":0.0,"axis":"y","origin":[8.012775,7.769211,7.193804]},"faces":{"east":{"uv":[14.25,1.75,14.5,2.0],"rotation":0,"texture":"#0","tintindex":0},"south":{"uv":[2.0,14.25,2.25,14.5],"rotation":0,"texture":"#0","tintindex":0},"north":{"uv":[1.75,14.25,2.0,14.5],"rotation":0,"texture":"#0","tintindex":0},"west":{"uv":[2.625,14.25,2.875,14.5],"rotation":0,"texture":"#0","tintindex":0},"up":{"uv":[3.125,14.5,2.875,14.25],"rotation":0,"texture":"#0","tintindex":0},"down":{"uv":[3.375,14.25,3.125,14.5],"rotation":0,"texture":"#0","tintindex":0}}},{"from":[7.167175,7.3161697,6.9273953],"to":[8.875147,8.633749,8.229089],"rotation":{"angle":0.0,"axis":"y","origin":[7.872434,7.3949676,6.3751464]},"faces":{"east":{"uv":[7.625,10.5,6.875,11.25],"rotation":0,"texture":"#0","tintindex":0},"south":{"uv":[8.625,1.875,9.625,2.625],"rotation":0,"texture":"#0","tintindex":0},"north":{"uv":[8.25,3.5,9.25,4.25],"rotation":0,"texture":"#0","tintindex":0},"west":{"uv":[3.0,7.5,2.125,8.5],"rotation":0,"texture":"#0","tintindex":0},"up":{"uv":[9.75,5.0,8.75,4.25],"rotation":0,"texture":"#0","tintindex":0},"down":{"uv":[5.75,4.875,4.75,6.375],"rotation":0,"texture":"#0","tintindex":0}}},{"from":[7.5477242,7.9172325,6.8132668],"to":[8.5335655,8.472366,7.006116],"rotation":{"angle":-45.0,"axis":"x","origin":[8.012775,7.769211,7.193804]},"faces":{"east":{"uv":[14.125,4.625,14.375,5.0],"rotation":0,"texture":"#0","tintindex":0},"south":{"uv":[6.625,13.125,7.25,13.5],"rotation":0,"texture":"#0","tintindex":0},"north":{"uv":[6.0,13.125,6.625,13.5],"rotation":0,"texture":"#0","tintindex":0},"west":{"uv":[4.875,14.125,5.125,14.5],"rotation":0,"texture":"#0","tintindex":0},"up":{"uv":[14.25,13.875,13.625,13.625],"rotation":0,"texture":"#0","tintindex":0},"down":{"uv":[2.0,13.75,1.375,14.0],"rotation":0,"texture":"#0","tintindex":0}}},{"from":[7.6625795,8.39467,6.803201],"to":[8.3804245,8.643523,7.0711966],"rotation":{"angle":-45.0,"axis":"x","origin":[8.012775,7.769211,7.193804]},"faces":{"east":{"uv":[14.375,4.625,14.5,4.75],"rotation":0,"texture":"#0","tintindex":0},"south":{"uv":[14.25,6.25,14.625,6.375],"rotation":0,"texture":"#0","tintindex":0},"north":{"uv":[6.25,14.25,6.625,14.375],"rotation":0,"texture":"#0","tintindex":0},"west":{"uv":[14.375,4.75,14.5,4.875],"rotation":0,"texture":"#0","tintindex":0},"up":{"uv":[14.625,6.5,14.25,6.375],"rotation":0,"texture":"#0","tintindex":0},"down":{"uv":[14.625,6.5,14.25,6.625],"rotation":0,"texture":"#0","tintindex":0}}},{"from":[7.796577,8.702452,7.195938],"to":[8.255999,8.9379635,8.153329],"rotation":{"angle":0.0,"axis":"y","origin":[8.012775,7.769211,7.193804]},"faces":{"east":{"uv":[14.125,1.25,14.875,1.375],"rotation":0,"texture":"#0","tintindex":0},"south":{"uv":[1.25,11.5,1.5,11.625],"rotation":0,"texture":"#0","tintindex":0},"north":{"uv":[3.0,11.0,3.25,11.125],"rotation":0,"texture":"#0","tintindex":0},"west":{"uv":[14.125,1.375,14.875,1.5],"rotation":0,"texture":"#0","tintindex":0},"up":{"uv":[6.625,10.625,6.875,11.5],"rotation":0,"texture":"#0","tintindex":0},"down":{"uv":[4.125,13.25,3.875,14.0],"rotation":0,"texture":"#0","tintindex":0}}},{"from":[8.157351,8.191403,6.6876516],"to":[8.683059,8.6183405,6.840792],"rotation":{"angle":-22.5,"axis":"y","origin":[8.012775,7.769211,7.0509467]},"faces":{"east":{"uv":[6.375,9.75,6.5,10.0],"rotation":0,"texture":"#0","tintindex":0},"south":{"uv":[1.5,14.25,1.75,14.5],"rotation":0,"texture":"#0","tintindex":0},"north":{"uv":[1.25,14.25,1.5,14.5],"rotation":0,"texture":"#0","tintindex":0},"west":{"uv":[10.125,7.25,10.25,7.5],"rotation":0,"texture":"#0","tintindex":0},"up":{"uv":[2.25,10.875,2.0,10.75],"rotation":0,"texture":"#0","tintindex":0},"down":{"uv":[11.0,7.875,10.75,8.0],"rotation":0,"texture":"#0","tintindex":0}}},{"from":[8.080144,7.7644033,6.4276524],"to":[8.7501335,8.204682,7.2139206],"rotation":{"angle":-22.5,"axis":"z","origin":[8.012775,7.769211,7.193804]},"faces":{"east":{"uv":[13.625,13.125,14.25,13.375],"rotation":0,"texture":"#0","tintindex":0},"south":{"uv":[4.125,14.125,4.5,14.375],"rotation":0,"texture":"#0","tintindex":0},"north":{"uv":[14.125,3.625,14.5,3.875],"rotation":0,"texture":"#0","tintindex":0},"west":{"uv":[13.625,13.375,14.25,13.625],"rotation":0,"texture":"#0","tintindex":0},"up":{"uv":[4.5,13.625,4.125,13.0],"rotation":0,"texture":"#0","tintindex":0},"down":{"uv":[6.0,13.0,5.625,13.625],"rotation":0,"texture":"#0","tintindex":0}}},{"from":[7.4711537,7.3827763,6.4897203],"to":[8.57185,7.980836,7.06078],"rotation":{"angle":0.0,"axis":"y","origin":[8.012775,7.769211,7.193804]},"faces":{"east":{"uv":[9.75,9.25,10.25,9.625],"rotation":0,"texture":"#0","tintindex":0},"south":{"uv":[13.0,12.25,13.625,12.625],"rotation":0,"texture":"#0","tintindex":0},"north":{"uv":[13.0,11.875,13.625,12.25],"rotation":0,"texture":"#0","tintindex":0},"west":{"uv":[13.5,6.75,14.0,7.125],"rotation":0,"texture":"#0","tintindex":0},"up":{"uv":[7.375,13.125,6.75,12.625],"rotation":0,"texture":"#0","tintindex":0},"down":{"uv":[13.125,12.625,12.5,13.125],"rotation":0,"texture":"#0","tintindex":0}}},{"from":[7.5520015,7.193391,6.750821],"to":[7.697021,7.6429505,6.89584],"rotation":{"angle":0.0,"axis":"y","origin":[8.012775,7.769211,7.193804]},"faces":{"east":{"uv":[14.25,7.125,14.375,7.375],"rotation":0,"texture":"#0","tintindex":0},"south":{"uv":[7.25,14.25,7.375,14.5],"rotation":0,"texture":"#0","tintindex":0},"north":{"uv":[7.125,14.25,7.25,14.5],"rotation":0,"texture":"#0","tintindex":0},"west":{"uv":[7.375,14.25,7.5,14.5],"rotation":0,"texture":"#0","tintindex":0},"up":{"uv":[14.5,6.75,14.375,6.625],"rotation":0,"texture":"#0","tintindex":0},"down":{"uv":[6.875,14.375,6.75,14.5],"rotation":0,"texture":"#0","tintindex":0}}},{"from":[7.373289,8.087195,6.9076395],"to":[8.660144,8.287117,7.194778],"rotation":{"angle":0.0,"axis":"y","origin":[8.012775,7.769211,7.193804]},"faces":{"east":{"uv":[4.25,14.375,4.375,14.5],"rotation":0,"texture":"#0","tintindex":0},"south":{"uv":[9.875,1.25,10.625,1.375],"rotation":0,"texture":"#0","tintindex":0},"north":{"uv":[6.875,5.75,7.625,5.875],"rotation":0,"texture":"#0","tintindex":0},"west":{"uv":[4.375,14.375,4.5,14.5],"rotation":0,"texture":"#0","tintindex":0},"up":{"uv":[14.25,2.875,13.5,2.75],"rotation":0,"texture":"#0","tintindex":0},"down":{"uv":[14.75,10.0,14.0,10.125],"rotation":0,"texture":"#0","tintindex":0}}},{"from":[7.3180137,7.257572,6.687611],"to":[8.724991,7.535851,7.416452],"rotation":{"angle":22.5,"axis":"x","origin":[8.012775,7.769211,7.193804]},"faces":{"east":{"uv":[13.625,11.875,14.25,12.125],"rotation":0,"texture":"#0","tintindex":0},"south":{"uv":[13.125,12.625,14.0,12.875],"rotation":0,"texture":"#0","tintindex":0},"north":{"uv":[12.5,13.125,13.375,13.375],"rotation":0,"texture":"#0","tintindex":0},"west":{"uv":[13.625,12.375,14.25,12.625],"rotation":0,"texture":"#0","tintindex":0},"up":{"uv":[8.625,5.75,7.75,5.125],"rotation":0,"texture":"#0","tintindex":0},"down":{"uv":[12.25,3.875,11.375,4.5],"rotation":0,"texture":"#0","tintindex":0}}},{"from":[7.2887836,7.758867,6.4276524],"to":[7.93963,8.199145,7.2139206],"rotation":{"angle":22.5,"axis":"z","origin":[8.012775,7.769211,7.193804]},"faces":{"east":{"uv":[12.375,13.625,13.0,13.875],"rotation":0,"texture":"#0","tintindex":0},"south":{"uv":[3.5,14.125,3.875,14.375],"rotation":0,"texture":"#0","tintindex":0},"north":{"uv":[14.125,3.375,14.5,3.625],"rotation":0,"texture":"#0","tintindex":0},"west":{"uv":[13.625,12.375,14.25,12.625],"rotation":0,"texture":"#0","tintindex":0},"up":{"uv":[9.75,8.625,9.375,8.0],"rotation":0,"texture":"#0","tintindex":0},"down":{"uv":[11.75,12.5,11.375,13.125],"rotation":0,"texture":"#0","tintindex":0}}},{"from":[7.5285816,7.776989,6.7460318],"to":[8.552708,8.351265,7.137004],"rotation":{"angle":-22.5,"axis":"x","origin":[8.012775,7.769211,7.193804]},"faces":{"east":{"uv":[14.125,5.0,14.375,5.375],"rotation":0,"texture":"#0","tintindex":0},"south":{"uv":[13.125,8.25,13.75,8.625],"rotation":0,"texture":"#0","tintindex":0},"north":{"uv":[7.25,13.125,7.875,13.5],"rotation":0,"texture":"#0","tintindex":0},"west":{"uv":[5.125,14.125,5.375,14.5],"rotation":0,"texture":"#0","tintindex":0},"up":{"uv":[14.375,2.25,13.75,2.0],"rotation":0,"texture":"#0","tintindex":0},"down":{"uv":[14.375,2.25,13.75,2.5],"rotation":0,"texture":"#0","tintindex":0}}},{"from":[7.92927,8.686699,7.615914],"to":[8.4652605,9.375831,7.7690544],"rotation":{"angle":45.0,"axis":"z","origin":[8.012775,7.769211,7.193804]},"faces":{"east":{"uv":[10.625,4.625,10.75,5.0],"rotation":0,"texture":"#0","tintindex":0},"south":{"uv":[6.625,10.625,6.875,11.5],"rotation":0,"texture":"#0","tintindex":0},"north":{"uv":[13.75,10.125,14.125,10.5],"rotation":0,"texture":"#0","tintindex":0},"west":{"uv":[5.75,10.625,5.875,11.0],"rotation":0,"texture":"#0","tintindex":0},"up":{"uv":[11.75,10.75,11.375,10.625],"rotation":0,"texture":"#0","tintindex":0},"down":{"uv":[11.875,1.125,11.5,1.25],"rotation":0,"texture":"#0","tintindex":0}}},{"from":[7.456911,8.720004,7.190717],"to":[8.260899,8.9305725,8.191766],"rotation":{"angle":22.5,"axis":"z","origin":[8.012775,7.769211,7.193804]},"faces":{"east":{"uv":[8.75,5.0,9.375,5.125],"rotation":0,"texture":"#0","tintindex":0},"south":{"uv":[6.375,4.625,6.875,4.75],"rotation":0,"texture":"#0","tintindex":0},"north":{"uv":[5.25,4.75,5.75,4.875],"rotation":0,"texture":"#0","tintindex":0},"west":{"uv":[12.25,4.375,12.875,4.5],"rotation":0,"texture":"#0","tintindex":0},"up":{"uv":[6.875,10.5,7.625,11.25],"rotation":0,"texture":"#0","tintindex":0},"down":{"uv":[2.125,12.625,1.625,13.25],"rotation":0,"texture":"#0","tintindex":0}}},{"from":[7.2797284,7.806029,6.989482],"to":[8.753704,8.208022,7.5829005],"rotation":{"angle":-45.0,"axis":"x","origin":[8.012775,7.769211,7.193804]},"faces":{"east":{"uv":[14.125,4.125,14.5,4.375],"rotation":0,"texture":"#0","tintindex":0},"south":{"uv":[1.125,13.25,2.0,13.5],"rotation":0,"texture":"#0","tintindex":0},"north":{"uv":[13.125,12.875,14.0,13.125],"rotation":0,"texture":"#0","tintindex":0},"west":{"uv":[5.375,14.125,5.75,14.375],"rotation":0,"texture":"#0","tintindex":0},"up":{"uv":[8.5,7.0,7.625,6.625],"rotation":0,"texture":"#0","tintindex":0},"down":{"uv":[13.25,9.875,12.375,10.25],"rotation":0,"texture":"#0","tintindex":0}}}],"display":{"head":{"translation":[0.0,-6.4,0.0],"scale":[4.0,4.0,4.0]}}}