{"textures":{"0":"modelengine:entity/lion"},"elements":[{"from":[7.4901586,7.7952037,8.212584],"to":[8.330551,8.952725,8.704134],"rotation":{"angle":0.0,"axis":"y","origin":[8.679393,6.8913856,7.6258945]},"faces":{"east":{"uv":[9.75,12.375,10.125,13.25],"rotation":0,"texture":"#0","tintindex":0},"south":{"uv":[6.25,11.25,6.875,12.125],"rotation":0,"texture":"#0","tintindex":0},"north":{"uv":[11.25,1.25,11.875,2.125],"rotation":0,"texture":"#0","tintindex":0},"west":{"uv":[12.375,11.125,12.75,12.0],"rotation":0,"texture":"#0","tintindex":0},"up":{"uv":[13.5,2.125,12.875,1.75],"rotation":0,"texture":"#0","tintindex":0},"down":{"uv":[13.5,2.125,12.875,2.5],"rotation":0,"texture":"#0","tintindex":0}}},{"from":[7.4743023,7.341709,7.73689],"to":[8.42569,8.594369,8.878554],"rotation":{"angle":-22.5,"axis":"x","origin":[7.299881,7.113376,7.641751]},"faces":{"east":{"uv":[3.25,7.375,4.125,8.375],"rotation":0,"texture":"#0","tintindex":0},"south":{"uv":[1.75,8.5,2.5,9.5],"rotation":0,"texture":"#0","tintindex":0},"north":{"uv":[6.75,8.0,7.5,9.0],"rotation":0,"texture":"#0","tintindex":0},"west":{"uv":[7.375,3.25,8.25,4.25],"rotation":0,"texture":"#0","tintindex":0},"up":{"uv":[5.125,10.375,4.375,9.5],"rotation":0,"texture":"#0","tintindex":0},"down":{"uv":[8.0,9.625,7.25,10.5],"rotation":0,"texture":"#0","tintindex":0}}}],"display":{"head":{"translation":[0.0,-6.4,0.0],"scale":[4.0,4.0,4.0]}}}