{"textures":{"0":"modelengine:entity/charleskingspaniel"},"elements":[{"from":[7.707143,7.707143,7.714286],"to":[8.292857,8.292857,8.285714],"rotation":{"angle":0.0,"axis":"y","origin":[7.135714,6.6214285,6.0214286]},"faces":{"east":{"uv":[3.383,4.258,3.617,4.5],"rotation":0,"texture":"#0","tintindex":0},"south":{"uv":[3.492,4.008,3.258,4.25],"rotation":0,"texture":"#0","tintindex":0},"north":{"uv":[3.617,4.258,3.383,4.5],"rotation":0,"texture":"#0","tintindex":0},"west":{"uv":[3.383,4.258,3.617,4.5],"rotation":0,"texture":"#0","tintindex":0},"up":{"uv":[3.617,4.5,3.383,4.258],"rotation":0,"texture":"#0","tintindex":0},"down":{"uv":[3.617,4.258,3.383,4.5],"rotation":180,"texture":"#0","tintindex":0}}}],"display":{"head":{"translation":[0.0,-6.4,0.0],"scale":[4.0,4.0,4.0]}}}