{"textures":{"0":"modelengine:entity/charleskingspaniel"},"elements":[{"from":[6.857143,6.6313453,7.710388],"to":[9.142858,9.488488,9.996102],"rotation":{"angle":-45.0,"axis":"x","origin":[8.0,7.9754896,8.094888]},"faces":{"east":{"uv":[5.508,1.508,6.492,2.742],"rotation":0,"texture":"#0","tintindex":0},"south":{"uv":[5.508,3.008,6.492,4.242],"rotation":0,"texture":"#0","tintindex":0},"north":{"uv":[5.508,0.008,6.492,1.242],"rotation":0,"texture":"#0","tintindex":0},"west":{"uv":[6.008,4.508,6.992,5.742],"rotation":0,"texture":"#0","tintindex":0},"up":{"uv":[7.742,0.992,6.758,0.008],"rotation":0,"texture":"#0","tintindex":0},"down":{"uv":[7.742,1.258,6.758,2.242],"rotation":0,"texture":"#0","tintindex":0}}}],"display":{"head":{"translation":[0.0,-6.4,0.0],"scale":[4.0,4.0,4.0]}}}