{
	"credit": "Made by Larkyy",
	"texture_size": [64, 64],
	"textures": {
		"0": "fraggle:hats/cowboy_hat",
		"particle": "fraggle:hats/cowboy_hat"
	},
	"elements": [
		{
			"from": [3, 0, 3],
			"to": [13, 1, 13],
			"faces": {
				"north": {"uv": [6.5, 0.5, 9, 0.75], "texture": "#0"},
				"east": {"uv": [6.5, 0.75, 9, 1], "texture": "#0"},
				"south": {"uv": [6.5, 1, 9, 1.25], "texture": "#0"},
				"west": {"uv": [6.5, 1.25, 9, 1.5], "texture": "#0"},
				"up": {"uv": [2.5, 2.5, 0, 0], "texture": "#0"},
				"down": {"uv": [2.5, 2.5, 0, 5], "texture": "#0"}
			}
		},
		{
			"from": [4, 1, 4],
			"to": [12, 4, 12],
			"faces": {
				"north": {"uv": [4.5, 0.75, 6.5, 1.5], "texture": "#0"},
				"east": {"uv": [4.5, 0.75, 6.5, 1.5], "texture": "#0"},
				"south": {"uv": [4.5, 0.75, 6.5, 1.5], "texture": "#0"},
				"west": {"uv": [4.5, 0.75, 6.5, 1.5], "texture": "#0"},
				"up": {"uv": [4.5, 2, 2.5, 0], "texture": "#0"},
				"down": {"uv": [4.5, 2, 2.5, 4], "texture": "#0"}
			}
		},
		{
			"from": [5, 4, 5],
			"to": [11, 6, 11],
			"faces": {
				"north": {"uv": [4.5, 6, 6, 6.5], "texture": "#0"},
				"east": {"uv": [4.5, 6, 6, 6.5], "texture": "#0"},
				"south": {"uv": [4.5, 6, 6, 6.5], "texture": "#0"},
				"west": {"uv": [4.5, 6, 6, 6.5], "texture": "#0"},
				"up": {"uv": [4, 5.5, 2.5, 4], "texture": "#0"},
				"down": {"uv": [5.5, 4, 4, 5.5], "texture": "#0"}
			}
		},
		{
			"from": [6, 6, 6],
			"to": [10, 7, 10],
			"faces": {
				"north": {"uv": [1.5, 6.25, 2.5, 6.5], "texture": "#0"},
				"east": {"uv": [1.5, 6.25, 2.5, 6.5], "texture": "#0"},
				"south": {"uv": [1.5, 6.25, 2.5, 6.5], "texture": "#0"},
				"west": {"uv": [1.5, 6.25, 2.5, 6.5], "texture": "#0"},
				"up": {"uv": [3.5, 6.5, 2.5, 5.5], "texture": "#0"},
				"down": {"uv": [4.5, 5.5, 3.5, 6.5], "texture": "#0"}
			}
		},
		{
			"from": [3, -1.91342, 1.3806],
			"to": [13, -0.91342, 3.3806],
			"rotation": {"angle": 22.5, "axis": "x", "origin": [8, 0, 8]},
			"faces": {
				"north": {"uv": [6.5, 0.25, 9, 0.5], "texture": "#0"},
				"east": {"uv": [0, 7, 0.5, 7.25], "texture": "#0"},
				"south": {"uv": [6.5, 1.5, 9, 1.75], "texture": "#0"},
				"west": {"uv": [0.5, 7, 1, 7.25], "texture": "#0"},
				"up": {"uv": [2.5, 5.5, 0, 5], "texture": "#0"},
				"down": {"uv": [2.5, 5.5, 0, 6], "texture": "#0"}
			}
		},
		{
			"from": [4, 3.37222, 2.02761],
			"to": [12, 4.87222, 3.02761],
			"rotation": {"angle": -22.5, "axis": "x", "origin": [8, 0, 8]},
			"faces": {
				"north": {"uv": [5.5, 4, 7.5, 4.5], "texture": "#0"},
				"east": {"uv": [6.5, 6.75, 6.75, 7.25], "texture": "#0"},
				"south": {"uv": [5.5, 4.5, 7.5, 5], "texture": "#0"},
				"west": {"uv": [6.75, 6.75, 7, 7.25], "texture": "#0"},
				"up": {"uv": [8.5, 2, 6.5, 1.75], "texture": "#0"},
				"down": {"uv": [8.5, 2, 6.5, 2.25], "texture": "#0"}
			}
		},
		{
			"from": [6, 2.23077, 0.60709],
			"to": [10, 3.23077, 1.60709],
			"rotation": {"angle": 0, "axis": "y", "origin": [8, 0, 8]},
			"faces": {
				"north": {"uv": [5, 6.5, 6, 6.75], "texture": "#0"},
				"east": {"uv": [1.5, 7, 1.75, 7.25], "texture": "#0"},
				"south": {"uv": [6.5, 5.5, 7.5, 5.75], "texture": "#0"},
				"west": {"uv": [1.75, 7, 2, 7.25], "texture": "#0"},
				"up": {"uv": [4.5, 7, 3.5, 6.75], "texture": "#0"},
				"down": {"uv": [7, 6.5, 6, 6.75], "texture": "#0"}
			}
		},
		{
			"from": [6, 2.23077, 14.39291],
			"to": [10, 3.23077, 15.39291],
			"rotation": {"angle": 0, "axis": "y", "origin": [8, 0, 8]},
			"faces": {
				"north": {"uv": [6.5, 5.5, 7.5, 5.75], "texture": "#0"},
				"east": {"uv": [1.5, 7, 1.75, 7.25], "texture": "#0"},
				"south": {"uv": [5, 6.5, 6, 6.75], "texture": "#0"},
				"west": {"uv": [1.75, 7, 2, 7.25], "texture": "#0"},
				"up": {"uv": [4.5, 7, 3.5, 6.75], "texture": "#0"},
				"down": {"uv": [5.5, 6.75, 4.5, 7], "texture": "#0"}
			}
		},
		{
			"from": [4, 3.37222, 12.97239],
			"to": [12, 4.87222, 13.97239],
			"rotation": {"angle": 22.5, "axis": "x", "origin": [8, 0, 8]},
			"faces": {
				"north": {"uv": [5.5, 4.5, 7.5, 5], "texture": "#0"},
				"east": {"uv": [6.5, 6.75, 6.75, 7.25], "texture": "#0"},
				"south": {"uv": [5.5, 4, 7.5, 4.5], "texture": "#0"},
				"west": {"uv": [6.75, 6.75, 7, 7.25], "texture": "#0"},
				"up": {"uv": [8.5, 2, 6.5, 1.75], "texture": "#0"},
				"down": {"uv": [8.5, 2.5, 6.5, 2.75], "texture": "#0"}
			}
		},
		{
			"from": [3, -1.91342, 12.6194],
			"to": [13, -0.91342, 14.6194],
			"rotation": {"angle": -22.5, "axis": "x", "origin": [8, 0, 8]},
			"faces": {
				"north": {"uv": [6.5, 0, 9, 0.25], "texture": "#0"},
				"east": {"uv": [0, 7, 0.5, 7.25], "texture": "#0"},
				"south": {"uv": [6.5, 0.25, 9, 0.5], "texture": "#0"},
				"west": {"uv": [6, 6.75, 6.5, 7], "texture": "#0"},
				"up": {"uv": [2.5, 5.5, 0, 5], "texture": "#0"},
				"down": {"uv": [2.5, 6, 0, 5.5], "texture": "#0"}
			}
		}
	],
	"display": {
		"head": {
			"rotation": [0, 90, 0],
			"translation": [0, 16.75, 0],
			"scale": [1.33, 1.33, 1.33]
		}
	}
}