{
	"credit": "Made by Larkyy",
	"texture_size": [32, 32],
	"textures": {
		"0": "fraggle:hats/horns_hat",
		"particle": "fraggle:hats/horns_hat"
	},
	"elements": [
		{
			"from": [3.5, 0, 6.2],
			"to": [6.3, 3.5, 9],
			"rotation": {"angle": 0, "axis": "y", "origin": [0.5, 0, 0]},
			"faces": {
				"north": {"uv": [3, 0, 4.5, 2], "texture": "#0"},
				"east": {"uv": [1.5, 4, 3, 6], "texture": "#0"},
				"south": {"uv": [4.5, 0, 3, 2], "texture": "#0"},
				"west": {"uv": [3, 2, 4.5, 4], "texture": "#0"},
				"up": {"uv": [4.5, 3, 6, 1.5], "texture": "#0"},
				"down": {"uv": [6, 3, 4.5, 4.5], "texture": "#0"}
			}
		},
		{
			"from": [3.15, 3.5, 6.6],
			"to": [5.55, 7, 8.65],
			"rotation": {"angle": 22.5, "axis": "z", "origin": [6.5, 4, 7.5]},
			"faces": {
				"north": {"uv": [6, 0, 7, 2], "texture": "#0"},
				"east": {"uv": [6, 2, 7, 4], "texture": "#0"},
				"south": {"uv": [6, 0, 7, 2], "texture": "#0"},
				"west": {"uv": [1, 6, 2, 8], "texture": "#0"},
				"up": {"uv": [8, 3, 7, 2], "texture": "#0"},
				"down": {"uv": [8, 1, 7, 2], "texture": "#0"}
			}
		},
		{
			"from": [0.5, 3.55, 6.95],
			"to": [3.75, 5.05, 8.3],
			"rotation": {"angle": -22.5, "axis": "z", "origin": [6.5, 4, 7.5]},
			"faces": {
				"north": {"uv": [4, 6.5, 5.5, 7.5], "texture": "#0"},
				"east": {"uv": [4, 5.5, 4.5, 6.5], "texture": "#0"},
				"south": {"uv": [5.5, 6.5, 4, 7.5], "texture": "#0"},
				"west": {"uv": [5, 7.5, 5.5, 8.5], "texture": "#0"},
				"up": {"uv": [8.5, 7.5, 7, 7], "texture": "#0"},
				"down": {"uv": [4.5, 7.5, 3, 8], "texture": "#0"}
			}
		},
		{
			"from": [9.7, 0, 6.2],
			"to": [12.5, 3.5, 9],
			"rotation": {"angle": 0, "axis": "y", "origin": [15.5, 0, 0]},
			"faces": {
				"north": {"uv": [4.5, 0, 3, 2], "texture": "#0"},
				"east": {"uv": [3, 2, 4.5, 4], "texture": "#0"},
				"south": {"uv": [3, 0, 4.5, 2], "texture": "#0"},
				"west": {"uv": [1.5, 4, 3, 6], "texture": "#0"},
				"up": {"uv": [6, 3, 4.5, 1.5], "texture": "#0"},
				"down": {"uv": [6, 3, 4.5, 4.5], "texture": "#0"}
			}
		},
		{
			"from": [10.45, 3.5, 6.6],
			"to": [12.75, 7, 8.65],
			"rotation": {"angle": -22.5, "axis": "z", "origin": [9.5, 4, 7.5]},
			"faces": {
				"north": {"uv": [7, 0, 6, 2], "texture": "#0"},
				"east": {"uv": [1, 6, 2, 8], "texture": "#0"},
				"south": {"uv": [6, 0, 7, 2], "texture": "#0"},
				"west": {"uv": [6, 2, 7, 4], "texture": "#0"},
				"up": {"uv": [8, 3, 7, 2], "texture": "#0"},
				"down": {"uv": [8, 3, 7, 4], "texture": "#0"}
			}
		},
		{
			"from": [12.25, 3.55, 6.95],
			"to": [15.5, 5.05, 8.3],
			"rotation": {"angle": 22.5, "axis": "z", "origin": [9.5, 4, 7.5]},
			"faces": {
				"north": {"uv": [5.5, 6.5, 4, 7.5], "texture": "#0"},
				"east": {"uv": [5, 7.5, 5.5, 8.5], "texture": "#0"},
				"south": {"uv": [4, 6.5, 5.5, 7.5], "texture": "#0"},
				"west": {"uv": [5.5, 7.5, 6, 8.5], "texture": "#0"},
				"up": {"uv": [8.5, 7.5, 7, 7], "texture": "#0"},
				"down": {"uv": [4.5, 7.5, 3, 8], "texture": "#0"}
			}
		}
	],
	"display": {
		"head": {
			"rotation": [-10, 0, 0],
			"translation": [0, 15, -3],
			"scale": [1.22, 1.22, 1.22]
		}
	}
}