{"textures":{},"elements":[{"from":[8.0,16.571428,4.5714264],"to":[20.57143,32.0,32.0],"rotation":{"angle":0.0,"axis":"y","origin":[8.0,2.2857132,4.5714264]},"faces":{"east":{"uv":[0.0,0.0,16.0,13.5],"rotation":0,"texture":"#missing","tintindex":0},"south":{"uv":[0.0,0.0,11.0,13.5],"rotation":0,"texture":"#missing","tintindex":0},"north":{"uv":[0.0,0.0,11.0,13.5],"rotation":0,"texture":"#missing","tintindex":0},"west":{"uv":[0.0,0.0,16.0,13.5],"rotation":0,"texture":"#missing","tintindex":0},"up":{"uv":[0.0,0.0,11.0,16.0],"rotation":0,"texture":"#missing","tintindex":0},"down":{"uv":[0.0,0.0,11.0,16.0],"rotation":0,"texture":"#missing","tintindex":0}}}],"display":{"head":{"translation":[0.0,16.457148,13.714294],"scale":[4.0,4.0,4.0]}}}