{"textures":{"0":"modelengine:entity/elephant","1":"modelengine:entity/elephantsaddle1"},"elements":[{"from":[3.4730158,6.3711615,7.482476],"to":[10.273016,10.371161,10.511048],"rotation":{"angle":0.0,"axis":"y","origin":[6.8444443,9.256876,10.082477]},"faces":{"east":{"uv":[8.5,2.75,8.83125,3.1875],"rotation":0,"texture":"#0","tintindex":0},"south":{"uv":[10.375,5.6875,11.125,6.125],"rotation":0,"texture":"#0","tintindex":0},"north":{"uv":[10.375,5.25,11.125,5.6875],"rotation":0,"texture":"#0","tintindex":0},"west":{"uv":[10.25,0.875,10.58125,1.3125],"rotation":0,"texture":"#0","tintindex":0},"up":{"uv":[11.99375,4.64375,11.25,4.3125],"rotation":0,"texture":"#0","tintindex":0},"down":{"uv":[12.0,5.9375,11.25,6.25],"rotation":0,"texture":"#0","tintindex":0}}},{"from":[3.9301586,-3.9300747,6.545853],"to":[9.701588,-1.9300747,8.717282],"rotation":{"angle":-45.0,"axis":"x","origin":[6.9015875,-4.4443617,6.2315674]},"faces":{"east":{"uv":[2.675,0.21875,2.4375,0.0],"rotation":0,"texture":"#0","tintindex":0},"south":{"uv":[4.3125,2.375,2.4375,0.0],"rotation":0,"texture":"#0","tintindex":0},"north":{"uv":[3.06875,0.21875,2.4375,0.0],"rotation":0,"texture":"#0","tintindex":0},"west":{"uv":[2.675,0.21875,2.4375,0.0],"rotation":0,"texture":"#0","tintindex":0},"up":{"uv":[4.3125,2.375,2.4375,0.0],"rotation":0,"texture":"#0","tintindex":0},"down":{"uv":[3.06875,0.2375,2.4375,0.0],"rotation":0,"texture":"#0","tintindex":0}}},{"from":[8.55873,-8.93527,-3.0390959],"to":[10.215874,-6.9924135,-0.06766701],"rotation":{"angle":-22.5,"axis":"x","origin":[9.415873,-7.7638426,-2.067667]},"faces":{"east":{"uv":[2.4375,7.75,3.0625,8.5],"rotation":0,"texture":"#1","tintindex":0},"south":{"uv":[2.4375,7.75,3.0625,8.5],"rotation":0,"texture":"#1","tintindex":0},"north":{"uv":[2.4375,7.75,3.0625,8.5],"rotation":0,"texture":"#1","tintindex":0},"west":{"uv":[2.4375,7.75,3.0625,8.5],"rotation":0,"texture":"#1","tintindex":0},"up":{"uv":[2.4375,7.75,3.0625,8.5],"rotation":0,"texture":"#1","tintindex":0},"down":{"uv":[2.4375,7.75,3.0625,8.5],"rotation":0,"texture":"#1","tintindex":0}}},{"from":[2.2730155,-0.17066097,4.977248],"to":[11.35873,2.4579105,11.320106],"rotation":{"angle":-22.5,"axis":"x","origin":[6.815873,-0.71351814,4.2058196]},"faces":{"east":{"uv":[3.13125,0.2875,2.4375,0.0],"rotation":0,"texture":"#0","tintindex":0},"south":{"uv":[3.13125,0.2875,2.4375,0.0],"rotation":0,"texture":"#0","tintindex":0},"north":{"uv":[3.43125,0.2875,2.4375,0.0],"rotation":0,"texture":"#0","tintindex":0},"west":{"uv":[3.13125,0.2875,2.4375,0.0],"rotation":0,"texture":"#0","tintindex":0},"up":{"uv":[3.43125,0.69375,2.4375,0.0],"rotation":0,"texture":"#0","tintindex":0},"down":{"uv":[3.13125,0.2875,2.4375,0.0],"rotation":0,"texture":"#0","tintindex":0}}},{"from":[2.4444442,2.4748006,8.658176],"to":[11.187302,6.189086,10.543891],"rotation":{"angle":0.0,"axis":"y","origin":[6.873016,4.446229,10.343891]},"faces":{"east":{"uv":[2.64375,0.40625,2.4375,0.0],"rotation":0,"texture":"#0","tintindex":0},"south":{"uv":[3.34375,0.21875,2.4375,0.0],"rotation":0,"texture":"#0","tintindex":0},"north":{"uv":[4.3125,2.375,2.4375,0.0],"rotation":0,"texture":"#0","tintindex":0},"west":{"uv":[2.64375,0.40625,2.4375,0.0],"rotation":0,"texture":"#0","tintindex":0},"up":{"uv":[4.3125,2.375,2.4375,0.0],"rotation":0,"texture":"#0","tintindex":0},"down":{"uv":[4.3125,2.375,2.4375,0.0],"rotation":0,"texture":"#0","tintindex":0}}},{"from":[8.330159,-8.46352,1.4796786],"to":[10.501587,-4.463519,3.8225355],"rotation":{"angle":45.0,"axis":"x","origin":[8.301587,-4.0349474,2.1368213]},"faces":{"east":{"uv":[2.4375,7.75,3.0625,8.5],"rotation":0,"texture":"#1","tintindex":0},"south":{"uv":[2.4375,7.75,3.0625,8.5],"rotation":0,"texture":"#1","tintindex":0},"north":{"uv":[2.4375,7.75,3.0625,8.5],"rotation":0,"texture":"#1","tintindex":0},"west":{"uv":[2.4375,7.75,3.0625,8.5],"rotation":0,"texture":"#1","tintindex":0},"up":{"uv":[2.4375,7.75,3.0625,8.5],"rotation":0,"texture":"#1","tintindex":0},"down":{"uv":[2.4375,7.75,3.0625,8.5],"rotation":0,"texture":"#1","tintindex":0}}},{"from":[8.673016,-2.8635197,1.7653933],"to":[11.930159,1.7650523,4.736821],"rotation":{"angle":22.5,"axis":"z","origin":[6.6444445,-4.8349485,3.0511074]},"faces":{"east":{"uv":[2.7625,0.50625,2.4375,0.0],"rotation":0,"texture":"#0","tintindex":0},"south":{"uv":[4.3125,2.375,2.4375,0.0],"rotation":0,"texture":"#0","tintindex":0},"north":{"uv":[2.79375,0.50625,2.4375,0.0],"rotation":0,"texture":"#0","tintindex":0},"west":{"uv":[4.3125,2.375,2.4375,0.0],"rotation":0,"texture":"#0","tintindex":0},"up":{"uv":[4.3125,2.375,2.4375,0.0],"rotation":0,"texture":"#0","tintindex":0},"down":{"uv":[4.3125,2.375,2.4375,0.0],"rotation":0,"texture":"#0","tintindex":0}}},{"from":[9.35873,5.7890863,8.658176],"to":[10.9015875,8.874801,10.486749],"rotation":{"angle":22.5,"axis":"z","origin":[10.130159,6.560515,9.601034]},"faces":{"east":{"uv":[2.6375,0.3375,2.4375,0.0],"rotation":0,"texture":"#0","tintindex":0},"south":{"uv":[4.3125,2.375,2.4375,0.0],"rotation":0,"texture":"#0","tintindex":0},"north":{"uv":[2.60625,0.3375,2.4375,0.0],"rotation":0,"texture":"#0","tintindex":0},"west":{"uv":[2.6375,0.3375,2.4375,0.0],"rotation":0,"texture":"#0","tintindex":0},"up":{"uv":[2.60625,0.2,2.4375,0.0],"rotation":0,"texture":"#0","tintindex":0},"down":{"uv":[4.3125,2.375,2.4375,0.0],"rotation":0,"texture":"#0","tintindex":0}}},{"from":[3.015873,2.5529332,3.9019089],"to":[4.15873,3.9815044,5.6161947],"rotation":{"angle":0.0,"axis":"y","origin":[6.815873,3.6672192,6.444766]},"faces":{"east":{"uv":[0.0,15.714286,0.14285715,16.0],"rotation":0,"texture":"#1","tintindex":0},"south":{"uv":[0.0,15.75,0.5,16.0],"rotation":0,"texture":"#1","tintindex":0},"north":{"uv":[0.0,15.714286,0.5714286,16.0],"rotation":0,"texture":"#1","tintindex":0},"west":{"uv":[0.0,15.714286,0.14285715,16.0],"rotation":0,"texture":"#1","tintindex":0},"up":{"uv":[0.0,15.75,0.5,16.0],"rotation":0,"texture":"#1","tintindex":0},"down":{"uv":[0.0,15.75,0.5,16.0],"rotation":0,"texture":"#1","tintindex":0}}},{"from":[1.9873013,0.057909966,5.2058196],"to":[11.701588,2.2293386,11.091534],"rotation":{"angle":-22.5,"axis":"x","origin":[6.815873,-0.71351814,4.2058196]},"faces":{"east":{"uv":[3.13125,0.2875,2.4375,0.0],"rotation":0,"texture":"#0","tintindex":0},"south":{"uv":[3.13125,0.2875,2.4375,0.0],"rotation":0,"texture":"#0","tintindex":0},"north":{"uv":[3.5,0.2375,2.4375,0.0],"rotation":0,"texture":"#0","tintindex":0},"west":{"uv":[3.08125,0.2375,2.4375,0.0],"rotation":0,"texture":"#0","tintindex":0},"up":{"uv":[3.5,0.64375,2.4375,0.0],"rotation":0,"texture":"#0","tintindex":0},"down":{"uv":[3.13125,0.2875,2.4375,0.0],"rotation":0,"texture":"#0","tintindex":0}}},{"from":[3.015873,-8.46352,1.4796786],"to":[5.1873016,-4.463519,3.8225355],"rotation":{"angle":45.0,"axis":"x","origin":[2.9873013,-4.0349474,2.1368213]},"faces":{"east":{"uv":[2.4375,7.75,3.0625,8.5],"rotation":0,"texture":"#1","tintindex":0},"south":{"uv":[2.4375,7.75,3.0625,8.5],"rotation":0,"texture":"#1","tintindex":0},"north":{"uv":[2.4375,7.75,3.0625,8.5],"rotation":0,"texture":"#1","tintindex":0},"west":{"uv":[2.4375,7.75,3.0625,8.5],"rotation":0,"texture":"#1","tintindex":0},"up":{"uv":[2.4375,7.75,3.0625,8.5],"rotation":0,"texture":"#1","tintindex":0},"down":{"uv":[2.4375,7.75,3.0625,8.5],"rotation":0,"texture":"#1","tintindex":0}}},{"from":[3.9301586,-3.1872187,5.5744247],"to":[9.701588,2.4699254,9.460139],"rotation":{"angle":0.0,"axis":"y","origin":[6.95873,1.3842106,15.345854]},"faces":{"east":{"uv":[2.8625,0.61875,2.4375,0.0],"rotation":0,"texture":"#0","tintindex":0},"south":{"uv":[4.3125,2.375,2.4375,0.0],"rotation":0,"texture":"#0","tintindex":0},"north":{"uv":[4.3125,2.375,2.4375,0.0],"rotation":0,"texture":"#0","tintindex":0},"west":{"uv":[2.8625,0.61875,2.4375,0.0],"rotation":0,"texture":"#0","tintindex":0},"up":{"uv":[4.3125,2.375,2.4375,0.0],"rotation":0,"texture":"#0","tintindex":0},"down":{"uv":[3.06875,0.425,2.4375,0.0],"rotation":0,"texture":"#0","tintindex":0}}},{"from":[2.3301587,0.08161068,4.715146],"to":[11.301587,1.3387537,7.7437177],"rotation":{"angle":0.0,"axis":"y","origin":[6.8444443,1.0816107,6.2865744]},"faces":{"east":{"uv":[2.76875,0.1375,2.4375,0.0],"rotation":0,"texture":"#0","tintindex":0},"south":{"uv":[3.41875,0.1375,2.4375,0.0],"rotation":0,"texture":"#0","tintindex":0},"north":{"uv":[4.3125,2.375,2.4375,0.0],"rotation":0,"texture":"#0","tintindex":0},"west":{"uv":[2.76875,0.1375,2.4375,0.0],"rotation":0,"texture":"#0","tintindex":0},"up":{"uv":[4.3125,2.375,2.4375,0.0],"rotation":0,"texture":"#0","tintindex":0},"down":{"uv":[3.41875,0.33125,2.4375,0.0],"rotation":0,"texture":"#0","tintindex":0}}},{"from":[3.2444444,-8.93527,-3.0390959],"to":[4.9015875,-6.9924135,-0.06766701],"rotation":{"angle":-22.5,"axis":"x","origin":[4.1015873,-7.7638426,-2.067667]},"faces":{"east":{"uv":[2.4375,7.75,3.0625,8.5],"rotation":0,"texture":"#1","tintindex":0},"south":{"uv":[2.4375,7.75,3.0625,8.5],"rotation":0,"texture":"#1","tintindex":0},"north":{"uv":[2.4375,7.75,3.0625,8.5],"rotation":0,"texture":"#1","tintindex":0},"west":{"uv":[2.4375,7.75,3.0625,8.5],"rotation":0,"texture":"#1","tintindex":0},"up":{"uv":[2.4375,7.75,3.0625,8.5],"rotation":0,"texture":"#1","tintindex":0},"down":{"uv":[2.4375,7.75,3.0625,8.5],"rotation":0,"texture":"#1","tintindex":0}}},{"from":[9.530159,2.5529332,3.9019089],"to":[10.673016,3.9815044,5.6161947],"rotation":{"angle":0.0,"axis":"y","origin":[6.815873,3.6672192,6.444766]},"faces":{"east":{"uv":[0.0,15.714286,0.14285715,16.0],"rotation":0,"texture":"#1","tintindex":0},"south":{"uv":[0.0,15.75,0.5,16.0],"rotation":0,"texture":"#1","tintindex":0},"north":{"uv":[0.0,15.714286,0.5714286,16.0],"rotation":0,"texture":"#1","tintindex":0},"west":{"uv":[0.0,15.75,0.5,16.0],"rotation":0,"texture":"#1","tintindex":0},"up":{"uv":[0.0,15.75,0.5,16.0],"rotation":0,"texture":"#1","tintindex":0},"down":{"uv":[0.0,15.75,0.5,16.0],"rotation":0,"texture":"#1","tintindex":0}}},{"from":[6.7511597,-2.3507967,4.691534],"to":[10.865445,0.9634886,7.6058197],"rotation":{"angle":-22.5,"axis":"z","origin":[9.094017,-0.43651104,6.148677]},"faces":{"east":{"uv":[2.75625,0.3625,2.4375,0.0],"rotation":0,"texture":"#0","tintindex":0},"south":{"uv":[2.8875,0.3625,2.4375,0.0],"rotation":0,"texture":"#0","tintindex":0},"north":{"uv":[4.3125,2.375,2.4375,0.0],"rotation":0,"texture":"#0","tintindex":0},"west":{"uv":[4.3125,2.375,2.4375,0.0],"rotation":0,"texture":"#0","tintindex":0},"up":{"uv":[4.3125,2.375,2.4375,0.0],"rotation":0,"texture":"#0","tintindex":0},"down":{"uv":[2.8875,0.31875,2.4375,0.0],"rotation":0,"texture":"#0","tintindex":0}}},{"from":[8.958731,-9.620985,-7.3819532],"to":[9.815873,-8.649557,-4.810525],"rotation":{"angle":0.0,"axis":"y","origin":[9.415873,-7.7638426,-2.067667]},"faces":{"east":{"uv":[2.4375,7.75,3.0625,8.5],"rotation":0,"texture":"#1","tintindex":0},"south":{"uv":[2.4375,7.75,3.0625,8.5],"rotation":0,"texture":"#1","tintindex":0},"north":{"uv":[2.4375,7.75,3.0625,8.5],"rotation":0,"texture":"#1","tintindex":0},"west":{"uv":[2.4375,7.75,3.0625,8.5],"rotation":0,"texture":"#1","tintindex":0},"up":{"uv":[2.4375,7.75,3.0625,8.5],"rotation":0,"texture":"#1","tintindex":0},"down":{"uv":[2.4375,7.75,3.0625,8.5],"rotation":0,"texture":"#1","tintindex":0}}},{"from":[7.5873017,-5.149234,0.9653926],"to":[10.730159,-1.3206615,4.222536],"rotation":{"angle":22.5,"axis":"x","origin":[2.9873013,-4.0349474,2.1368213]},"faces":{"east":{"uv":[2.79375,0.41875,2.4375,0.0],"rotation":0,"texture":"#0","tintindex":0},"south":{"uv":[2.78125,0.41875,2.4375,0.0],"rotation":0,"texture":"#0","tintindex":0},"north":{"uv":[2.78125,0.41875,2.4375,0.0],"rotation":0,"texture":"#0","tintindex":0},"west":{"uv":[4.3125,2.375,2.4375,0.0],"rotation":0,"texture":"#0","tintindex":0},"up":{"uv":[4.3125,2.375,2.4375,0.0],"rotation":0,"texture":"#0","tintindex":0},"down":{"uv":[2.78125,0.35625,2.4375,0.0],"rotation":0,"texture":"#0","tintindex":0}}},{"from":[4.501587,-4.1206627,-1.8917503],"to":[9.015873,1.3650522,1.9939642],"rotation":{"angle":22.5,"axis":"x","origin":[6.815873,-1.2920904,3.1082501]},"faces":{"east":{"uv":[2.8625,0.6,2.4375,0.0],"rotation":0,"texture":"#0","tintindex":0},"south":{"uv":[4.3125,2.375,2.4375,0.0],"rotation":0,"texture":"#0","tintindex":0},"north":{"uv":[2.93125,0.6,2.4375,0.0],"rotation":0,"texture":"#0","tintindex":0},"west":{"uv":[2.8625,0.6,2.4375,0.0],"rotation":0,"texture":"#0","tintindex":0},"up":{"uv":[4.3125,2.375,2.4375,0.0],"rotation":0,"texture":"#0","tintindex":0},"down":{"uv":[4.3125,2.375,2.4375,0.0],"rotation":0,"texture":"#0","tintindex":0}}},{"from":[4.273016,0.095778465,3.042904],"to":[9.415873,6.781493,7.2714753],"rotation":{"angle":-22.5,"axis":"x","origin":[6.8444443,0.43863535,4.528618]},"faces":{"east":{"uv":[2.9,0.73125,2.4375,0.0],"rotation":0,"texture":"#0","tintindex":0},"south":{"uv":[4.3125,2.375,2.4375,0.0],"rotation":0,"texture":"#0","tintindex":0},"north":{"uv":[3.0,0.73125,2.4375,0.0],"rotation":0,"texture":"#0","tintindex":0},"west":{"uv":[2.9,0.73125,2.4375,0.0],"rotation":0,"texture":"#0","tintindex":0},"up":{"uv":[3.0,0.4625,2.4375,0.0],"rotation":0,"texture":"#0","tintindex":0},"down":{"uv":[4.3125,2.375,2.4375,0.0],"rotation":0,"texture":"#0","tintindex":0}}},{"from":[3.1301584,6.0872126,5.020682],"to":[10.615873,9.915784,7.6492534],"rotation":{"angle":-22.5,"axis":"x","origin":[6.873016,9.772927,6.506396]},"faces":{"east":{"uv":[2.85625,0.2875,2.4375,0.0],"rotation":270,"texture":"#0","tintindex":0},"south":{"uv":[3.25625,0.41875,2.4375,0.0],"rotation":0,"texture":"#0","tintindex":0},"north":{"uv":[4.3125,2.375,2.4375,0.0],"rotation":180,"texture":"#0","tintindex":0},"west":{"uv":[2.85625,0.2875,2.4375,0.0],"rotation":90,"texture":"#0","tintindex":0},"up":{"uv":[3.25625,0.2875,2.4375,0.0],"rotation":180,"texture":"#0","tintindex":0},"down":{"uv":[4.3125,2.375,2.4375,0.0],"rotation":0,"texture":"#0","tintindex":0}}},{"from":[3.644444,-9.620985,-7.3819532],"to":[4.501587,-8.649557,-4.810525],"rotation":{"angle":0.0,"axis":"y","origin":[4.1015873,-7.7638426,-2.067667]},"faces":{"east":{"uv":[2.4375,7.75,3.0625,8.5],"rotation":0,"texture":"#1","tintindex":0},"south":{"uv":[2.4375,7.75,3.0625,8.5],"rotation":0,"texture":"#1","tintindex":0},"north":{"uv":[2.4375,7.75,3.0625,8.5],"rotation":0,"texture":"#1","tintindex":0},"west":{"uv":[2.4375,7.75,3.0625,8.5],"rotation":0,"texture":"#1","tintindex":0},"up":{"uv":[2.4375,7.75,3.0625,8.5],"rotation":0,"texture":"#1","tintindex":0},"down":{"uv":[2.4375,7.75,3.0625,8.5],"rotation":0,"texture":"#1","tintindex":0}}},{"from":[2.7663007,-2.7507973,4.748677],"to":[6.8234434,1.0206318,7.6058197],"rotation":{"angle":22.5,"axis":"z","origin":[4.480586,-0.43651104,6.148677]},"faces":{"east":{"uv":[4.3125,2.375,2.4375,0.0],"rotation":0,"texture":"#0","tintindex":0},"south":{"uv":[2.88125,0.4125,2.4375,0.0],"rotation":0,"texture":"#0","tintindex":0},"north":{"uv":[4.3125,2.375,2.4375,0.0],"rotation":0,"texture":"#0","tintindex":0},"west":{"uv":[2.75,0.4125,2.4375,0.0],"rotation":0,"texture":"#0","tintindex":0},"up":{"uv":[4.3125,2.375,2.4375,0.0],"rotation":0,"texture":"#0","tintindex":0},"down":{"uv":[4.3125,2.375,2.4375,0.0],"rotation":0,"texture":"#0","tintindex":0}}},{"from":[7.5873017,-2.3492336,1.7653933],"to":[10.730159,-0.97780514,5.0796785],"rotation":{"angle":0.0,"axis":"y","origin":[2.9873013,-1.1206617,2.9939642]},"faces":{"east":{"uv":[2.8,0.15,2.4375,0.0],"rotation":0,"texture":"#0","tintindex":0},"south":{"uv":[4.3125,2.375,2.4375,0.0],"rotation":0,"texture":"#0","tintindex":0},"north":{"uv":[2.78125,0.15,2.4375,0.0],"rotation":0,"texture":"#0","tintindex":0},"west":{"uv":[4.3125,2.375,2.4375,0.0],"rotation":0,"texture":"#0","tintindex":0},"up":{"uv":[4.3125,2.375,2.4375,0.0],"rotation":0,"texture":"#0","tintindex":0},"down":{"uv":[4.3125,2.375,2.4375,0.0],"rotation":0,"texture":"#0","tintindex":0}}},{"from":[2.7301583,-2.3492336,1.7653933],"to":[5.8730154,-0.97780514,5.0796785],"rotation":{"angle":0.0,"axis":"y","origin":[2.9873013,-1.1206617,2.9939642]},"faces":{"east":{"uv":[4.3125,2.375,2.4375,0.0],"rotation":0,"texture":"#0","tintindex":0},"south":{"uv":[4.3125,2.375,2.4375,0.0],"rotation":0,"texture":"#0","tintindex":0},"north":{"uv":[2.78125,0.15,2.4375,0.0],"rotation":0,"texture":"#0","tintindex":0},"west":{"uv":[2.8,0.15,2.4375,0.0],"rotation":0,"texture":"#0","tintindex":0},"up":{"uv":[4.3125,2.375,2.4375,0.0],"rotation":0,"texture":"#0","tintindex":0},"down":{"uv":[4.3125,2.375,2.4375,0.0],"rotation":0,"texture":"#0","tintindex":0}}},{"from":[3.4730158,-8.649557,-5.6676674],"to":[4.6730156,-7.2209854,-3.096239],"rotation":{"angle":-22.5,"axis":"x","origin":[4.1015873,-7.7638426,-2.067667]},"faces":{"east":{"uv":[2.4375,7.75,3.0625,8.5],"rotation":0,"texture":"#1","tintindex":0},"south":{"uv":[2.4375,7.75,3.0625,8.5],"rotation":0,"texture":"#1","tintindex":0},"north":{"uv":[2.4375,7.75,3.0625,8.5],"rotation":0,"texture":"#1","tintindex":0},"west":{"uv":[2.4375,7.75,3.0625,8.5],"rotation":0,"texture":"#1","tintindex":0},"up":{"uv":[2.4375,7.75,3.0625,8.5],"rotation":0,"texture":"#1","tintindex":0},"down":{"uv":[2.4375,7.75,3.0625,8.5],"rotation":0,"texture":"#1","tintindex":0}}},{"from":[8.787302,-8.649557,-5.6676674],"to":[9.987302,-7.2209854,-3.096239],"rotation":{"angle":-22.5,"axis":"x","origin":[9.415873,-7.7638426,-2.067667]},"faces":{"east":{"uv":[2.4375,7.75,3.0625,8.5],"rotation":0,"texture":"#1","tintindex":0},"south":{"uv":[2.4375,7.75,3.0625,8.5],"rotation":0,"texture":"#1","tintindex":0},"north":{"uv":[2.4375,7.75,3.0625,8.5],"rotation":0,"texture":"#1","tintindex":0},"west":{"uv":[2.4375,7.75,3.0625,8.5],"rotation":0,"texture":"#1","tintindex":0},"up":{"uv":[2.4375,7.75,3.0625,8.5],"rotation":0,"texture":"#1","tintindex":0},"down":{"uv":[2.4375,7.75,3.0625,8.5],"rotation":0,"texture":"#1","tintindex":0}}},{"from":[2.7873015,5.7890863,8.658176],"to":[4.3301587,8.874801,10.486749],"rotation":{"angle":-22.5,"axis":"z","origin":[3.5587301,6.560515,9.601034]},"faces":{"east":{"uv":[2.6375,0.3375,2.4375,0.0],"rotation":0,"texture":"#0","tintindex":0},"south":{"uv":[4.3125,2.375,2.4375,0.0],"rotation":0,"texture":"#0","tintindex":0},"north":{"uv":[2.60625,0.3375,2.4375,0.0],"rotation":0,"texture":"#0","tintindex":0},"west":{"uv":[2.6375,0.3375,2.4375,0.0],"rotation":0,"texture":"#0","tintindex":0},"up":{"uv":[2.60625,0.2,2.4375,0.0],"rotation":0,"texture":"#0","tintindex":0},"down":{"uv":[4.3125,2.375,2.4375,0.0],"rotation":0,"texture":"#0","tintindex":0}}},{"from":[2.7301583,8.838635,7.042904],"to":[11.015873,11.467207,9.042904],"rotation":{"angle":45.0,"axis":"x","origin":[6.8444443,12.838636,3.557189]},"faces":{"east":{"uv":[2.65625,0.2875,2.4375,0.0],"rotation":0,"texture":"#0","tintindex":0},"south":{"uv":[4.3125,2.375,2.4375,0.0],"rotation":0,"texture":"#0","tintindex":0},"north":{"uv":[3.34375,0.2875,2.4375,0.0],"rotation":0,"texture":"#0","tintindex":0},"west":{"uv":[2.65625,0.2875,2.4375,0.0],"rotation":0,"texture":"#0","tintindex":0},"up":{"uv":[3.34375,0.21875,2.4375,0.0],"rotation":0,"texture":"#0","tintindex":0},"down":{"uv":[4.3125,2.375,2.4375,0.0],"rotation":0,"texture":"#0","tintindex":0}}},{"from":[4.787301,-4.0063763,-1.7774639],"to":[8.730159,4.279338,1.9939642],"rotation":{"angle":22.5,"axis":"x","origin":[6.815873,-1.2920904,3.1082501]},"faces":{"east":{"uv":[2.85,0.90625,2.4375,0.0],"rotation":0,"texture":"#0","tintindex":0},"south":{"uv":[4.3125,2.375,2.4375,0.0],"rotation":0,"texture":"#0","tintindex":0},"north":{"uv":[2.86875,0.90625,2.4375,0.0],"rotation":0,"texture":"#0","tintindex":0},"west":{"uv":[2.85,0.90625,2.4375,0.0],"rotation":0,"texture":"#0","tintindex":0},"up":{"uv":[4.3125,2.375,2.4375,0.0],"rotation":0,"texture":"#0","tintindex":0},"down":{"uv":[4.3125,2.375,2.4375,0.0],"rotation":0,"texture":"#0","tintindex":0}}},{"from":[2.7301583,-5.149234,0.9653926],"to":[5.8730154,-1.3206615,4.222536],"rotation":{"angle":22.5,"axis":"x","origin":[2.9873013,-4.0349474,2.1368213]},"faces":{"east":{"uv":[4.3125,2.375,2.4375,0.0],"rotation":0,"texture":"#0","tintindex":0},"south":{"uv":[2.78125,0.41875,2.4375,0.0],"rotation":0,"texture":"#0","tintindex":0},"north":{"uv":[2.78125,0.41875,2.4375,0.0],"rotation":0,"texture":"#0","tintindex":0},"west":{"uv":[2.79375,0.41875,2.4375,0.0],"rotation":0,"texture":"#0","tintindex":0},"up":{"uv":[4.3125,2.375,2.4375,0.0],"rotation":0,"texture":"#0","tintindex":0},"down":{"uv":[2.78125,0.35625,2.4375,0.0],"rotation":0,"texture":"#0","tintindex":0}}},{"from":[4.3873014,-3.9300747,5.402996],"to":[9.187302,-1.9300747,6.545853],"rotation":{"angle":-45.0,"axis":"x","origin":[6.9015875,-4.4443617,6.2315674]},"faces":{"east":{"uv":[2.5625,0.21875,2.4375,0.0],"rotation":0,"texture":"#0","tintindex":0},"south":{"uv":[4.3125,2.375,2.4375,0.0],"rotation":0,"texture":"#0","tintindex":0},"north":{"uv":[2.9625,0.21875,2.4375,0.0],"rotation":0,"texture":"#0","tintindex":0},"west":{"uv":[2.5625,0.21875,2.4375,0.0],"rotation":0,"texture":"#0","tintindex":0},"up":{"uv":[2.9625,0.125,2.4375,0.0],"rotation":0,"texture":"#0","tintindex":0},"down":{"uv":[2.9625,0.125,2.4375,0.0],"rotation":0,"texture":"#0","tintindex":0}}},{"from":[3.644444,-3.8157902,9.460139],"to":[10.1587305,10.298496,14.945853],"rotation":{"angle":0.0,"axis":"y","origin":[6.95873,1.3842106,15.345854]},"faces":{"east":{"uv":[3.0375,1.54375,2.4375,0.0],"rotation":0,"texture":"#0","tintindex":0},"south":{"uv":[4.3125,2.375,2.4375,0.0],"rotation":0,"texture":"#0","tintindex":0},"north":{"uv":[3.15,1.54375,2.4375,0.0],"rotation":0,"texture":"#0","tintindex":0},"west":{"uv":[3.0375,1.54375,2.4375,0.0],"rotation":0,"texture":"#0","tintindex":0},"up":{"uv":[3.15,0.6,2.4375,0.0],"rotation":0,"texture":"#0","tintindex":0},"down":{"uv":[3.15,0.6,2.4375,0.0],"rotation":0,"texture":"#0","tintindex":0}}},{"from":[1.5873013,-2.8635197,1.7653933],"to":[4.8444443,1.7650523,4.736821],"rotation":{"angle":-22.5,"axis":"z","origin":[6.873016,-4.8349485,3.0511074]},"faces":{"east":{"uv":[4.3125,2.375,2.4375,0.0],"rotation":0,"texture":"#0","tintindex":0},"south":{"uv":[4.3125,2.375,2.4375,0.0],"rotation":0,"texture":"#0","tintindex":0},"north":{"uv":[2.79375,0.50625,2.4375,0.0],"rotation":0,"texture":"#0","tintindex":0},"west":{"uv":[2.7625,0.50625,2.4375,0.0],"rotation":0,"texture":"#0","tintindex":0},"up":{"uv":[4.3125,2.375,2.4375,0.0],"rotation":0,"texture":"#0","tintindex":0},"down":{"uv":[4.3125,2.375,2.4375,0.0],"rotation":0,"texture":"#0","tintindex":0}}},{"from":[2.7301583,4.32435,5.7286177],"to":[11.015873,9.124351,11.328618],"rotation":{"angle":22.5,"axis":"x","origin":[5.2444444,9.638636,3.557189]},"faces":{"east":{"uv":[3.05,0.525,2.4375,0.0],"rotation":0,"texture":"#0","tintindex":0},"south":{"uv":[4.3125,2.375,2.4375,0.0],"rotation":0,"texture":"#0","tintindex":0},"north":{"uv":[3.34375,0.525,2.4375,0.0],"rotation":0,"texture":"#0","tintindex":0},"west":{"uv":[3.05,0.525,2.4375,0.0],"rotation":0,"texture":"#0","tintindex":0},"up":{"uv":[4.3125,2.375,2.4375,0.0],"rotation":0,"texture":"#0","tintindex":0},"down":{"uv":[3.34375,0.6125,2.4375,0.0],"rotation":0,"texture":"#0","tintindex":0}}},{"from":[2.3301587,5.867207,4.7571898],"to":[11.301587,8.095778,10.128618],"rotation":{"angle":45.0,"axis":"x","origin":[6.8444443,9.638636,3.557189]},"faces":{"east":{"uv":[3.025,0.24375,2.4375,0.0],"rotation":0,"texture":"#0","tintindex":0},"south":{"uv":[4.3125,2.375,2.4375,0.0],"rotation":0,"texture":"#0","tintindex":0},"north":{"uv":[3.41875,0.24375,2.4375,0.0],"rotation":0,"texture":"#0","tintindex":0},"west":{"uv":[3.025,0.24375,2.4375,0.0],"rotation":0,"texture":"#0","tintindex":0},"up":{"uv":[4.3125,2.375,2.4375,0.0],"rotation":0,"texture":"#0","tintindex":0},"down":{"uv":[3.41875,0.5875,2.4375,0.0],"rotation":0,"texture":"#0","tintindex":0}}}],"display":{"head":{"translation":[0.0,-6.4,0.0],"scale":[4.0,4.0,4.0]}}}