{"textures":{},"elements":[{"from":[5.714286,-0.2857151,5.428571],"to":[10.285714,10.571428,10.571428],"rotation":{"angle":0.0,"axis":"y","origin":[1.7142854,-18.000002,15.714286]},"faces":{"east":{"uv":[0.0,0.0,4.5,9.5],"rotation":0,"texture":"#missing","tintindex":0},"south":{"uv":[0.0,0.0,4.0,9.5],"rotation":0,"texture":"#missing","tintindex":0},"north":{"uv":[0.0,0.0,4.0,9.5],"rotation":0,"texture":"#missing","tintindex":0},"west":{"uv":[0.0,0.0,4.5,9.5],"rotation":0,"texture":"#missing","tintindex":0},"up":{"uv":[0.0,0.0,4.0,4.5],"rotation":0,"texture":"#missing","tintindex":0},"down":{"uv":[0.0,0.0,4.0,4.5],"rotation":0,"texture":"#missing","tintindex":0}}}],"display":{"head":{"translation":[0.0,-6.4,0.0],"scale":[4.0,4.0,4.0]}}}