{"textures":{},"elements":[{"from":[4.8571424,4.8571424,9.428572],"to":[6.5714283,11.714286,11.714286],"rotation":{"angle":22.5,"axis":"x","origin":[8.0,8.0,8.0]},"faces":{"east":{"uv":[2.0,0.0,4.0,6.0],"rotation":0,"texture":"#missing","tintindex":0},"south":{"uv":[1.5,0.0,3.0,6.0],"rotation":0,"texture":"#missing","tintindex":0},"north":{"uv":[1.5,0.0,3.0,6.0],"rotation":0,"texture":"#missing","tintindex":0},"west":{"uv":[2.0,0.0,4.0,6.0],"rotation":0,"texture":"#missing","tintindex":0},"up":{"uv":[1.5,0.0,3.0,2.0],"rotation":0,"texture":"#missing","tintindex":0},"down":{"uv":[1.5,0.0,3.0,2.0],"rotation":0,"texture":"#missing","tintindex":0}}},{"from":[4.8571424,1.4285712,-2.5714293],"to":[6.5714283,2.5714283,6.0],"rotation":{"angle":0.0,"axis":"y","origin":[8.0,8.0,8.0]},"faces":{"east":{"uv":[7.5,0.0,15.0,1.0],"rotation":0,"texture":"#missing","tintindex":0},"south":{"uv":[1.5,0.0,3.0,1.0],"rotation":0,"texture":"#missing","tintindex":0},"north":{"uv":[1.5,0.0,3.0,1.0],"rotation":0,"texture":"#missing","tintindex":0},"west":{"uv":[7.5,0.0,15.0,1.0],"rotation":0,"texture":"#missing","tintindex":0},"up":{"uv":[1.5,0.0,3.0,7.5],"rotation":0,"texture":"#missing","tintindex":0},"down":{"uv":[1.5,0.0,3.0,7.5],"rotation":0,"texture":"#missing","tintindex":0}}},{"from":[6.5714283,6.5714283,6.5714283],"to":[7.714286,7.714286,11.142858],"rotation":{"angle":-22.5,"axis":"y","origin":[8.0,8.0,8.0]},"faces":{"east":{"uv":[4.0,0.0,8.0,1.0],"rotation":0,"texture":"#missing","tintindex":0},"south":{"uv":[1.0,0.0,2.0,1.0],"rotation":0,"texture":"#missing","tintindex":0},"north":{"uv":[1.0,0.0,2.0,1.0],"rotation":0,"texture":"#missing","tintindex":0},"west":{"uv":[4.0,0.0,8.0,1.0],"rotation":0,"texture":"#missing","tintindex":0},"up":{"uv":[1.0,0.0,2.0,4.0],"rotation":0,"texture":"#missing","tintindex":0},"down":{"uv":[1.0,0.0,2.0,4.0],"rotation":0,"texture":"#missing","tintindex":0}}},{"from":[-2.5714293,0.85714245,9.428572],"to":[-0.8571434,8.857143,11.142858],"rotation":{"angle":45.0,"axis":"x","origin":[-4.000001,8.0,8.0]},"faces":{"east":{"uv":[0.0,0.0,1.5,7.0],"rotation":0,"texture":"#missing","tintindex":0},"south":{"uv":[0.0,0.0,1.5,7.0],"rotation":0,"texture":"#missing","tintindex":0},"north":{"uv":[0.0,0.0,1.5,7.0],"rotation":0,"texture":"#missing","tintindex":0},"west":{"uv":[0.0,0.0,1.5,7.0],"rotation":0,"texture":"#missing","tintindex":0},"up":{"uv":[0.0,0.0,1.5,1.5],"rotation":0,"texture":"#missing","tintindex":0},"down":{"uv":[0.0,0.0,1.5,1.5],"rotation":0,"texture":"#missing","tintindex":0}}},{"from":[-2.5714293,4.8571424,9.428572],"to":[-0.8571434,11.714286,11.714286],"rotation":{"angle":22.5,"axis":"x","origin":[-4.000001,8.0,8.0]},"faces":{"east":{"uv":[0.0,0.0,2.0,6.0],"rotation":0,"texture":"#missing","tintindex":0},"south":{"uv":[0.0,0.0,1.5,6.0],"rotation":0,"texture":"#missing","tintindex":0},"north":{"uv":[0.0,0.0,1.5,6.0],"rotation":0,"texture":"#missing","tintindex":0},"west":{"uv":[0.0,0.0,2.0,6.0],"rotation":0,"texture":"#missing","tintindex":0},"up":{"uv":[0.0,0.0,1.5,2.0],"rotation":0,"texture":"#missing","tintindex":0},"down":{"uv":[0.0,0.0,1.5,2.0],"rotation":0,"texture":"#missing","tintindex":0}}},{"from":[-2.0,3.142857,1.4285712],"to":[-0.8571434,4.285714,8.285714],"rotation":{"angle":22.5,"axis":"y","origin":[-4.000001,8.0,8.0]},"faces":{"east":{"uv":[0.0,0.0,6.0,1.0],"rotation":0,"texture":"#missing","tintindex":0},"south":{"uv":[0.0,0.0,1.0,1.0],"rotation":0,"texture":"#missing","tintindex":0},"north":{"uv":[0.0,0.0,1.0,1.0],"rotation":0,"texture":"#missing","tintindex":0},"west":{"uv":[0.0,0.0,6.0,1.0],"rotation":0,"texture":"#missing","tintindex":0},"up":{"uv":[0.0,0.0,1.0,6.0],"rotation":0,"texture":"#missing","tintindex":0},"down":{"uv":[0.0,0.0,1.0,6.0],"rotation":0,"texture":"#missing","tintindex":0}}},{"from":[-3.7142859,6.5714283,6.5714283],"to":[-2.5714293,7.714286,11.142858],"rotation":{"angle":22.5,"axis":"y","origin":[-4.000001,8.0,8.0]},"faces":{"east":{"uv":[0.0,0.0,4.0,1.0],"rotation":0,"texture":"#missing","tintindex":0},"south":{"uv":[0.0,0.0,1.0,1.0],"rotation":0,"texture":"#missing","tintindex":0},"north":{"uv":[0.0,0.0,1.0,1.0],"rotation":0,"texture":"#missing","tintindex":0},"west":{"uv":[0.0,0.0,4.0,1.0],"rotation":0,"texture":"#missing","tintindex":0},"up":{"uv":[0.0,0.0,1.0,4.0],"rotation":0,"texture":"#missing","tintindex":0},"down":{"uv":[0.0,0.0,1.0,4.0],"rotation":0,"texture":"#missing","tintindex":0}}},{"from":[-2.5714293,1.4285712,-2.5714293],"to":[-0.8571434,2.5714283,6.0],"rotation":{"angle":0.0,"axis":"y","origin":[-4.000001,8.0,8.0]},"faces":{"east":{"uv":[0.0,0.0,7.5,1.0],"rotation":0,"texture":"#missing","tintindex":0},"south":{"uv":[0.0,0.0,1.5,1.0],"rotation":0,"texture":"#missing","tintindex":0},"north":{"uv":[0.0,0.0,1.5,1.0],"rotation":0,"texture":"#missing","tintindex":0},"west":{"uv":[0.0,0.0,7.5,1.0],"rotation":0,"texture":"#missing","tintindex":0},"up":{"uv":[0.0,0.0,1.5,7.5],"rotation":0,"texture":"#missing","tintindex":0},"down":{"uv":[0.0,0.0,1.5,7.5],"rotation":0,"texture":"#missing","tintindex":0}}},{"from":[4.8571424,0.85714245,9.428572],"to":[6.5714283,8.857143,11.142858],"rotation":{"angle":45.0,"axis":"x","origin":[8.0,8.0,8.0]},"faces":{"east":{"uv":[1.5,0.0,3.0,7.0],"rotation":0,"texture":"#missing","tintindex":0},"south":{"uv":[1.5,0.0,3.0,7.0],"rotation":0,"texture":"#missing","tintindex":0},"north":{"uv":[1.5,0.0,3.0,7.0],"rotation":0,"texture":"#missing","tintindex":0},"west":{"uv":[1.5,0.0,3.0,7.0],"rotation":0,"texture":"#missing","tintindex":0},"up":{"uv":[1.5,0.0,3.0,1.5],"rotation":0,"texture":"#missing","tintindex":0},"down":{"uv":[1.5,0.0,3.0,1.5],"rotation":0,"texture":"#missing","tintindex":0}}},{"from":[4.8571424,3.142857,1.4285712],"to":[6.0,4.285714,8.285714],"rotation":{"angle":-22.5,"axis":"y","origin":[8.0,8.0,8.0]},"faces":{"east":{"uv":[6.0,0.0,12.0,1.0],"rotation":0,"texture":"#missing","tintindex":0},"south":{"uv":[1.0,0.0,2.0,1.0],"rotation":0,"texture":"#missing","tintindex":0},"north":{"uv":[1.0,0.0,2.0,1.0],"rotation":0,"texture":"#missing","tintindex":0},"west":{"uv":[6.0,0.0,12.0,1.0],"rotation":0,"texture":"#missing","tintindex":0},"up":{"uv":[1.0,0.0,2.0,6.0],"rotation":0,"texture":"#missing","tintindex":0},"down":{"uv":[1.0,0.0,2.0,6.0],"rotation":0,"texture":"#missing","tintindex":0}}}],"display":{"head":{"translation":[0.0,-6.4,0.0],"scale":[4.0,4.0,4.0]}}}