{
	"credit": "Made by Larkyy",
	"textures": {
		"0": "fraggle:hats/halo_hat",
		"particle": "fraggle:hats/halo_hat"
	},
	"elements": [
		{
			"from": [3.9, -0.1, 3.9],
			"to": [12.1, 1.1, 5.1],
			"faces": {
				"north": {"uv": [0, 5, 8, 6], "texture": "#0"},
				"east": {"uv": [9, 1, 10, 2], "texture": "#0"},
				"south": {"uv": [0, 1, 8, 2], "texture": "#0"},
				"west": {"uv": [2, 9, 3, 10], "texture": "#0"},
				"up": {"uv": [8, 3, 0, 2], "texture": "#0"},
				"down": {"uv": [8, 3, 0, 4], "texture": "#0"}
			}
		},
		{
			"from": [3.9, -0.1, 10.9],
			"to": [12.1, 1.1, 12.1],
			"faces": {
				"north": {"uv": [0, 1, 8, 2], "texture": "#0"},
				"east": {"uv": [9, 2, 10, 3], "texture": "#0"},
				"south": {"uv": [0, 5, 8, 6], "texture": "#0"},
				"west": {"uv": [3, 9, 4, 10], "texture": "#0"},
				"up": {"uv": [8, 3, 0, 2], "texture": "#0"},
				"down": {"uv": [8, 3, 0, 4], "texture": "#0"}
			}
		},
		{
			"from": [3.901, -0.099, 4.901],
			"to": [5.099, 1.099, 11.099],
			"faces": {
				"north": {"uv": [9, 3, 10, 4], "texture": "#0"},
				"east": {"uv": [8, 7, 14, 8], "texture": "#0"},
				"south": {"uv": [4, 9, 5, 10], "texture": "#0"},
				"west": {"uv": [7, 8, 13, 9], "texture": "#0"},
				"up": {"uv": [1, 15, 0, 9], "texture": "#0"},
				"down": {"uv": [2, 9, 1, 15], "texture": "#0"}
			}
		},
		{
			"from": [10.901, -0.099, 4.901],
			"to": [12.099, 1.099, 11.099],
			"faces": {
				"north": {"uv": [9, 4, 10, 5], "texture": "#0"},
				"east": {"uv": [7, 8, 13, 9], "texture": "#0"},
				"south": {"uv": [5, 9, 6, 10], "texture": "#0"},
				"west": {"uv": [8, 7, 14, 8], "texture": "#0"},
				"up": {"uv": [1, 15, 0, 9], "texture": "#0"},
				"down": {"uv": [2, 9, 1, 15], "texture": "#0"}
			}
		}
	],
	"display": {
		"head": {
			"translation": [0, 19, 0],
			"scale": [1.26, 1.26, 1.26]
		}
	}
}