{
	"credit": "Made by Larkyy",
	"texture_size": [64, 64],
	"textures": {
		"0": "fraggle:hats/sombrero_hat",
		"particle": "fraggle:hats/sombrero_hat"
	},
	"elements": [
		{
			"from": [1.5, 0, 1.5],
			"to": [14.5, 1.5, 14.5],
			"faces": {
				"north": {"uv": [5.25, 0, 8.5, 0.5], "texture": "#0"},
				"east": {"uv": [5.25, 0.5, 8.5, 1], "texture": "#0"},
				"south": {"uv": [5.25, 1, 8.5, 1.5], "texture": "#0"},
				"west": {"uv": [5.25, 1.5, 8.5, 2], "texture": "#0"},
				"up": {"uv": [3.25, 3.25, 0, 0], "texture": "#0"},
				"down": {"uv": [3.25, 3.25, 0, 6.5], "texture": "#0"}
			}
		},
		{
			"from": [4, 1.5, 4],
			"to": [12, 4.5, 12],
			"faces": {
				"north": {"uv": [0, 6.5, 2, 7.25], "texture": "#0"},
				"east": {"uv": [0, 6.5, 2, 7.25], "texture": "#0"},
				"south": {"uv": [0, 6.5, 2, 7.25], "texture": "#0"},
				"west": {"uv": [0, 6.5, 2, 7.25], "texture": "#0"},
				"up": {"uv": [5.25, 2, 3.25, 0], "texture": "#0"},
				"down": {"uv": [5.25, 2, 3.25, 4], "texture": "#0"}
			}
		},
		{
			"from": [5, 4.5, 5],
			"to": [11, 6.5, 11],
			"faces": {
				"north": {"uv": [4.25, 7.25, 5.75, 7.75], "texture": "#0"},
				"east": {"uv": [4.25, 7.25, 5.75, 7.75], "texture": "#0"},
				"south": {"uv": [4.25, 7.25, 5.75, 7.75], "texture": "#0"},
				"west": {"uv": [4.25, 7.25, 5.75, 7.75], "texture": "#0"},
				"up": {"uv": [4.75, 5.5, 3.25, 4], "texture": "#0"},
				"down": {"uv": [6.25, 4, 4.75, 5.5], "texture": "#0"}
			}
		},
		{
			"from": [6, 6.5, 6],
			"to": [10, 7.5, 10],
			"faces": {
				"north": {"uv": [7.5, 6.25, 8.5, 6.5], "texture": "#0"},
				"east": {"uv": [7.5, 6.25, 8.5, 6.5], "texture": "#0"},
				"south": {"uv": [7.5, 6.25, 8.5, 6.5], "texture": "#0"},
				"west": {"uv": [7.5, 6.25, 8.5, 6.5], "texture": "#0"},
				"up": {"uv": [7.5, 6.75, 6.5, 5.75], "texture": "#0"},
				"down": {"uv": [7, 6.75, 6, 7.75], "texture": "#0"}
			}
		},
		{
			"from": [1.5, 2.48744, 1.99478],
			"to": [14.5, 4.73744, 2.99478],
			"rotation": {"angle": -22.5, "axis": "x", "origin": [8, 0, 8]},
			"faces": {
				"north": {"uv": [5.25, 2, 8.5, 2.5], "texture": "#0"},
				"east": {"uv": [5.25, 7.75, 5.5, 8.25], "texture": "#0"},
				"south": {"uv": [5.25, 3.5, 8.5, 4], "texture": "#0"},
				"west": {"uv": [5.25, 7.75, 5.5, 8.25], "texture": "#0"},
				"up": {"uv": [7, 7.25, 10.25, 7.5], "texture": "#0"},
				"down": {"uv": [10.25, 7, 7, 7.25], "texture": "#0"}
			}
		},
		{
			"from": [13.00522, 2.48744, 1.5],
			"to": [14.00522, 4.73744, 14.5],
			"rotation": {"angle": -22.5, "axis": "z", "origin": [8, 0, 8]},
			"faces": {
				"north": {"uv": [5.25, 7.75, 5.5, 8.25], "texture": "#0"},
				"east": {"uv": [5.25, 2, 8.5, 2.5], "texture": "#0"},
				"south": {"uv": [5.25, 7.75, 5.5, 8.25], "texture": "#0"},
				"west": {"uv": [5.25, 3.5, 8.5, 4], "texture": "#0"},
				"up": {"uv": [4, 10.5, 3.75, 7.25], "texture": "#0"},
				"down": {"uv": [0.5, 7.25, 0.25, 10.5], "texture": "#0"}
			}
		},
		{
			"from": [1.5, 2.48744, 13.00522],
			"to": [14.5, 4.73744, 14.00522],
			"rotation": {"angle": 22.5, "axis": "x", "origin": [8, 0, 8]},
			"faces": {
				"north": {"uv": [5.25, 3.5, 8.5, 4], "texture": "#0"},
				"east": {"uv": [5.25, 7.75, 5.5, 8.25], "texture": "#0"},
				"south": {"uv": [5.25, 2, 8.5, 2.5], "texture": "#0"},
				"west": {"uv": [5.25, 7.75, 5.5, 8.25], "texture": "#0"},
				"up": {"uv": [7, 7.25, 10.25, 7.5], "texture": "#0"},
				"down": {"uv": [10.25, 7.25, 7, 7.5], "texture": "#0"}
			}
		},
		{
			"from": [1.99478, 2.48744, 1.5],
			"to": [2.99478, 4.73744, 14.5],
			"rotation": {"angle": 22.5, "axis": "z", "origin": [8, 0, 8]},
			"faces": {
				"north": {"uv": [5.25, 7.75, 5.5, 8.25], "texture": "#0"},
				"east": {"uv": [5.25, 3.5, 8.5, 4], "texture": "#0"},
				"south": {"uv": [5.25, 7.75, 5.5, 8.25], "texture": "#0"},
				"west": {"uv": [5.25, 2, 8.5, 2.5], "texture": "#0"},
				"up": {"uv": [4, 10.5, 3.75, 7.25], "texture": "#0"},
				"down": {"uv": [4.25, 7.25, 4, 10.5], "texture": "#0"}
			}
		}
	],
	"display": {
		"head": {
			"translation": [0, 17.5, 0],
			"scale": [1.38, 1.38, 1.38]
		}
	}
}