{
	"credit": "Made with Blockbench",
	"texture_size": [64, 64],
	"textures": {
		"0": "fraggle:hats/summer/409",
		"particle": "fraggle:hats/summer/409"
	},
	"elements": [
		{
			"from": [-6, 0, -6],
			"to": [22, 0, 22],
			"faces": {
				"north": {"uv": [7.775, 12.775, 14.725, 12.775], "texture": "#0"},
				"east": {"uv": [7.775, 12.775, 14.725, 12.775], "texture": "#0"},
				"south": {"uv": [7.775, 12.775, 14.725, 12.775], "texture": "#0"},
				"west": {"uv": [7.775, 12.775, 14.725, 12.775], "texture": "#0"},
				"up": {"uv": [6.975, 6.975, 0.025, 0.025], "texture": "#0"},
				"down": {"uv": [6.975, 13.975, 0.025, 7.025], "texture": "#0"}
			}
		},
		{
			"from": [0, 0, 0],
			"to": [16, 6, 16],
			"faces": {
				"north": {"uv": [7.025, 8.275, 10.975, 9.725], "texture": "#0"},
				"east": {"uv": [7.025, 9.775, 10.975, 11.225], "texture": "#0"},
				"south": {"uv": [11.025, 4.275, 14.975, 5.725], "texture": "#0"},
				"west": {"uv": [11.025, 5.775, 14.975, 7.225], "texture": "#0"},
				"up": {"uv": [10.975, 8.225, 7.025, 4.275], "texture": "#0"}
			}
		},
		{
			"from": [-0.5, 0.05, -0.5],
			"to": [16.5, 2.05, 16.5],
			"rotation": {"angle": 0, "axis": "y", "origin": [0, -0.2, 0]},
			"faces": {
				"north": {"uv": [11.025, 7.275, 15.225, 7.725], "texture": "#0"},
				"east": {"uv": [11.025, 7.775, 15.225, 8.225], "texture": "#0"},
				"south": {"uv": [11.025, 8.275, 15.225, 8.725], "texture": "#0"},
				"west": {"uv": [11.025, 8.775, 15.225, 9.225], "texture": "#0"},
				"up": {"uv": [11.225, 4.225, 7.025, 0.025], "texture": "#0"}
			}
		},
		{
			"from": [3, 0.1, 16.5],
			"to": [7, 4.1, 17.5],
			"rotation": {"angle": 0, "axis": "x", "origin": [8.5, 2, 16.5]},
			"faces": {
				"north": {"uv": [11.275, 2.525, 12.225, 3.475], "texture": "#0"},
				"east": {"uv": [8.025, 11.275, 8.225, 12.225], "texture": "#0"},
				"south": {"uv": [7.025, 11.275, 7.975, 12.225], "texture": "#0"},
				"west": {"uv": [8.275, 11.275, 8.475, 12.225], "texture": "#0"},
				"up": {"uv": [12.225, 3.725, 11.275, 3.525], "texture": "#0"},
				"down": {"uv": [12.225, 3.775, 11.275, 3.975], "texture": "#0"}
			}
		},
		{
			"from": [7, 0.35, 16],
			"to": [9, 2.35, 18],
			"rotation": {"angle": 0, "axis": "x", "origin": [5.5, 2.25, 16]},
			"faces": {
				"north": {"uv": [8.525, 11.275, 8.975, 11.725], "texture": "#0"},
				"east": {"uv": [9.025, 11.275, 9.475, 11.725], "texture": "#0"},
				"south": {"uv": [9.525, 11.275, 9.975, 11.725], "texture": "#0"},
				"west": {"uv": [10.025, 11.275, 10.475, 11.725], "texture": "#0"},
				"up": {"uv": [10.975, 11.725, 10.525, 11.275], "texture": "#0"},
				"down": {"uv": [8.975, 11.775, 8.525, 12.225], "texture": "#0"}
			}
		},
		{
			"from": [4, 0.1, 16.5],
			"to": [7, 0.1, 26.5],
			"rotation": {"angle": -22.5, "axis": "y", "origin": [6, 0.1, 20.5]},
			"faces": {
				"north": {"uv": [0.025, 0.025, 0.725, 0.025], "texture": "#0"},
				"east": {"uv": [0.025, 0.025, 2.475, 0.025], "texture": "#0"},
				"south": {"uv": [0.025, 0.025, 0.725, 0.025], "texture": "#0"},
				"west": {"uv": [0.025, 0.025, 2.475, 0.025], "texture": "#0"},
				"up": {"uv": [11.725, 11.725, 11.025, 9.275], "texture": "#0"},
				"down": {"uv": [11.975, 0.025, 11.275, 2.475], "texture": "#0"}
			}
		},
		{
			"from": [9, 0.1, 16.5],
			"to": [12, 0.1, 26.5],
			"rotation": {"angle": 22.5, "axis": "y", "origin": [10, 0.1, 20.5]},
			"faces": {
				"north": {"uv": [7.775, 12.775, 14.725, 12.775], "texture": "#0"},
				"east": {"uv": [7.775, 12.775, 14.725, 12.775], "texture": "#0"},
				"south": {"uv": [7.775, 12.775, 14.725, 12.775], "texture": "#0"},
				"west": {"uv": [7.775, 12.775, 14.725, 12.775], "texture": "#0"},
				"up": {"uv": [11.025, 11.725, 11.725, 9.275], "texture": "#0"},
				"down": {"uv": [11.275, 0.025, 11.975, 2.475], "texture": "#0"}
			}
		},
		{
			"from": [9, 0.1, 16.5],
			"to": [13, 4.1, 17.5],
			"rotation": {"angle": 0, "axis": "x", "origin": [7.5, 2, 16.5]},
			"faces": {
				"north": {"uv": [12.225, 2.525, 11.275, 3.475], "texture": "#0"},
				"east": {"uv": [8.475, 11.275, 8.275, 12.225], "texture": "#0"},
				"south": {"uv": [7.975, 11.275, 7.025, 12.225], "texture": "#0"},
				"west": {"uv": [8.225, 11.275, 8.025, 12.225], "texture": "#0"},
				"up": {"uv": [11.275, 3.725, 12.225, 3.525], "texture": "#0"},
				"down": {"uv": [11.275, 3.775, 12.225, 3.975], "texture": "#0"}
			}
		}
	],
	"display": {
		"thirdperson_righthand": {
			"translation": [0, 4, 0],
			"scale": [0.4, 0.4, 0.4]
		},
		"thirdperson_lefthand": {
			"translation": [0, 4.25, 0],
			"scale": [0.4, 0.4, 0.4]
		},
		"firstperson_righthand": {
			"rotation": [8, 0, 0],
			"translation": [4.5, 5, -7.25],
			"scale": [0.5, 0.5, 0.5]
		},
		"firstperson_lefthand": {
			"rotation": [8, 0, 0],
			"translation": [4.5, 5, -7.25],
			"scale": [0.5, 0.5, 0.5]
		},
		"ground": {
			"translation": [0, 3.5, 0],
			"scale": [0.4, 0.4, 0.4]
		},
		"gui": {
			"rotation": [30, -132, 0],
			"translation": [0.25, 2.5, 0],
			"scale": [0.5, 0.5, 0.5]
		},
		"head": {
			"rotation": [5, 0, 0],
			"translation": [0, 10, 0.75]
		},
		"fixed": {
			"rotation": [-88, -180, 0],
			"translation": [0, 0.25, -10]
		}
	}
}