{
	"credit": "Made with Blockbench",
	"texture_size": [32, 32],
	"textures": {
		"1": "fraggle:hats/summer/412"
	},
	"elements": [
		{
			"from": [0, 5, 0],
			"to": [6, 6, 2],
			"rotation": {"angle": 0, "axis": "y", "origin": [5, 5, 0]},
			"faces": {
				"north": {"uv": [1.5, 9.5, 4.5, 10], "texture": "#1"},
				"east": {"uv": [10.5, 1, 11.5, 1.5], "texture": "#1"},
				"south": {"uv": [9.5, 6.5, 12.5, 7], "texture": "#1"},
				"west": {"uv": [1.5, 10.5, 2.5, 11], "texture": "#1"},
				"up": {"uv": [9, 6.5, 6, 5.5], "texture": "#1"},
				"down": {"uv": [3, 6.5, 0, 7.5], "texture": "#1"}
			}
		},
		{
			"from": [10, 5, 0],
			"to": [16, 6, 2],
			"rotation": {"angle": 0, "axis": "y", "origin": [15, 5, 0]},
			"faces": {
				"north": {"uv": [9, 5.5, 12, 6], "texture": "#1"},
				"east": {"uv": [7, 2, 8, 2.5], "texture": "#1"},
				"south": {"uv": [9, 6, 12, 6.5], "texture": "#1"},
				"west": {"uv": [10.5, 0.5, 11.5, 1], "texture": "#1"},
				"up": {"uv": [3, 6.5, 0, 5.5], "texture": "#1"},
				"down": {"uv": [6, 5.5, 3, 6.5], "texture": "#1"}
			}
		},
		{
			"from": [7.0883, 6.20607, 0],
			"to": [10.9117, 7.20104, 2],
			"rotation": {"angle": -45, "axis": "z", "origin": [9, 6.70355, 1]},
			"faces": {
				"north": {"uv": [1.5, 10, 3.5, 10.5], "texture": "#1"},
				"east": {"uv": [8, 10.5, 9, 11], "texture": "#1"},
				"south": {"uv": [10, 2.5, 12, 3], "texture": "#1"},
				"west": {"uv": [9, 10.5, 10, 11], "texture": "#1"},
				"up": {"uv": [9, 1, 7, 0], "texture": "#1"},
				"down": {"uv": [9, 1, 7, 2], "texture": "#1"}
			}
		},
		{
			"from": [5.23401, 5.85429, 0],
			"to": [8.06244, 6.84926, 2],
			"rotation": {"angle": 45, "axis": "z", "origin": [6.64822, 6.35178, 1]},
			"faces": {
				"north": {"uv": [10, 10, 11.5, 10.5], "texture": "#1"},
				"east": {"uv": [10, 10.5, 11, 11], "texture": "#1"},
				"south": {"uv": [10.5, 0, 12, 0.5], "texture": "#1"},
				"west": {"uv": [1.5, 11, 2.5, 11.5], "texture": "#1"},
				"up": {"uv": [6, 10.5, 4.5, 9.5], "texture": "#1"},
				"down": {"uv": [11, 7, 9.5, 8], "texture": "#1"}
			}
		},
		{
			"from": [0, 6, 0],
			"to": [1, 11, 2],
			"rotation": {"angle": 0, "axis": "y", "origin": [5, 6, 0]},
			"faces": {
				"north": {"uv": [6, 9, 6.5, 11.5], "texture": "#1"},
				"east": {"uv": [3, 6.5, 4, 9], "texture": "#1"},
				"south": {"uv": [6.5, 9, 7, 11.5], "texture": "#1"},
				"west": {"uv": [4, 6.5, 5, 9], "texture": "#1"},
				"up": {"uv": [3, 8.5, 2.5, 7.5], "texture": "#1"},
				"down": {"uv": [11, 1.5, 10.5, 2.5], "texture": "#1"}
			}
		},
		{
			"from": [15, 6, 0],
			"to": [16, 11, 2],
			"rotation": {"angle": 0, "axis": "y", "origin": [20, 6, 0]},
			"faces": {
				"north": {"uv": [9.5, 8, 10, 10.5], "texture": "#1"},
				"east": {"uv": [5, 6.5, 6, 9], "texture": "#1"},
				"south": {"uv": [10, 0, 10.5, 2.5], "texture": "#1"},
				"west": {"uv": [6, 6.5, 7, 9], "texture": "#1"},
				"up": {"uv": [6, 11.5, 5.5, 10.5], "texture": "#1"},
				"down": {"uv": [8, 10.5, 7.5, 11.5], "texture": "#1"}
			}
		},
		{
			"from": [1, 6, 0.5],
			"to": [15, 11, 0.5],
			"rotation": {"angle": 0, "axis": "y", "origin": [19, 6, 0.5]},
			"faces": {
				"north": {"uv": [0, 0, 7, 2.5], "texture": "#1"},
				"east": {"uv": [0, 0, 0, 2.5], "texture": "#1"},
				"south": {"uv": [7, 0, 0, 2.5], "texture": "#1"},
				"west": {"uv": [0, 0, 0, 2.5], "texture": "#1"},
				"up": {"uv": [7, 0, 0, 0], "texture": "#1"},
				"down": {"uv": [7, 0, 0, 0], "texture": "#1"}
			}
		},
		{
			"from": [0, 11, 0],
			"to": [16, 12, 2],
			"rotation": {"angle": 0, "axis": "y", "origin": [5, 11, 0]},
			"faces": {
				"north": {"uv": [0, 4.5, 8, 5], "texture": "#1"},
				"east": {"uv": [2.5, 10.5, 3.5, 11], "texture": "#1"},
				"south": {"uv": [0, 5, 8, 5.5], "texture": "#1"},
				"west": {"uv": [4.5, 10.5, 5.5, 11], "texture": "#1"},
				"up": {"uv": [8, 3.5, 0, 2.5], "texture": "#1"},
				"down": {"uv": [8, 3.5, 0, 4.5], "texture": "#1"}
			}
		},
		{
			"from": [7, 4.5, 0],
			"to": [9, 5.5, 1],
			"rotation": {"angle": 0, "axis": "y", "origin": [5, 3.5, -1]},
			"faces": {
				"north": {"uv": [11, 1.5, 12, 2], "texture": "#1"},
				"east": {"uv": [2.5, 8.5, 3, 9], "texture": "#1"},
				"south": {"uv": [11, 2, 12, 2.5], "texture": "#1"},
				"west": {"uv": [3.5, 11, 4, 11.5], "texture": "#1"},
				"up": {"uv": [3.5, 11.5, 2.5, 11], "texture": "#1"},
				"down": {"uv": [12, 3, 11, 3.5], "texture": "#1"}
			}
		},
		{
			"from": [6, 4, -2],
			"to": [10, 6, 0],
			"rotation": {"angle": 0, "axis": "y", "origin": [5, 4, -3]},
			"faces": {
				"north": {"uv": [7.5, 6.5, 9.5, 7.5], "texture": "#1"},
				"east": {"uv": [10, 3, 11, 4], "texture": "#1"},
				"south": {"uv": [7.5, 7.5, 9.5, 8.5], "texture": "#1"},
				"west": {"uv": [3.5, 10, 4.5, 11], "texture": "#1"},
				"up": {"uv": [10, 3, 8, 2], "texture": "#1"},
				"down": {"uv": [10, 3, 8, 4], "texture": "#1"}
			}
		},
		{
			"from": [-1, 4.5, -1.5],
			"to": [6, 5.5, -0.5],
			"rotation": {"angle": 0, "axis": "y", "origin": [1, 4.5, -2.5]},
			"faces": {
				"north": {"uv": [8, 4, 11.5, 4.5], "texture": "#1"},
				"east": {"uv": [11, 3.5, 11.5, 4], "texture": "#1"},
				"south": {"uv": [8, 4.5, 11.5, 5], "texture": "#1"},
				"west": {"uv": [4, 11, 4.5, 11.5], "texture": "#1"},
				"up": {"uv": [11.5, 5.5, 8, 5], "texture": "#1"},
				"down": {"uv": [6, 9, 2.5, 9.5], "texture": "#1"}
			}
		},
		{
			"from": [-2, 4, 0.25],
			"to": [-1, 14, 1.25],
			"rotation": {"angle": 22.5, "axis": "x", "origin": [-1.5, 9, 0.75]},
			"faces": {
				"north": {"uv": [7, 6.5, 7.5, 11.5], "texture": "#1"},
				"east": {"uv": [0, 7.5, 0.5, 12.5], "texture": "#1"},
				"south": {"uv": [0.5, 7.5, 1, 12.5], "texture": "#1"},
				"west": {"uv": [1, 7.5, 1.5, 12.5], "texture": "#1"},
				"up": {"uv": [5, 11.5, 4.5, 11], "texture": "#1"},
				"down": {"uv": [5.5, 11, 5, 11.5], "texture": "#1"}
			}
		},
		{
			"from": [-2.5, 14, -0.25],
			"to": [-0.5, 18, 1.75],
			"rotation": {"angle": 22.5, "axis": "x", "origin": [-1, 9, 0.75]},
			"faces": {
				"north": {"uv": [1.5, 7.5, 2.5, 9.5], "texture": "#1"},
				"east": {"uv": [7.5, 8.5, 8.5, 10.5], "texture": "#1"},
				"south": {"uv": [8.5, 8.5, 9.5, 10.5], "texture": "#1"},
				"west": {"uv": [9, 0, 10, 2], "texture": "#1"},
				"up": {"uv": [11, 9, 10, 8], "texture": "#1"},
				"down": {"uv": [11, 9, 10, 10], "texture": "#1"}
			}
		}
	],
	"gui_light": "front",
	"display": {
		"thirdperson_righthand": {
			"rotation": [69, 0, 0],
			"translation": [0, -0.25, 2.25],
			"scale": [0.4, 0.4, 0.4]
		},
		"thirdperson_lefthand": {
			"rotation": [69, 0, 0],
			"translation": [0, -0.25, 2.25],
			"scale": [0.4, 0.4, 0.4]
		},
		"firstperson_righthand": {
			"rotation": [8, 0, 0],
			"translation": [10.75, 0.25, -5.75],
			"scale": [0.5, 0.5, 0.5]
		},
		"firstperson_lefthand": {
			"rotation": [8, 0, 0],
			"translation": [10.75, 0.25, -5.75],
			"scale": [0.5, 0.5, 0.5]
		},
		"ground": {
			"translation": [0, 3.5, 1.75],
			"scale": [0.4, 0.4, 0.4]
		},
		"gui": {
			"rotation": [25, -145, 0],
			"translation": [-4, -0.5, 0],
			"scale": [0.8, 0.8, 0.8]
		},
		"head": {
			"translation": [0, -2.5, -0.5]
		},
		"fixed": {
			"translation": [0, -0.5, -1.5]
		}
	}
}