{
	"credit": "Made with Blockbench",
	"textures": {
		"0": "fraggle:hats/summer/413",
		"particle": "fraggle:hats/summer/413"
	},
	"elements": [
		{
			"from": [9, -2, 0],
			"to": [16, 5, 0],
			"faces": {
				"north": {"uv": [7, 7, 0, 14], "texture": "#0"},
				"east": {"uv": [0, 0, 0, 7], "texture": "#0"},
				"south": {"uv": [0, 7, 7, 14], "texture": "#0"},
				"west": {"uv": [0, 0, 0, 7], "texture": "#0"},
				"up": {"uv": [7, 0, 0, 0], "texture": "#0"},
				"down": {"uv": [7, 0, 0, 0], "texture": "#0"}
			}
		},
		{
			"from": [0, -2, 0],
			"to": [7, 5, 0],
			"faces": {
				"north": {"uv": [7, 7, 0, 14], "texture": "#0"},
				"east": {"uv": [0, 0, 0, 7], "texture": "#0"},
				"south": {"uv": [0, 7, 7, 14], "texture": "#0"},
				"west": {"uv": [0, 0, 0, 7], "texture": "#0"},
				"up": {"uv": [7, 0, 0, 0], "texture": "#0"},
				"down": {"uv": [7, 0, 0, 0], "texture": "#0"}
			}
		},
		{
			"from": [7, 3, 0],
			"to": [9, 4, 0],
			"faces": {
				"north": {"uv": [8, 15, 10, 16], "texture": "#0"},
				"east": {"uv": [8, 15, 10, 16], "texture": "#0"},
				"south": {"uv": [8, 15, 10, 16], "texture": "#0"},
				"west": {"uv": [8, 15, 10, 16], "texture": "#0"},
				"up": {"uv": [8, 15, 10, 16], "texture": "#0"},
				"down": {"uv": [8, 15, 10, 16], "texture": "#0"}
			}
		},
		{
			"from": [16, 3, 0],
			"to": [16, 4, 4],
			"faces": {
				"north": {"uv": [8, 15, 10, 16], "texture": "#0"},
				"east": {"uv": [6, 15, 10, 16], "texture": "#0"},
				"south": {"uv": [8, 15, 10, 16], "texture": "#0"},
				"west": {"uv": [10, 15, 6, 16], "texture": "#0"},
				"up": {"uv": [8, 15, 10, 16], "texture": "#0"},
				"down": {"uv": [8, 15, 10, 16], "texture": "#0"}
			}
		},
		{
			"from": [0, 3, 0],
			"to": [0, 4, 4],
			"rotation": {"angle": 0, "axis": "y", "origin": [16, 0, 0]},
			"faces": {
				"north": {"uv": [10, 15, 8, 16], "texture": "#0"},
				"east": {"uv": [6, 15, 10, 16], "texture": "#0"},
				"south": {"uv": [10, 15, 8, 16], "texture": "#0"},
				"west": {"uv": [10, 15, 6, 16], "texture": "#0"},
				"up": {"uv": [10, 15, 8, 16], "texture": "#0"},
				"down": {"uv": [10, 15, 8, 16], "texture": "#0"}
			}
		}
	],
	"gui_light": "front",
	"display": {
		"thirdperson_righthand": {
			"rotation": [69, 0, 0],
			"translation": [0, -0.25, 2.25],
			"scale": [0.4, 0.4, 0.4]
		},
		"thirdperson_lefthand": {
			"rotation": [69, 0, 0],
			"translation": [0, -0.25, 2.25],
			"scale": [0.4, 0.4, 0.4]
		},
		"firstperson_righthand": {
			"rotation": [8, 0, 0],
			"translation": [10.75, 0.25, -5.75],
			"scale": [0.5, 0.5, 0.5]
		},
		"firstperson_lefthand": {
			"rotation": [8, 0, 0],
			"translation": [10.75, 0.25, -5.75],
			"scale": [0.5, 0.5, 0.5]
		},
		"ground": {
			"translation": [0, 3.5, 1.75],
			"scale": [0.4, 0.4, 0.4]
		},
		"gui": {
			"rotation": [5, -145, 0],
			"translation": [-3.5, 6.25, 0]
		},
		"head": {
			"translation": [0, 3, 0.25]
		},
		"fixed": {
			"translation": [0, 5.25, -1.5]
		}
	}
}