{"textures":{"0":"modelengine:entity/lion"},"elements":[{"from":[6.613714,6.418286,8.827429],"to":[9.245714,10.339429,10.438857],"rotation":{"angle":0.0,"axis":"y","origin":[5.432,3.3565712,6.7862854]},"faces":{"east":{"uv":[0.75,12.5,1.125,13.375],"rotation":0,"texture":"#0","tintindex":0},"south":{"uv":[5.0,11.375,5.625,12.25],"rotation":0,"texture":"#0","tintindex":0},"north":{"uv":[11.375,3.0,12.0,3.875],"rotation":0,"texture":"#0","tintindex":0},"west":{"uv":[12.5,1.125,12.875,2.0],"rotation":0,"texture":"#0","tintindex":0},"up":{"uv":[13.5,2.875,12.875,2.5],"rotation":0,"texture":"#0","tintindex":0},"down":{"uv":[13.5,4.375,12.875,4.75],"rotation":0,"texture":"#0","tintindex":0}}},{"from":[6.2377143,4.882057,7.216],"to":[9.460571,9.125485,11.029715],"rotation":{"angle":-22.5,"axis":"x","origin":[10.051429,4.108571,6.893714]},"faces":{"east":{"uv":[4.125,7.375,5.0,8.375],"rotation":0,"texture":"#0","tintindex":0},"south":{"uv":[8.625,0.875,9.375,1.875],"rotation":0,"texture":"#0","tintindex":0},"north":{"uv":[8.5,6.625,9.25,7.625],"rotation":0,"texture":"#0","tintindex":0},"west":{"uv":[2.125,7.5,3.0,8.5],"rotation":0,"texture":"#0","tintindex":0},"up":{"uv":[8.75,10.5,8.0,9.625],"rotation":0,"texture":"#0","tintindex":0},"down":{"uv":[9.5,9.625,8.75,10.5],"rotation":0,"texture":"#0","tintindex":0}}}],"display":{"head":{"translation":[0.0,-6.4,0.0],"scale":[4.0,4.0,4.0]}}}