{"textures":{"0":"modelengine:entity/lion"},"elements":[{"from":[8.278857,4.008571,3.2411427],"to":[8.601143,4.653143,3.885714],"rotation":{"angle":0.0,"axis":"y","origin":[7.580571,4.008571,1.0925708]},"faces":{"east":{"uv":[10.125,12.375,10.25,12.5],"rotation":0,"texture":"#0","tintindex":0},"south":{"uv":[12.375,12.0,12.5,12.125],"rotation":0,"texture":"#0","tintindex":0},"north":{"uv":[2.875,11.75,3.0,11.875],"rotation":0,"texture":"#0","tintindex":0},"west":{"uv":[1.125,12.5,1.25,12.625],"rotation":0,"texture":"#0","tintindex":0},"up":{"uv":[2.25,12.75,2.125,12.625],"rotation":0,"texture":"#0","tintindex":0},"down":{"uv":[3.625,12.625,3.5,12.75],"rotation":0,"texture":"#0","tintindex":0}}},{"from":[9.514286,4.142857,3.7245712],"to":[10.588572,5.324571,5.3359995],"rotation":{"angle":-22.5,"axis":"y","origin":[9.514286,4.142857,3.7245712]},"faces":{"east":{"uv":[10.5,13.875,10.875,14.125],"rotation":0,"texture":"#0","tintindex":0},"south":{"uv":[10.375,14.125,10.625,14.375],"rotation":0,"texture":"#0","tintindex":0},"north":{"uv":[14.125,10.125,14.375,10.375],"rotation":0,"texture":"#0","tintindex":0},"west":{"uv":[10.875,13.875,11.25,14.125],"rotation":0,"texture":"#0","tintindex":0},"up":{"uv":[11.0,7.875,10.75,7.5],"rotation":0,"texture":"#0","tintindex":0},"down":{"uv":[11.75,4.875,11.5,5.25],"rotation":0,"texture":"#0","tintindex":0}}},{"from":[7.7417145,4.142857,3.4022856],"to":[9.084572,5.324571,5.0137143],"rotation":{"angle":0.0,"axis":"y","origin":[7.4731426,4.142857,3.4022856]},"faces":{"east":{"uv":[7.875,13.875,8.25,14.125],"rotation":0,"texture":"#0","tintindex":0},"south":{"uv":[13.875,7.875,14.25,8.125],"rotation":0,"texture":"#0","tintindex":0},"north":{"uv":[13.875,6.5,14.25,6.75],"rotation":0,"texture":"#0","tintindex":0},"west":{"uv":[10.125,13.875,10.5,14.125],"rotation":0,"texture":"#0","tintindex":0},"up":{"uv":[7.75,4.625,7.375,4.25],"rotation":0,"texture":"#0","tintindex":0},"down":{"uv":[13.375,13.625,13.0,14.0],"rotation":0,"texture":"#0","tintindex":0}}},{"from":[5.969143,4.142857,3.7245712],"to":[7.2582855,5.324571,5.3359995],"rotation":{"angle":22.5,"axis":"y","origin":[7.2582855,4.142857,3.7245712]},"faces":{"east":{"uv":[13.75,4.125,14.125,4.375],"rotation":0,"texture":"#0","tintindex":0},"south":{"uv":[10.125,14.125,10.375,14.375],"rotation":0,"texture":"#0","tintindex":0},"north":{"uv":[9.625,14.125,9.875,14.375],"rotation":0,"texture":"#0","tintindex":0},"west":{"uv":[13.75,5.0,14.125,5.25],"rotation":0,"texture":"#0","tintindex":0},"up":{"uv":[1.375,6.625,1.125,6.25],"rotation":0,"texture":"#0","tintindex":0},"down":{"uv":[5.0,8.375,4.75,8.75],"rotation":0,"texture":"#0","tintindex":0}}},{"from":[5.485714,4.008571,3.6171427],"to":[5.8079996,4.653143,4.261714],"rotation":{"angle":22.5,"axis":"y","origin":[6.613714,4.008571,1.4148569]},"faces":{"east":{"uv":[11.25,2.5,11.375,2.625],"rotation":0,"texture":"#0","tintindex":0},"south":{"uv":[11.375,4.5,11.5,4.625],"rotation":0,"texture":"#0","tintindex":0},"north":{"uv":[10.625,1.25,10.75,1.375],"rotation":0,"texture":"#0","tintindex":0},"west":{"uv":[11.5,5.25,11.625,5.375],"rotation":0,"texture":"#0","tintindex":0},"up":{"uv":[11.75,5.375,11.625,5.25],"rotation":0,"texture":"#0","tintindex":0},"down":{"uv":[2.875,11.75,2.75,11.875],"rotation":0,"texture":"#0","tintindex":0}}},{"from":[10.803429,4.008571,3.6171427],"to":[11.125714,4.653143,4.261714],"rotation":{"angle":-22.5,"axis":"y","origin":[10.158857,4.008571,1.4148569]},"faces":{"east":{"uv":[3.625,6.25,3.75,6.375],"rotation":0,"texture":"#0","tintindex":0},"south":{"uv":[5.625,7.875,5.75,8.0],"rotation":0,"texture":"#0","tintindex":0},"north":{"uv":[2.5,5.375,2.625,5.5],"rotation":0,"texture":"#0","tintindex":0},"west":{"uv":[8.125,3.125,8.25,3.25],"rotation":0,"texture":"#0","tintindex":0},"up":{"uv":[2.125,8.5,2.0,8.375],"rotation":0,"texture":"#0","tintindex":0},"down":{"uv":[9.375,7.5,9.25,7.625],"rotation":0,"texture":"#0","tintindex":0}}},{"from":[7.150857,5.969143,3.3485708],"to":[9.030857,10.373714,5.6045713],"rotation":{"angle":22.5,"axis":"x","origin":[9.514286,0.81257105,2.2742853]},"faces":{"east":{"uv":[11.25,11.5,11.75,12.5],"rotation":0,"texture":"#0","tintindex":0},"south":{"uv":[1.25,11.625,1.75,12.625],"rotation":0,"texture":"#0","tintindex":0},"north":{"uv":[10.75,11.5,11.25,12.5],"rotation":0,"texture":"#0","tintindex":0},"west":{"uv":[1.75,11.625,2.25,12.625],"rotation":0,"texture":"#0","tintindex":0},"up":{"uv":[13.25,11.875,12.75,11.375],"rotation":0,"texture":"#0","tintindex":0},"down":{"uv":[0.5,12.875,0.0,13.375],"rotation":0,"texture":"#0","tintindex":0}}},{"from":[6.721143,4.089143,4.261714],"to":[9.8902855,5.217143,7.3234286],"rotation":{"angle":0.0,"axis":"y","origin":[9.514286,-1.0137148,1.1999998]},"faces":{"east":{"uv":[7.875,13.25,8.625,13.5],"rotation":0,"texture":"#0","tintindex":0},"south":{"uv":[13.25,9.875,14.0,10.125],"rotation":0,"texture":"#0","tintindex":0},"north":{"uv":[2.0,13.25,2.75,13.5],"rotation":0,"texture":"#0","tintindex":0},"west":{"uv":[13.25,11.375,14.0,11.625],"rotation":0,"texture":"#0","tintindex":0},"up":{"uv":[11.0,9.5,10.25,8.75],"rotation":0,"texture":"#0","tintindex":0},"down":{"uv":[11.0,9.5,10.25,10.25],"rotation":0,"texture":"#0","tintindex":0}}}],"display":{"head":{"translation":[0.0,-6.4,0.0],"scale":[4.0,4.0,4.0]}}}