{"textures":{"0":"modelengine:entity/lion"},"elements":[{"from":[8.461626,7.1432767,5.636449],"to":[8.834619,8.199686,6.0094414],"rotation":{"angle":22.5,"axis":"x","origin":[4.5391603,4.805269,9.205527]},"faces":{"east":{"uv":[12.125,14.25,12.25,14.5],"rotation":0,"texture":"#0","tintindex":0},"south":{"uv":[14.25,12.125,14.375,12.375],"rotation":0,"texture":"#0","tintindex":0},"north":{"uv":[14.25,11.875,14.375,12.125],"rotation":0,"texture":"#0","tintindex":0},"west":{"uv":[12.25,14.25,12.375,14.5],"rotation":0,"texture":"#0","tintindex":0},"up":{"uv":[14.5,10.75,14.375,10.625],"rotation":0,"texture":"#0","tintindex":0},"down":{"uv":[10.875,14.375,10.75,14.5],"rotation":0,"texture":"#0","tintindex":0}}},{"from":[8.581946,7.418459,8.960709],"to":[8.954939,8.089845,9.3337],"rotation":{"angle":0.0,"axis":"y","origin":[4.5391603,4.805269,9.205527]},"faces":{"east":{"uv":[14.375,7.25,14.5,7.375],"rotation":0,"texture":"#0","tintindex":0},"south":{"uv":[14.375,7.375,14.5,7.5],"rotation":0,"texture":"#0","tintindex":0},"north":{"uv":[14.375,7.125,14.5,7.25],"rotation":0,"texture":"#0","tintindex":0},"west":{"uv":[14.375,7.5,14.5,7.625],"rotation":0,"texture":"#0","tintindex":0},"up":{"uv":[14.5,7.75,14.375,7.625],"rotation":0,"texture":"#0","tintindex":0},"down":{"uv":[7.875,14.375,7.75,14.5],"rotation":0,"texture":"#0","tintindex":0}}},{"from":[7.5977287,8.168839,6.91881],"to":[7.8588233,8.840225,7.291802],"rotation":{"angle":0.0,"axis":"y","origin":[4.5391603,4.805269,9.205527]},"faces":{"east":{"uv":[14.375,10.25,14.5,10.375],"rotation":0,"texture":"#0","tintindex":0},"south":{"uv":[10.375,14.375,10.5,14.5],"rotation":0,"texture":"#0","tintindex":0},"north":{"uv":[10.25,14.375,10.375,14.5],"rotation":0,"texture":"#0","tintindex":0},"west":{"uv":[10.5,14.375,10.625,14.5],"rotation":0,"texture":"#0","tintindex":0},"up":{"uv":[14.5,10.625,14.375,10.5],"rotation":0,"texture":"#0","tintindex":0},"down":{"uv":[10.75,14.375,10.625,14.5],"rotation":0,"texture":"#0","tintindex":0}}},{"from":[7.1272774,7.8170743,7.3323298],"to":[7.5002694,8.48846,7.705322],"rotation":{"angle":0.0,"axis":"y","origin":[4.5391603,4.805269,9.205527]},"faces":{"east":{"uv":[11.0,14.375,11.125,14.5],"rotation":0,"texture":"#0","tintindex":0},"south":{"uv":[14.375,11.0,14.5,11.125],"rotation":0,"texture":"#0","tintindex":0},"north":{"uv":[14.375,10.875,14.5,11.0],"rotation":0,"texture":"#0","tintindex":0},"west":{"uv":[11.125,14.375,11.25,14.5],"rotation":0,"texture":"#0","tintindex":0},"up":{"uv":[14.5,11.25,14.375,11.125],"rotation":0,"texture":"#0","tintindex":0},"down":{"uv":[11.375,14.375,11.25,14.5],"rotation":0,"texture":"#0","tintindex":0}}},{"from":[8.581946,7.5203896,8.073509],"to":[8.954939,8.191775,8.446501],"rotation":{"angle":22.5,"axis":"x","origin":[8.041108,7.8560824,8.380325]},"faces":{"east":{"uv":[12.875,14.375,13.0,14.5],"rotation":0,"texture":"#0","tintindex":0},"south":{"uv":[14.375,12.875,14.5,13.0],"rotation":0,"texture":"#0","tintindex":0},"north":{"uv":[14.375,12.75,14.5,12.875],"rotation":0,"texture":"#0","tintindex":0},"west":{"uv":[14.375,13.0,14.5,13.125],"rotation":0,"texture":"#0","tintindex":0},"up":{"uv":[13.25,14.5,13.125,14.375],"rotation":0,"texture":"#0","tintindex":0},"down":{"uv":[14.5,13.125,14.375,13.25],"rotation":0,"texture":"#0","tintindex":0}}},{"from":[8.306414,8.168839,6.91881],"to":[8.567508,8.840225,7.291802],"rotation":{"angle":0.0,"axis":"y","origin":[4.5391603,4.805269,9.205527]},"faces":{"east":{"uv":[14.375,9.375,14.5,9.5],"rotation":0,"texture":"#0","tintindex":0},"south":{"uv":[14.375,9.5,14.5,9.625],"rotation":0,"texture":"#0","tintindex":0},"north":{"uv":[14.375,9.25,14.5,9.375],"rotation":0,"texture":"#0","tintindex":0},"west":{"uv":[9.625,14.375,9.75,14.5],"rotation":0,"texture":"#0","tintindex":0},"up":{"uv":[14.5,9.75,14.375,9.625],"rotation":0,"texture":"#0","tintindex":0},"down":{"uv":[9.875,14.375,9.75,14.5],"rotation":0,"texture":"#0","tintindex":0}}},{"from":[6.682113,6.498575,5.0983353],"to":[9.453444,7.4832745,5.7876244],"rotation":{"angle":22.5,"axis":"x","origin":[4.5391603,4.805269,9.205527]},"faces":{"east":{"uv":[9.375,14.25,9.5,14.5],"rotation":0,"texture":"#0","tintindex":0},"south":{"uv":[13.75,3.875,14.375,4.125],"rotation":0,"texture":"#0","tintindex":0},"north":{"uv":[13.75,2.5,14.375,2.75],"rotation":0,"texture":"#0","tintindex":0},"west":{"uv":[9.5,14.25,9.625,14.5],"rotation":0,"texture":"#0","tintindex":0},"up":{"uv":[14.75,9.125,14.125,9.0],"rotation":0,"texture":"#0","tintindex":0},"down":{"uv":[14.75,9.125,14.125,9.25],"rotation":0,"texture":"#0","tintindex":0}}},{"from":[7.1272774,7.5203896,8.073509],"to":[7.5002694,8.191775,8.446501],"rotation":{"angle":22.5,"axis":"x","origin":[8.041108,7.8560824,8.380325]},"faces":{"east":{"uv":[14.375,12.375,14.5,12.5],"rotation":0,"texture":"#0","tintindex":0},"south":{"uv":[14.375,12.5,14.5,12.625],"rotation":0,"texture":"#0","tintindex":0},"north":{"uv":[14.375,12.25,14.5,12.375],"rotation":0,"texture":"#0","tintindex":0},"west":{"uv":[12.625,14.375,12.75,14.5],"rotation":0,"texture":"#0","tintindex":0},"up":{"uv":[14.5,12.75,14.375,12.625],"rotation":0,"texture":"#0","tintindex":0},"down":{"uv":[12.875,14.375,12.75,14.5],"rotation":0,"texture":"#0","tintindex":0}}},{"from":[8.581946,7.8028007,7.36679],"to":[8.954939,8.474186,7.739782],"rotation":{"angle":0.0,"axis":"y","origin":[4.5391603,4.805269,9.205527]},"faces":{"east":{"uv":[8.375,14.375,8.5,14.5],"rotation":0,"texture":"#0","tintindex":0},"south":{"uv":[8.5,14.375,8.625,14.5],"rotation":0,"texture":"#0","tintindex":0},"north":{"uv":[8.25,14.375,8.375,14.5],"rotation":0,"texture":"#0","tintindex":0},"west":{"uv":[8.625,14.375,8.75,14.5],"rotation":0,"texture":"#0","tintindex":0},"up":{"uv":[8.875,14.5,8.75,14.375],"rotation":0,"texture":"#0","tintindex":0},"down":{"uv":[9.0,14.375,8.875,14.5],"rotation":0,"texture":"#0","tintindex":0}}},{"from":[6.780583,6.5970454,5.196805],"to":[9.429572,7.3848042,8.353809],"rotation":{"angle":22.5,"axis":"x","origin":[4.5391603,4.805269,9.205527]},"faces":{"east":{"uv":[14.125,5.375,14.875,5.5],"rotation":0,"texture":"#0","tintindex":0},"south":{"uv":[9.0,14.125,9.625,14.25],"rotation":0,"texture":"#0","tintindex":0},"north":{"uv":[13.125,11.0,13.75,11.125],"rotation":0,"texture":"#0","tintindex":0},"west":{"uv":[13.625,12.375,14.25,12.625],"rotation":0,"texture":"#0","tintindex":0},"up":{"uv":[12.5,0.75,11.875,0.0],"rotation":0,"texture":"#0","tintindex":0},"down":{"uv":[12.5,1.125,11.875,1.875],"rotation":0,"texture":"#0","tintindex":0}}},{"from":[7.9334216,8.168839,6.91881],"to":[8.231815,8.840225,7.291802],"rotation":{"angle":0.0,"axis":"y","origin":[4.5391603,4.805269,9.205527]},"faces":{"east":{"uv":[9.875,14.375,10.0,14.5],"rotation":0,"texture":"#0","tintindex":0},"south":{"uv":[14.375,9.875,14.5,10.0],"rotation":0,"texture":"#0","tintindex":0},"north":{"uv":[14.375,9.75,14.5,9.875],"rotation":0,"texture":"#0","tintindex":0},"west":{"uv":[10.0,14.375,10.125,14.5],"rotation":0,"texture":"#0","tintindex":0},"up":{"uv":[10.25,14.5,10.125,14.375],"rotation":0,"texture":"#0","tintindex":0},"down":{"uv":[14.5,10.125,14.375,10.25],"rotation":0,"texture":"#0","tintindex":0}}},{"from":[8.581946,7.5805497,7.7125487],"to":[8.954939,8.251935,8.085541],"rotation":{"angle":22.5,"axis":"x","origin":[8.041108,8.096723,7.9592047]},"faces":{"east":{"uv":[7.875,14.375,8.0,14.5],"rotation":0,"texture":"#0","tintindex":0},"south":{"uv":[14.375,7.875,14.5,8.0],"rotation":0,"texture":"#0","tintindex":0},"north":{"uv":[14.375,7.75,14.5,7.875],"rotation":0,"texture":"#0","tintindex":0},"west":{"uv":[8.0,14.375,8.125,14.5],"rotation":0,"texture":"#0","tintindex":0},"up":{"uv":[14.5,8.125,14.375,8.0],"rotation":0,"texture":"#0","tintindex":0},"down":{"uv":[8.25,14.375,8.125,14.5],"rotation":0,"texture":"#0","tintindex":0}}},{"from":[7.1272774,7.418459,8.960709],"to":[7.5002694,8.089845,9.3337],"rotation":{"angle":0.0,"axis":"y","origin":[4.5391603,4.805269,9.205527]},"faces":{"east":{"uv":[14.375,11.75,14.5,11.875],"rotation":0,"texture":"#0","tintindex":0},"south":{"uv":[11.875,14.375,12.0,14.5],"rotation":0,"texture":"#0","tintindex":0},"north":{"uv":[11.75,14.375,11.875,14.5],"rotation":0,"texture":"#0","tintindex":0},"west":{"uv":[14.375,11.875,14.5,12.0],"rotation":0,"texture":"#0","tintindex":0},"up":{"uv":[14.5,12.125,14.375,12.0],"rotation":0,"texture":"#0","tintindex":0},"down":{"uv":[14.5,12.125,14.375,12.25],"rotation":0,"texture":"#0","tintindex":0}}},{"from":[7.1272774,7.5805497,7.7125487],"to":[7.5002694,8.251935,8.085541],"rotation":{"angle":22.5,"axis":"x","origin":[8.041108,8.096723,7.9592047]},"faces":{"east":{"uv":[14.375,11.375,14.5,11.5],"rotation":0,"texture":"#0","tintindex":0},"south":{"uv":[11.5,14.375,11.625,14.5],"rotation":0,"texture":"#0","tintindex":0},"north":{"uv":[11.375,14.375,11.5,14.5],"rotation":0,"texture":"#0","tintindex":0},"west":{"uv":[14.375,11.5,14.5,11.625],"rotation":0,"texture":"#0","tintindex":0},"up":{"uv":[11.75,14.5,11.625,14.375],"rotation":0,"texture":"#0","tintindex":0},"down":{"uv":[14.5,11.625,14.375,11.75],"rotation":0,"texture":"#0","tintindex":0}}},{"from":[7.2475977,7.1432767,5.636449],"to":[7.6205897,8.199686,6.0094414],"rotation":{"angle":22.5,"axis":"x","origin":[4.5391603,4.805269,9.205527]},"faces":{"east":{"uv":[14.25,12.375,14.375,12.625],"rotation":0,"texture":"#0","tintindex":0},"south":{"uv":[12.5,14.25,12.625,14.5],"rotation":0,"texture":"#0","tintindex":0},"north":{"uv":[12.375,14.25,12.5,14.5],"rotation":0,"texture":"#0","tintindex":0},"west":{"uv":[13.0,14.25,13.125,14.5],"rotation":0,"texture":"#0","tintindex":0},"up":{"uv":[14.5,10.875,14.375,10.75],"rotation":0,"texture":"#0","tintindex":0},"down":{"uv":[11.0,14.375,10.875,14.5],"rotation":0,"texture":"#0","tintindex":0}}}],"display":{"head":{"translation":[0.0,-6.4,0.0],"scale":[4.0,4.0,4.0]}}}