{"textures":{"0":"modelengine:entity/asianelephant"},"elements":[{"from":[1.2915778,6.0476165,7.3611283],"to":[2.9624348,6.708188,8.0217],"rotation":{"angle":45.0,"axis":"z","origin":[3.4173698,6.9563546,7.961143]},"faces":{"east":{"uv":[2.70625,0.10625,2.4375,0.0],"rotation":0,"texture":"#0","tintindex":0},"south":{"uv":[2.70625,0.10625,2.4375,0.0],"rotation":0,"texture":"#0","tintindex":0},"north":{"uv":[2.70625,0.10625,2.4375,0.0],"rotation":0,"texture":"#0","tintindex":0},"west":{"uv":[2.70625,0.10625,2.4375,0.0],"rotation":0,"texture":"#0","tintindex":0},"up":{"uv":[2.70625,0.10625,2.4375,0.0],"rotation":0,"texture":"#0","tintindex":0},"down":{"uv":[2.70625,0.10625,2.4375,0.0],"rotation":0,"texture":"#0","tintindex":0}}},{"from":[2.8248167,6.922821,7.3222713],"to":[5.3505316,7.6611066,8.0217],"rotation":{"angle":22.5,"axis":"z","origin":[6.0726438,8.161352,7.961143]},"faces":{"east":{"uv":[2.84375,0.11875,2.4375,0.0],"rotation":0,"texture":"#0","tintindex":0},"south":{"uv":[2.84375,0.11875,2.4375,0.0],"rotation":0,"texture":"#0","tintindex":0},"north":{"uv":[2.84375,0.11875,2.4375,0.0],"rotation":0,"texture":"#0","tintindex":0},"west":{"uv":[2.84375,0.11875,2.4375,0.0],"rotation":0,"texture":"#0","tintindex":0},"up":{"uv":[2.84375,0.11875,2.4375,0.0],"rotation":0,"texture":"#0","tintindex":0},"down":{"uv":[2.84375,0.11875,2.4375,0.0],"rotation":0,"texture":"#0","tintindex":0}}},{"from":[0.907156,0.0802989,7.40678],"to":[5.492299,4.626585,7.865294],"rotation":{"angle":-22.5,"axis":"z","origin":[2.4254208,0.7203498,7.961143]},"faces":{"east":{"uv":[4.3125,2.375,2.4375,0.0],"rotation":0,"texture":"#0","tintindex":0},"south":{"uv":[3.175,0.73125,2.4375,0.0],"rotation":0,"texture":"#0","tintindex":0},"north":{"uv":[3.175,0.73125,2.4375,0.0],"rotation":0,"texture":"#0","tintindex":0},"west":{"uv":[4.3125,2.375,2.4375,0.0],"rotation":0,"texture":"#0","tintindex":0},"up":{"uv":[4.3125,2.375,2.4375,0.0],"rotation":0,"texture":"#0","tintindex":0},"down":{"uv":[3.175,0.07375,2.4375,0.0],"rotation":0,"texture":"#0","tintindex":0}}},{"from":[7.8229604,6.274286,6.739414],"to":[10.076675,7.5565715,8.526843],"rotation":{"angle":0.0,"axis":"y","origin":[12.112,2.5211425,11.225143]},"faces":{"east":{"uv":[2.8,0.20625,2.4375,0.0],"rotation":0,"texture":"#0","tintindex":0},"south":{"uv":[2.8,0.20625,2.4375,0.0],"rotation":0,"texture":"#0","tintindex":0},"north":{"uv":[2.8,0.20625,2.4375,0.0],"rotation":0,"texture":"#0","tintindex":0},"west":{"uv":[2.8,0.20625,2.4375,0.0],"rotation":0,"texture":"#0","tintindex":0},"up":{"uv":[2.8,0.20625,2.4375,0.0],"rotation":0,"texture":"#0","tintindex":0},"down":{"uv":[2.8,0.20625,2.4375,0.0],"rotation":0,"texture":"#0","tintindex":0}}},{"from":[7.176817,3.1148205,7.399986],"to":[8.070532,5.795964,7.8662715],"rotation":{"angle":22.5,"axis":"z","origin":[6.0726438,8.161352,7.961143]},"faces":{"east":{"uv":[4.3125,2.375,2.4375,0.0],"rotation":0,"texture":"#0","tintindex":0},"south":{"uv":[4.3125,2.375,2.4375,0.0],"rotation":0,"texture":"#0","tintindex":0},"north":{"uv":[4.3125,2.375,2.4375,0.0],"rotation":0,"texture":"#0","tintindex":0},"west":{"uv":[4.3125,2.375,2.4375,0.0],"rotation":0,"texture":"#0","tintindex":0},"up":{"uv":[4.3125,2.375,2.4375,0.0],"rotation":0,"texture":"#0","tintindex":0},"down":{"uv":[4.3125,2.375,2.4375,0.0],"rotation":0,"texture":"#0","tintindex":0}}},{"from":[6.929246,6.429714,6.9336996],"to":[7.8229604,7.478857,8.2937],"rotation":{"angle":0.0,"axis":"y","origin":[6.9245715,7.3782854,7.9417143]},"faces":{"east":{"uv":[2.58125,0.21875,2.4375,0.0],"rotation":0,"texture":"#0","tintindex":0},"south":{"uv":[2.58125,0.21875,2.4375,0.0],"rotation":0,"texture":"#0","tintindex":0},"north":{"uv":[2.58125,0.21875,2.4375,0.0],"rotation":0,"texture":"#0","tintindex":0},"west":{"uv":[2.58125,0.21875,2.4375,0.0],"rotation":0,"texture":"#0","tintindex":0},"up":{"uv":[2.58125,0.21875,2.4375,0.0],"rotation":0,"texture":"#0","tintindex":0},"down":{"uv":[2.58125,0.21875,2.4375,0.0],"rotation":0,"texture":"#0","tintindex":0}}},{"from":[1.542531,2.376535,7.399986],"to":[7.176817,6.922821,7.8662715],"rotation":{"angle":22.5,"axis":"z","origin":[6.0726438,8.161352,7.961143]},"faces":{"east":{"uv":[4.3125,2.375,2.4375,0.0],"rotation":0,"texture":"#0","tintindex":0},"south":{"uv":[3.34375,0.73125,2.4375,0.0],"rotation":0,"texture":"#0","tintindex":0},"north":{"uv":[3.34375,0.73125,2.4375,0.0],"rotation":0,"texture":"#0","tintindex":0},"west":{"uv":[4.3125,2.375,2.4375,0.0],"rotation":0,"texture":"#0","tintindex":0},"up":{"uv":[4.3125,2.375,2.4375,0.0],"rotation":0,"texture":"#0","tintindex":0},"down":{"uv":[4.3125,2.375,2.4375,0.0],"rotation":0,"texture":"#0","tintindex":0}}},{"from":[5.5721755,6.6104946,7.1279855],"to":[6.9321756,7.4264946,8.099414],"rotation":{"angle":0.0,"axis":"y","origin":[8.326358,8.122495,7.9417143]},"faces":{"east":{"uv":[2.65625,0.13125,2.4375,0.0],"rotation":0,"texture":"#0","tintindex":0},"south":{"uv":[2.65625,0.13125,2.4375,0.0],"rotation":0,"texture":"#0","tintindex":0},"north":{"uv":[2.65625,0.13125,2.4375,0.0],"rotation":0,"texture":"#0","tintindex":0},"west":{"uv":[2.65625,0.13125,2.4375,0.0],"rotation":0,"texture":"#0","tintindex":0},"up":{"uv":[2.65625,0.13125,2.4375,0.0],"rotation":0,"texture":"#0","tintindex":0},"down":{"uv":[2.65625,0.13125,2.4375,0.0],"rotation":0,"texture":"#0","tintindex":0}}},{"from":[2.870534,0.04087448,7.399986],"to":[3.4533906,4.898018,7.982843],"rotation":{"angle":-22.5,"axis":"z","origin":[3.4173698,6.9563546,7.961143]},"faces":{"east":{"uv":[2.53125,0.78125,2.4375,0.0],"rotation":0,"texture":"#0","tintindex":0},"south":{"uv":[2.53125,0.78125,2.4375,0.0],"rotation":0,"texture":"#0","tintindex":0},"north":{"uv":[2.53125,0.78125,2.4375,0.0],"rotation":0,"texture":"#0","tintindex":0},"west":{"uv":[2.53125,0.78125,2.4375,0.0],"rotation":0,"texture":"#0","tintindex":0},"up":{"uv":[2.53125,0.78125,2.4375,0.0],"rotation":0,"texture":"#0","tintindex":0},"down":{"uv":[2.53125,0.09375,2.4375,0.0],"rotation":0,"texture":"#0","tintindex":0}}},{"from":[1.542531,-2.1308937,7.399986],"to":[7.176817,2.415392,7.8662715],"rotation":{"angle":22.5,"axis":"z","origin":[6.0726438,8.161352,7.961143]},"faces":{"east":{"uv":[4.3125,2.375,2.4375,0.0],"rotation":0,"texture":"#0","tintindex":0},"south":{"uv":[3.34375,0.73125,2.4375,0.0],"rotation":0,"texture":"#0","tintindex":0},"north":{"uv":[3.34375,0.73125,2.4375,0.0],"rotation":0,"texture":"#0","tintindex":0},"west":{"uv":[2.5125,0.73125,2.4375,0.0],"rotation":0,"texture":"#0","tintindex":0},"up":{"uv":[4.3125,2.375,2.4375,0.0],"rotation":0,"texture":"#0","tintindex":0},"down":{"uv":[3.34375,0.075,2.4375,0.0],"rotation":0,"texture":"#0","tintindex":0}}}],"display":{"head":{"translation":[0.0,-6.4,0.0],"scale":[4.0,4.0,4.0]}}}