{"textures":{"0":"modelengine:entity/asianelephant"},"elements":[{"from":[4.8571424,-2.0571432,3.0571427],"to":[10.8,0.79999924,9.057143],"rotation":{"angle":0.0,"axis":"y","origin":[7.8285713,3.1142855,6.6857142]},"faces":{"east":{"uv":[3.09375,0.3125,2.4375,0.0],"rotation":0,"texture":"#0","tintindex":0},"south":{"uv":[3.0875,0.3125,2.4375,0.0],"rotation":0,"texture":"#0","tintindex":0},"north":{"uv":[3.0875,0.3125,2.4375,0.0],"rotation":0,"texture":"#0","tintindex":0},"west":{"uv":[3.09375,0.3125,2.4375,0.0],"rotation":0,"texture":"#0","tintindex":0},"up":{"uv":[3.0875,0.65625,2.4375,0.0],"rotation":0,"texture":"#0","tintindex":0},"down":{"uv":[12.275,4.28125,11.625,3.625],"rotation":0,"texture":"#0","tintindex":0}}},{"from":[4.8571424,-2.0571432,2.6571422],"to":[6.5714283,0.057142735,3.3999996],"rotation":{"angle":22.5,"axis":"y","origin":[5.714286,-1.1428576,3.0285711]},"faces":{"east":{"uv":[9.428572,5.142857,10.0,5.714286],"rotation":0,"texture":"#0","tintindex":0},"south":{"uv":[9.428572,5.142857,10.0,5.714286],"rotation":0,"texture":"#0","tintindex":0},"north":{"uv":[9.428572,5.142857,10.0,5.714286],"rotation":0,"texture":"#0","tintindex":0},"west":{"uv":[9.428572,5.142857,10.0,5.714286],"rotation":0,"texture":"#0","tintindex":0},"up":{"uv":[9.428572,5.142857,10.0,5.714286],"rotation":0,"texture":"#0","tintindex":0},"down":{"uv":[9.428572,5.142857,10.0,5.714286],"rotation":0,"texture":"#0","tintindex":0}}},{"from":[5.2571425,-1.3142853,3.7999997],"to":[10.4,8.685715,8.714286],"rotation":{"angle":0.0,"axis":"y","origin":[7.8285713,3.1142855,6.6857142]},"faces":{"east":{"uv":[2.975,1.09375,2.4375,0.0],"rotation":0,"texture":"#0","tintindex":0},"south":{"uv":[3.0,1.09375,2.4375,0.0],"rotation":0,"texture":"#0","tintindex":0},"north":{"uv":[3.0,1.09375,2.4375,0.0],"rotation":0,"texture":"#0","tintindex":0},"west":{"uv":[2.975,1.09375,2.4375,0.0],"rotation":0,"texture":"#0","tintindex":0},"up":{"uv":[4.3125,2.375,2.4375,0.0],"rotation":0,"texture":"#0","tintindex":0},"down":{"uv":[4.3125,2.375,2.4375,0.0],"rotation":0,"texture":"#0","tintindex":0}}},{"from":[9.085714,-2.0571432,2.6571422],"to":[10.8,0.057142735,3.3999996],"rotation":{"angle":-22.5,"axis":"y","origin":[9.942858,-1.1428576,3.0285711]},"faces":{"east":{"uv":[9.428572,5.142857,10.0,5.714286],"rotation":0,"texture":"#0","tintindex":0},"south":{"uv":[9.428572,5.142857,10.0,5.714286],"rotation":0,"texture":"#0","tintindex":0},"north":{"uv":[9.428572,5.142857,10.0,5.714286],"rotation":0,"texture":"#0","tintindex":0},"west":{"uv":[9.428572,5.142857,10.0,5.714286],"rotation":0,"texture":"#0","tintindex":0},"up":{"uv":[9.428572,5.142857,10.0,5.714286],"rotation":0,"texture":"#0","tintindex":0},"down":{"uv":[9.428572,5.142857,10.0,5.714286],"rotation":0,"texture":"#0","tintindex":0}}},{"from":[7.028571,-2.0571432,2.3142858],"to":[8.742857,0.057142735,3.0571427],"rotation":{"angle":0.0,"axis":"y","origin":[7.8285713,3.1142855,6.6857142]},"faces":{"east":{"uv":[9.428572,5.142857,10.0,5.714286],"rotation":0,"texture":"#0","tintindex":0},"south":{"uv":[9.428572,5.142857,10.0,5.714286],"rotation":0,"texture":"#0","tintindex":0},"north":{"uv":[9.428572,5.142857,10.0,5.714286],"rotation":0,"texture":"#0","tintindex":0},"west":{"uv":[9.428572,5.142857,10.0,5.714286],"rotation":0,"texture":"#0","tintindex":0},"up":{"uv":[9.428572,5.142857,10.0,5.714286],"rotation":0,"texture":"#0","tintindex":0},"down":{"uv":[9.428572,5.142857,10.0,5.714286],"rotation":0,"texture":"#0","tintindex":0}}}],"display":{"head":{"translation":[0.0,-6.4,0.0],"scale":[4.0,4.0,4.0]}}}