{
	"credit": "Made with Blockbench",
	"textures": {
		"0": "fraggle:hats/summer/417",
		"particle": "fraggle:hats/summer/417"
	},
	"elements": [
		{
			"from": [0.41421, 9, -1.65685],
			"to": [8.41421, 17, -1.65685],
			"rotation": {"angle": -22.5, "axis": "z", "origin": [4.41421, 14, -1.65685]},
			"faces": {
				"north": {"uv": [0, 8, 8, 16], "texture": "#0"},
				"east": {"uv": [0, 0, 0, 8], "texture": "#0"},
				"south": {"uv": [8, 8, 0, 16], "texture": "#0"},
				"west": {"uv": [0, 0, 0, 8], "texture": "#0"},
				"up": {"uv": [8, 0, 0, 0], "texture": "#0"},
				"down": {"uv": [8, 0, 0, 0], "texture": "#0"}
			}
		},
		{
			"from": [-2, 7, -4],
			"to": [6, 15, -4],
			"rotation": {"angle": 45, "axis": "y", "origin": [4, 11, -1]},
			"faces": {
				"north": {"uv": [0, 0, 8, 8], "texture": "#0"},
				"east": {"uv": [0, 0, 0, 8], "texture": "#0"},
				"south": {"uv": [8, 0, 0, 8], "texture": "#0"},
				"west": {"uv": [0, 0, 0, 8], "texture": "#0"},
				"up": {"uv": [8, 0, 0, 0], "texture": "#0"},
				"down": {"uv": [8, 0, 0, 0], "texture": "#0"}
			}
		},
		{
			"from": [-1, 9.75, -1.5],
			"to": [-1, 15.75, 4.5],
			"rotation": {"angle": -22.5, "axis": "x", "origin": [2, 15.75, 2.5]},
			"faces": {
				"north": {"uv": [8, 0, 0, 0], "rotation": 270, "texture": "#0"},
				"east": {"uv": [1, 7, 7, 1], "rotation": 90, "texture": "#0"},
				"south": {"uv": [8, 0, 0, 0], "rotation": 270, "texture": "#0"},
				"west": {"uv": [1, 1, 7, 7], "rotation": 90, "texture": "#0"},
				"up": {"uv": [0, 0, 0, 8], "rotation": 180, "texture": "#0"},
				"down": {"uv": [0, 0, 0, 8], "texture": "#0"}
			}
		},
		{
			"from": [2, 6, -1],
			"to": [9, 13, -1],
			"rotation": {"angle": 45, "axis": "z", "origin": [5.5, 9.5, -1]},
			"faces": {
				"north": {"uv": [9, 1, 16, 8], "rotation": 270, "texture": "#0"},
				"east": {"uv": [0, 0, 8, 0], "rotation": 90, "texture": "#0"},
				"south": {"uv": [9, 8, 16, 1], "rotation": 270, "texture": "#0"},
				"west": {"uv": [0, 0, 8, 0], "rotation": 90, "texture": "#0"},
				"up": {"uv": [0, 0, 0, 8], "rotation": 90, "texture": "#0"},
				"down": {"uv": [0, 0, 0, 8], "rotation": 90, "texture": "#0"}
			}
		},
		{
			"from": [-0.5, 5, 0.75],
			"to": [-0.5, 12, 7.75],
			"rotation": {"angle": -22.5, "axis": "x", "origin": [-0.5, 8.5, 4.25]},
			"faces": {
				"north": {"uv": [0, 0, 0, 8], "rotation": 180, "texture": "#0"},
				"east": {"uv": [9, 8, 16, 1], "texture": "#0"},
				"south": {"uv": [0, 0, 0, 8], "rotation": 180, "texture": "#0"},
				"west": {"uv": [9, 1, 16, 8], "rotation": 180, "texture": "#0"},
				"up": {"uv": [0, 0, 8, 0], "rotation": 90, "texture": "#0"},
				"down": {"uv": [0, 0, 8, 0], "rotation": 270, "texture": "#0"}
			}
		},
		{
			"from": [4, 9.5, -0.5],
			"to": [11, 16.5, -0.5],
			"rotation": {"angle": 0, "axis": "z", "origin": [7.5, 13, 0.5]},
			"faces": {
				"north": {"uv": [9, 1, 16, 8], "texture": "#0"},
				"east": {"uv": [0, 0, 0, 8], "texture": "#0"},
				"south": {"uv": [9, 8, 16, 1], "rotation": 180, "texture": "#0"},
				"west": {"uv": [0, 0, 0, 8], "texture": "#0"},
				"up": {"uv": [0, 0, 8, 0], "texture": "#0"},
				"down": {"uv": [0, 0, 8, 0], "texture": "#0"}
			}
		}
	],
	"gui_light": "front",
	"display": {
		"thirdperson_righthand": {
			"rotation": [66, -39, 0],
			"translation": [0, -2.5, 0],
			"scale": [0.5, 0.5, 0.5]
		},
		"thirdperson_lefthand": {
			"rotation": [66, -39, 0],
			"translation": [0, -2.5, 0],
			"scale": [0.5, 0.5, 0.5]
		},
		"firstperson_righthand": {
			"rotation": [0, -54, 0],
			"translation": [3.25, 0, 0],
			"scale": [0.5, 0.5, 0.5]
		},
		"firstperson_lefthand": {
			"rotation": [0, 25, 0],
			"translation": [3.25, 0, 0],
			"scale": [0.5, 0.5, 0.5]
		},
		"ground": {
			"translation": [2.25, 4.25, 3],
			"scale": [0.5, 0.5, 0.5]
		},
		"gui": {
			"rotation": [0, 154, 0],
			"translation": [-1, -4, 0]
		},
		"head": {
			"rotation": [24, 0, 0],
			"translation": [0.75, -0.5, -1.5]
		},
		"fixed": {
			"rotation": [0, -31, 0],
			"translation": [1, -4.25, 3.25]
		}
	}
}