{"textures":{"0":"modelengine:entity/zebra"},"elements":[{"from":[7.224938,7.2513447,7.5499883],"to":[8.068819,8.545296,9.0689745],"rotation":{"angle":22.5,"axis":"x","origin":[8.764894,8.515672,8.412401]},"faces":{"east":{"uv":[4.0,6.0,4.625,6.5],"rotation":0,"texture":"#0","tintindex":0},"south":{"uv":[7.0,4.25,7.375,4.75],"rotation":0,"texture":"#0","tintindex":0},"north":{"uv":[0.625,7.0,1.0,7.5],"rotation":0,"texture":"#0","tintindex":0},"west":{"uv":[6.125,5.5,6.75,6.0],"rotation":0,"texture":"#0","tintindex":0},"up":{"uv":[3.25,5.375,2.875,4.75],"rotation":0,"texture":"#0","tintindex":0},"down":{"uv":[7.25,0.75,6.875,1.375],"rotation":0,"texture":"#0","tintindex":0}}},{"from":[7.2811966,6.303003,6.9588437],"to":[8.125078,8.2158,8.140277],"rotation":{"angle":-22.5,"axis":"x","origin":[8.764894,8.515672,8.412401]},"faces":{"east":{"uv":[4.75,5.5,5.25,6.25],"rotation":0,"texture":"#0","tintindex":0},"south":{"uv":[3.25,6.5,3.625,7.25],"rotation":0,"texture":"#0","tintindex":0},"north":{"uv":[5.375,6.375,5.75,7.125],"rotation":0,"texture":"#0","tintindex":0},"west":{"uv":[1.125,5.625,1.625,6.375],"rotation":0,"texture":"#0","tintindex":0},"up":{"uv":[7.25,4.25,6.875,3.75],"rotation":0,"texture":"#0","tintindex":0},"down":{"uv":[7.25,6.5,6.875,7.0],"rotation":0,"texture":"#0","tintindex":0}}}],"display":{"head":{"translation":[0.0,-6.4,0.0],"scale":[4.0,4.0,4.0]}}}