{"textures":{"0":"modelengine:entity/zebra"},"elements":[{"from":[7.6410403,4.831336,7.4626017],"to":[8.259887,6.2940636,8.081448],"rotation":{"angle":0.0,"axis":"x","origin":[6.9869046,9.718909,7.8498225]},"faces":{"east":{"uv":[4.25,7.25,4.5,7.875],"rotation":0,"texture":"#0","tintindex":0},"south":{"uv":[7.25,5.25,7.5,5.875],"rotation":0,"texture":"#0","tintindex":0},"north":{"uv":[4.0,7.25,4.25,7.875],"rotation":0,"texture":"#0","tintindex":0},"west":{"uv":[5.75,7.25,6.0,7.875],"rotation":0,"texture":"#0","tintindex":0},"up":{"uv":[8.125,3.25,7.875,3.0],"rotation":0,"texture":"#0","tintindex":0},"down":{"uv":[3.375,7.875,3.125,8.125],"rotation":0,"texture":"#0","tintindex":0}}},{"from":[7.5847816,6.237805,7.3500843],"to":[8.316145,8.150602,8.193965],"rotation":{"angle":0.0,"axis":"x","origin":[6.9869046,9.718909,7.8498225]},"faces":{"east":{"uv":[5.75,6.5,6.125,7.25],"rotation":0,"texture":"#0","tintindex":0},"south":{"uv":[1.0,7.125,1.25,7.875],"rotation":0,"texture":"#0","tintindex":0},"north":{"uv":[3.0,6.875,3.25,7.625],"rotation":0,"texture":"#0","tintindex":0},"west":{"uv":[6.125,6.5,6.5,7.25],"rotation":0,"texture":"#0","tintindex":0},"up":{"uv":[1.625,6.75,1.375,6.375],"rotation":0,"texture":"#0","tintindex":0},"down":{"uv":[8.0,4.5,7.75,4.875],"rotation":0,"texture":"#0","tintindex":0}}},{"from":[7.528523,4.484045,7.114675],"to":[8.372404,5.0466323,7.9022975],"rotation":{"angle":0.0,"axis":"y","origin":[6.9869046,9.718909,7.8498225]},"faces":{"east":{"uv":[7.75,5.125,8.125,5.375],"rotation":0,"texture":"#0","tintindex":0},"south":{"uv":[5.375,7.75,5.75,8.0],"rotation":0,"texture":"#0","tintindex":0},"north":{"uv":[7.75,4.875,8.125,5.125],"rotation":0,"texture":"#0","tintindex":0},"west":{"uv":[7.75,5.375,8.125,5.625],"rotation":0,"texture":"#0","tintindex":0},"up":{"uv":[7.875,0.375,7.5,0.0],"rotation":0,"texture":"#0","tintindex":0},"down":{"uv":[0.75,7.5,0.375,7.875],"rotation":0,"texture":"#0","tintindex":0}}}],"display":{"head":{"translation":[0.0,-6.4,0.0],"scale":[4.0,4.0,4.0]}}}