{"textures":{"0":"modelengine:entity/goldfish"},"elements":[{"from":[7.808156,6.5275764,7.5],"to":[7.808156,7.956148,8.5],"rotation":{"angle":22.5,"axis":"z","origin":[7.7141056,8.47116,7.2165294]},"faces":{"east":{"uv":[0.032,0.032,1.968,2.968],"rotation":180,"texture":"#0","tintindex":0},"south":{"uv":[11.032,0.032,11.032,2.968],"rotation":180,"texture":"#0","tintindex":0},"north":{"uv":[2.032,11.032,2.032,13.968],"rotation":180,"texture":"#0","tintindex":0},"west":{"uv":[1.968,0.032,0.032,2.968],"rotation":180,"texture":"#0","tintindex":0},"up":{"uv":[3.032,11.032,3.032,12.968],"rotation":0,"texture":"#0","tintindex":0},"down":{"uv":[8.032,5.968,8.032,4.032],"rotation":0,"texture":"#0","tintindex":0}}}],"display":{"head":{"translation":[0.0,-6.4,0.0],"scale":[4.0,4.0,4.0]}}}