{
	"credit": "Made with Blockbench",
	"texture_size": [64, 64],
	"textures": {
		"0": "fraggle:furniture/misc_sort_later/speaker"
	},
	"elements": [
		{
			"from": [0, 0, 3],
			"to": [16, 32, 16],
			"faces": {
				"north": {"uv": [0, 0, 4, 8], "texture": "#0"},
				"east": {"uv": [0, 8, 3.25, 16], "texture": "#0"},
				"south": {"uv": [4, 0, 8, 8], "texture": "#0"},
				"west": {"uv": [8, 0, 11.25, 8], "texture": "#0"},
				"up": {"uv": [7.25, 11.25, 3.25, 8], "texture": "#0"},
				"down": {"uv": [11.25, 8, 7.25, 11.25], "texture": "#0"}
			}
		},
		{
			"from": [2.5, 19.0391, 2.80343],
			"to": [13.5, 23.0391, 3.80343],
			"rotation": {"angle": 22.5, "axis": "x", "origin": [8, 21.0391, 3.30343]},
			"faces": {
				"north": {"uv": [11.25, 7, 14, 8], "texture": "#0"},
				"east": {"uv": [12.75, 2, 13, 3], "texture": "#0"},
				"south": {"uv": [7.5, 11.25, 10.25, 12.25], "texture": "#0"},
				"west": {"uv": [12.75, 3, 13, 4], "texture": "#0"},
				"up": {"uv": [14, 10.5, 11.25, 10.25], "texture": "#0"},
				"down": {"uv": [14, 10.5, 11.25, 10.75], "texture": "#0"}
			}
		},
		{
			"from": [2.5, 22.9609, 2.80343],
			"to": [13.5, 26.9609, 3.80343],
			"rotation": {"angle": -22.5, "axis": "x", "origin": [8, 24.9609, 3.30343]},
			"faces": {
				"north": {"uv": [4.75, 11.25, 7.5, 12.25], "texture": "#0"},
				"east": {"uv": [12.75, 0, 13, 1], "texture": "#0"},
				"south": {"uv": [11.25, 6, 14, 7], "texture": "#0"},
				"west": {"uv": [12.75, 1, 13, 2], "texture": "#0"},
				"up": {"uv": [14, 10.25, 11.25, 10], "texture": "#0"},
				"down": {"uv": [13, 11.25, 10.25, 11.5], "texture": "#0"}
			}
		},
		{
			"from": [7.78702, 19, 3.18611],
			"to": [13.78702, 27, 4.18611],
			"rotation": {"angle": 22.5, "axis": "y", "origin": [10.78702, 23.5, 3.68611]},
			"faces": {
				"north": {"uv": [3.25, 11.25, 4.75, 13.25], "texture": "#0"},
				"east": {"uv": [9, 12.25, 9.25, 14.25], "texture": "#0"},
				"south": {"uv": [11.25, 4, 12.75, 6], "texture": "#0"},
				"west": {"uv": [9.25, 12.25, 9.5, 14.25], "texture": "#0"},
				"up": {"uv": [13, 12.5, 11.5, 12.25], "texture": "#0"},
				"down": {"uv": [13, 12.5, 11.5, 12.75], "texture": "#0"}
			}
		},
		{
			"from": [2.21298, 19, 3.18611],
			"to": [8.21298, 27, 4.18611],
			"rotation": {"angle": -22.5, "axis": "y", "origin": [5.21298, 23.5, 3.68611]},
			"faces": {
				"north": {"uv": [11.25, 0, 12.75, 2], "texture": "#0"},
				"east": {"uv": [8.5, 12.25, 8.75, 14.25], "texture": "#0"},
				"south": {"uv": [11.25, 2, 12.75, 4], "texture": "#0"},
				"west": {"uv": [8.75, 12.25, 9, 14.25], "texture": "#0"},
				"up": {"uv": [12.75, 11, 11.25, 10.75], "texture": "#0"},
				"down": {"uv": [12.75, 11, 11.25, 11.25], "texture": "#0"}
			}
		},
		{
			"from": [13, 19.5, 2],
			"to": [14, 26.5, 3],
			"rotation": {"angle": 0, "axis": "y", "origin": [13, 19, 2]},
			"faces": {
				"north": {"uv": [10.5, 12.25, 10.75, 14], "texture": "#0"},
				"east": {"uv": [10.75, 12.25, 11, 14], "texture": "#0"},
				"south": {"uv": [11, 12.25, 11.25, 14], "texture": "#0"},
				"west": {"uv": [11.25, 12.25, 11.5, 14], "texture": "#0"},
				"up": {"uv": [14, 1.25, 13.75, 1], "texture": "#0"},
				"down": {"uv": [14, 1.25, 13.75, 1.5], "texture": "#0"}
			}
		},
		{
			"from": [2, 26.5, 2],
			"to": [14, 27.5, 3],
			"rotation": {"angle": 0, "axis": "y", "origin": [13.25, 19, 2]},
			"faces": {
				"north": {"uv": [11.25, 9, 14.25, 9.25], "texture": "#0"},
				"east": {"uv": [13.75, 0.5, 14, 0.75], "texture": "#0"},
				"south": {"uv": [11.25, 9.25, 14.25, 9.5], "texture": "#0"},
				"west": {"uv": [13.75, 0.75, 14, 1], "texture": "#0"},
				"up": {"uv": [14.25, 9.75, 11.25, 9.5], "texture": "#0"},
				"down": {"uv": [14.25, 9.75, 11.25, 10], "texture": "#0"}
			}
		},
		{
			"from": [2, 18.5, 2],
			"to": [14, 19.5, 3],
			"rotation": {"angle": 0, "axis": "y", "origin": [13.25, 11, 2]},
			"faces": {
				"north": {"uv": [11.25, 8, 14.25, 8.25], "texture": "#0"},
				"east": {"uv": [13.75, 0, 14, 0.25], "texture": "#0"},
				"south": {"uv": [11.25, 8.25, 14.25, 8.5], "texture": "#0"},
				"west": {"uv": [13.75, 0.25, 14, 0.5], "texture": "#0"},
				"up": {"uv": [14.25, 8.75, 11.25, 8.5], "texture": "#0"},
				"down": {"uv": [14.25, 8.75, 11.25, 9], "texture": "#0"}
			}
		},
		{
			"from": [2, 19.5, 2],
			"to": [3, 26.5, 3],
			"rotation": {"angle": 0, "axis": "y", "origin": [2, 19, 2]},
			"faces": {
				"north": {"uv": [9.5, 12.25, 9.75, 14], "texture": "#0"},
				"east": {"uv": [9.75, 12.25, 10, 14], "texture": "#0"},
				"south": {"uv": [10, 12.25, 10.25, 14], "texture": "#0"},
				"west": {"uv": [10.25, 12.25, 10.5, 14], "texture": "#0"},
				"up": {"uv": [13.75, 13.5, 13.5, 13.25], "texture": "#0"},
				"down": {"uv": [13.75, 13.5, 13.5, 13.75], "texture": "#0"}
			}
		},
		{
			"from": [7, 3.94532, 2.25],
			"to": [9, 4.94532, 3.25],
			"rotation": {"angle": -22.5, "axis": "z", "origin": [8, 8.97266, 2.75]},
			"faces": {
				"north": {"uv": [12.75, 10.75, 13.25, 11], "texture": "#0"},
				"east": {"uv": [13.5, 4.25, 13.75, 4.5], "texture": "#0"},
				"south": {"uv": [12.75, 11, 13.25, 11.25], "texture": "#0"},
				"west": {"uv": [4.5, 13.5, 4.75, 13.75], "texture": "#0"},
				"up": {"uv": [13.5, 1, 13, 0.75], "texture": "#0"},
				"down": {"uv": [13.5, 1, 13, 1.25], "texture": "#0"}
			}
		},
		{
			"from": [7, 13, 2.25],
			"to": [9, 14, 3.25],
			"rotation": {"angle": 0, "axis": "y", "origin": [8, 8.97266, 2.75]},
			"faces": {
				"north": {"uv": [13, 1.25, 13.5, 1.5], "texture": "#0"},
				"east": {"uv": [13.5, 4.5, 13.75, 4.75], "texture": "#0"},
				"south": {"uv": [13, 1.5, 13.5, 1.75], "texture": "#0"},
				"west": {"uv": [4.75, 13.5, 5, 13.75], "texture": "#0"},
				"up": {"uv": [13.5, 2, 13, 1.75], "texture": "#0"},
				"down": {"uv": [13.5, 2, 13, 2.25], "texture": "#0"}
			}
		},
		{
			"from": [7, 13, 2.25],
			"to": [9, 14, 3.25],
			"rotation": {"angle": 22.5, "axis": "z", "origin": [8, 8.97266, 2.75]},
			"faces": {
				"north": {"uv": [13, 2.25, 13.5, 2.5], "texture": "#0"},
				"east": {"uv": [13.5, 4.75, 13.75, 5], "texture": "#0"},
				"south": {"uv": [13, 2.5, 13.5, 2.75], "texture": "#0"},
				"west": {"uv": [5, 13.5, 5.25, 13.75], "texture": "#0"},
				"up": {"uv": [13.5, 3, 13, 2.75], "texture": "#0"},
				"down": {"uv": [13.5, 3, 13, 3.25], "texture": "#0"}
			}
		},
		{
			"from": [7, 13, 2.25],
			"to": [9, 14, 3.25],
			"rotation": {"angle": 45, "axis": "z", "origin": [8, 8.97266, 2.75]},
			"faces": {
				"north": {"uv": [13, 3.25, 13.5, 3.5], "texture": "#0"},
				"east": {"uv": [13.5, 5, 13.75, 5.25], "texture": "#0"},
				"south": {"uv": [13, 3.5, 13.5, 3.75], "texture": "#0"},
				"west": {"uv": [5.25, 13.5, 5.5, 13.75], "texture": "#0"},
				"up": {"uv": [13.5, 4, 13, 3.75], "texture": "#0"},
				"down": {"uv": [5.25, 13, 4.75, 13.25], "texture": "#0"}
			}
		},
		{
			"from": [2.97266, 7.97266, 2.25],
			"to": [3.97266, 9.97266, 3.25],
			"rotation": {"angle": -22.5, "axis": "z", "origin": [8, 8.97266, 2.75]},
			"faces": {
				"north": {"uv": [5.25, 13, 5.5, 13.5], "texture": "#0"},
				"east": {"uv": [13, 5.25, 13.25, 5.75], "texture": "#0"},
				"south": {"uv": [5.5, 13, 5.75, 13.5], "texture": "#0"},
				"west": {"uv": [5.75, 13, 6, 13.5], "texture": "#0"},
				"up": {"uv": [5.75, 13.75, 5.5, 13.5], "texture": "#0"},
				"down": {"uv": [6, 13.5, 5.75, 13.75], "texture": "#0"}
			}
		},
		{
			"from": [2.97266, 7.97266, 2.25],
			"to": [3.97266, 9.97266, 3.25],
			"rotation": {"angle": 0, "axis": "z", "origin": [8, 8.97266, 2.75]},
			"faces": {
				"north": {"uv": [6, 13, 6.25, 13.5], "texture": "#0"},
				"east": {"uv": [6.25, 13, 6.5, 13.5], "texture": "#0"},
				"south": {"uv": [6.5, 13, 6.75, 13.5], "texture": "#0"},
				"west": {"uv": [6.75, 13, 7, 13.5], "texture": "#0"},
				"up": {"uv": [13.75, 6, 13.5, 5.75], "texture": "#0"},
				"down": {"uv": [6.25, 13.5, 6, 13.75], "texture": "#0"}
			}
		},
		{
			"from": [2.97266, 7.97266, 2.25],
			"to": [3.97266, 9.97266, 3.25],
			"rotation": {"angle": 22.5, "axis": "z", "origin": [8, 8.97266, 2.75]},
			"faces": {
				"north": {"uv": [7, 13, 7.25, 13.5], "texture": "#0"},
				"east": {"uv": [7.25, 13, 7.5, 13.5], "texture": "#0"},
				"south": {"uv": [7.5, 13, 7.75, 13.5], "texture": "#0"},
				"west": {"uv": [7.75, 13, 8, 13.5], "texture": "#0"},
				"up": {"uv": [6.5, 13.75, 6.25, 13.5], "texture": "#0"},
				"down": {"uv": [6.75, 13.5, 6.5, 13.75], "texture": "#0"}
			}
		},
		{
			"from": [2.97266, 7.97266, 2.25],
			"to": [3.97266, 9.97266, 3.25],
			"rotation": {"angle": 45, "axis": "z", "origin": [8, 8.97266, 2.75]},
			"faces": {
				"north": {"uv": [8, 13, 8.25, 13.5], "texture": "#0"},
				"east": {"uv": [8.25, 13, 8.5, 13.5], "texture": "#0"},
				"south": {"uv": [13, 12.25, 13.25, 12.75], "texture": "#0"},
				"west": {"uv": [13, 12.75, 13.25, 13.25], "texture": "#0"},
				"up": {"uv": [7, 13.75, 6.75, 13.5], "texture": "#0"},
				"down": {"uv": [7.25, 13.5, 7, 13.75], "texture": "#0"}
			}
		},
		{
			"from": [7, 13, 2.25],
			"to": [9, 14, 3.25],
			"rotation": {"angle": -22.5, "axis": "z", "origin": [8, 8.97266, 2.75]},
			"faces": {
				"north": {"uv": [13, 5.75, 13.5, 6], "texture": "#0"},
				"east": {"uv": [7.25, 13.5, 7.5, 13.75], "texture": "#0"},
				"south": {"uv": [13, 11.25, 13.5, 11.5], "texture": "#0"},
				"west": {"uv": [7.5, 13.5, 7.75, 13.75], "texture": "#0"},
				"up": {"uv": [13.75, 0.25, 13.25, 0], "texture": "#0"},
				"down": {"uv": [13.75, 0.25, 13.25, 0.5], "texture": "#0"}
			}
		},
		{
			"from": [7, 3.94532, 2.25],
			"to": [9, 4.94532, 3.25],
			"rotation": {"angle": 0, "axis": "z", "origin": [8, 8.97266, 2.75]},
			"faces": {
				"north": {"uv": [13.25, 0.5, 13.75, 0.75], "texture": "#0"},
				"east": {"uv": [7.75, 13.5, 8, 13.75], "texture": "#0"},
				"south": {"uv": [3.25, 13.25, 3.75, 13.5], "texture": "#0"},
				"west": {"uv": [8, 13.5, 8.25, 13.75], "texture": "#0"},
				"up": {"uv": [4.25, 13.5, 3.75, 13.25], "texture": "#0"},
				"down": {"uv": [4.75, 13.25, 4.25, 13.5], "texture": "#0"}
			}
		},
		{
			"from": [7, 3.94532, 2.25],
			"to": [9, 4.94532, 3.25],
			"rotation": {"angle": 22.5, "axis": "z", "origin": [8, 8.97266, 2.75]},
			"faces": {
				"north": {"uv": [4.75, 13.25, 5.25, 13.5], "texture": "#0"},
				"east": {"uv": [8.25, 13.5, 8.5, 13.75], "texture": "#0"},
				"south": {"uv": [13.25, 5.25, 13.75, 5.5], "texture": "#0"},
				"west": {"uv": [13.5, 11.25, 13.75, 11.5], "texture": "#0"},
				"up": {"uv": [13.75, 5.75, 13.25, 5.5], "texture": "#0"},
				"down": {"uv": [13.75, 10.75, 13.25, 11], "texture": "#0"}
			}
		},
		{
			"from": [7, 3.94532, 2.25],
			"to": [9, 4.94532, 3.25],
			"rotation": {"angle": 45, "axis": "z", "origin": [8, 8.97266, 2.75]},
			"faces": {
				"north": {"uv": [13.25, 11, 13.75, 11.25], "texture": "#0"},
				"east": {"uv": [11.5, 13.5, 11.75, 13.75], "texture": "#0"},
				"south": {"uv": [13.25, 11.5, 13.75, 11.75], "texture": "#0"},
				"west": {"uv": [11.75, 13.5, 12, 13.75], "texture": "#0"},
				"up": {"uv": [13.75, 12, 13.25, 11.75], "texture": "#0"},
				"down": {"uv": [13.75, 12, 13.25, 12.25], "texture": "#0"}
			}
		},
		{
			"from": [12.02734, 7.97266, 2.25],
			"to": [13.02734, 9.97266, 3.25],
			"rotation": {"angle": -22.5, "axis": "z", "origin": [8, 8.97266, 2.75]},
			"faces": {
				"north": {"uv": [13.25, 12.25, 13.5, 12.75], "texture": "#0"},
				"east": {"uv": [13.25, 12.75, 13.5, 13.25], "texture": "#0"},
				"south": {"uv": [13, 13.25, 13.25, 13.75], "texture": "#0"},
				"west": {"uv": [13.25, 13.25, 13.5, 13.75], "texture": "#0"},
				"up": {"uv": [12.25, 13.75, 12, 13.5], "texture": "#0"},
				"down": {"uv": [12.5, 13.5, 12.25, 13.75], "texture": "#0"}
			}
		},
		{
			"from": [12.02734, 7.97266, 2.25],
			"to": [13.02734, 9.97266, 3.25],
			"rotation": {"angle": 0, "axis": "z", "origin": [8, 8.97266, 2.75]},
			"faces": {
				"north": {"uv": [13.5, 0.75, 13.75, 1.25], "texture": "#0"},
				"east": {"uv": [13.5, 1.25, 13.75, 1.75], "texture": "#0"},
				"south": {"uv": [13.5, 1.75, 13.75, 2.25], "texture": "#0"},
				"west": {"uv": [13.5, 2.25, 13.75, 2.75], "texture": "#0"},
				"up": {"uv": [13.75, 12.5, 13.5, 12.25], "texture": "#0"},
				"down": {"uv": [12.75, 13.5, 12.5, 13.75], "texture": "#0"}
			}
		},
		{
			"from": [12.02734, 7.97266, 2.25],
			"to": [13.02734, 9.97266, 3.25],
			"rotation": {"angle": 22.5, "axis": "z", "origin": [8, 8.97266, 2.75]},
			"faces": {
				"north": {"uv": [13.5, 2.75, 13.75, 3.25], "texture": "#0"},
				"east": {"uv": [3.25, 13.5, 3.5, 14], "texture": "#0"},
				"south": {"uv": [13.5, 3.25, 13.75, 3.75], "texture": "#0"},
				"west": {"uv": [3.5, 13.5, 3.75, 14], "texture": "#0"},
				"up": {"uv": [13.75, 12.75, 13.5, 12.5], "texture": "#0"},
				"down": {"uv": [13, 13.5, 12.75, 13.75], "texture": "#0"}
			}
		},
		{
			"from": [12.02734, 7.97266, 2.25],
			"to": [13.02734, 9.97266, 3.25],
			"rotation": {"angle": 45, "axis": "z", "origin": [8, 8.97266, 2.75]},
			"faces": {
				"north": {"uv": [3.75, 13.5, 4, 14], "texture": "#0"},
				"east": {"uv": [13.5, 3.75, 13.75, 4.25], "texture": "#0"},
				"south": {"uv": [4, 13.5, 4.25, 14], "texture": "#0"},
				"west": {"uv": [4.25, 13.5, 4.5, 14], "texture": "#0"},
				"up": {"uv": [13.75, 13, 13.5, 12.75], "texture": "#0"},
				"down": {"uv": [13.75, 13, 13.5, 13.25], "texture": "#0"}
			}
		},
		{
			"name": "octagon",
			"from": [6.5, 8.31618, 1.8125],
			"to": [9.5, 9.55882, 4.8125],
			"rotation": {"angle": 45, "axis": "z", "origin": [8, 8.9375, 3.3125]},
			"faces": {
				"north": {"uv": [12.5, 11.5, 13.25, 11.75], "texture": "#0"},
				"east": {"uv": [12.5, 11.75, 13.25, 12], "texture": "#0"},
				"south": {"uv": [12.5, 12, 13.25, 12.25], "texture": "#0"},
				"west": {"uv": [12.75, 4, 13.5, 4.25], "texture": "#0"},
				"up": {"uv": [11, 12.25, 10.25, 11.5], "texture": "#0"},
				"down": {"uv": [11.75, 11.5, 11, 12.25], "texture": "#0"}
			}
		},
		{
			"name": "octagon",
			"from": [6.5, 8.31618, 1.8125],
			"to": [9.5, 9.55882, 4.8125],
			"rotation": {"angle": 0, "axis": "x", "origin": [8, 8.9375, 3.3125]},
			"faces": {
				"north": {"uv": [12.75, 4.25, 13.5, 4.5], "texture": "#0"},
				"east": {"uv": [12.75, 4.5, 13.5, 4.75], "texture": "#0"},
				"south": {"uv": [12.75, 4.75, 13.5, 5], "texture": "#0"},
				"west": {"uv": [12.75, 5, 13.5, 5.25], "texture": "#0"},
				"up": {"uv": [12.5, 12.25, 11.75, 11.5], "texture": "#0"},
				"down": {"uv": [5.5, 12.25, 4.75, 13], "texture": "#0"}
			}
		},
		{
			"name": "octagon",
			"from": [7.37868, 7.4375, 1.8125],
			"to": [8.62132, 10.4375, 4.8125],
			"rotation": {"angle": 45, "axis": "z", "origin": [8, 8.9375, 3.3125]},
			"faces": {
				"north": {"uv": [12.75, 5.25, 13, 6], "texture": "#0"},
				"east": {"uv": [5.5, 12.25, 6.25, 13], "texture": "#0"},
				"south": {"uv": [11.5, 12.75, 11.75, 13.5], "texture": "#0"},
				"west": {"uv": [6.25, 12.25, 7, 13], "texture": "#0"},
				"up": {"uv": [12, 13.5, 11.75, 12.75], "texture": "#0"},
				"down": {"uv": [12.25, 12.75, 12, 13.5], "texture": "#0"}
			}
		},
		{
			"name": "octagon",
			"from": [7.37868, 7.4375, 1.8125],
			"to": [8.62132, 10.4375, 4.8125],
			"rotation": {"angle": 0, "axis": "x", "origin": [8, 8.9375, 3.3125]},
			"faces": {
				"north": {"uv": [12.25, 12.75, 12.5, 13.5], "texture": "#0"},
				"east": {"uv": [7, 12.25, 7.75, 13], "texture": "#0"},
				"south": {"uv": [12.5, 12.75, 12.75, 13.5], "texture": "#0"},
				"west": {"uv": [7.75, 12.25, 8.5, 13], "texture": "#0"},
				"up": {"uv": [13, 13.5, 12.75, 12.75], "texture": "#0"},
				"down": {"uv": [13.25, 0, 13, 0.75], "texture": "#0"}
			}
		}
	],
	"display": {
		"fixed": {
			"rotation": [-90, 0, 0],
			"translation": [0, -2, -16.75],
			"scale": [2, 2, 2]
		}
	},
	"groups": [
		0,
		1,
		2,
		3,
		4,
		5,
		6,
		7,
		8,
		{
			"name": "group",
			"origin": [4.58902, 6.69352, 2.5],
			"color": 0,
			"children": [9, 10, 11, 12, 13, 14, 15, 16, 17, 18, 19, 20, 21, 22, 23, 24]
		},
		{
			"name": "octagon",
			"origin": [8, 8, 8],
			"color": 0,
			"children": [25, 26, 27, 28]
		}
	]
}