{"textures":{"0":"modelengine:entity/elephant"},"elements":[{"from":[7.6685715,2.4087458,6.640746],"to":[8.518857,3.5607457,7.7378893],"rotation":{"angle":-45.0,"axis":"x","origin":[8.089143,4.442355,8.379574]},"faces":{"east":{"uv":[11.714286,3.7142856,12.285714,4.285714],"rotation":0,"texture":"#0","tintindex":0},"south":{"uv":[11.714286,3.7142856,12.285714,4.285714],"rotation":0,"texture":"#0","tintindex":0},"north":{"uv":[11.714286,3.7142856,12.285714,4.285714],"rotation":0,"texture":"#0","tintindex":0},"west":{"uv":[11.714286,3.7142856,12.285714,4.285714],"rotation":0,"texture":"#0","tintindex":0},"up":{"uv":[11.714286,3.7142856,12.285714,4.285714],"rotation":0,"texture":"#0","tintindex":0},"down":{"uv":[11.714286,3.7142856,12.285714,4.285714],"rotation":0,"texture":"#0","tintindex":0}}},{"from":[7.7782855,2.9391756,8.297148],"to":[8.4091425,5.462604,8.845719],"rotation":{"angle":0.0,"axis":"y","origin":[8.089143,4.442355,8.379574]},"faces":{"east":{"uv":[2.5625,0.575,2.4375,0.0],"rotation":0,"texture":"#0","tintindex":0},"south":{"uv":[2.58125,0.575,2.4375,0.0],"rotation":0,"texture":"#0","tintindex":0},"north":{"uv":[2.58125,0.575,2.4375,0.0],"rotation":0,"texture":"#0","tintindex":0},"west":{"uv":[2.5625,0.575,2.4375,0.0],"rotation":0,"texture":"#0","tintindex":0},"up":{"uv":[4.3125,2.375,2.4375,0.0],"rotation":0,"texture":"#0","tintindex":0},"down":{"uv":[4.3125,2.375,2.4375,0.0],"rotation":0,"texture":"#0","tintindex":0}}},{"from":[7.6685715,5.197008,8.452573],"to":[8.491428,7.8850083,9.220572],"rotation":{"angle":-22.5,"axis":"x","origin":[8.089143,4.442355,8.379574]},"faces":{"east":{"uv":[2.6125,0.6125,2.4375,0.0],"rotation":0,"texture":"#0","tintindex":0},"south":{"uv":[2.625,0.6125,2.4375,0.0],"rotation":0,"texture":"#0","tintindex":0},"north":{"uv":[2.625,0.6125,2.4375,0.0],"rotation":0,"texture":"#0","tintindex":0},"west":{"uv":[2.6125,0.6125,2.4375,0.0],"rotation":0,"texture":"#0","tintindex":0},"up":{"uv":[4.3125,2.375,2.4375,0.0],"rotation":0,"texture":"#0","tintindex":0},"down":{"uv":[4.3125,2.375,2.4375,0.0],"rotation":0,"texture":"#0","tintindex":0}}}],"display":{"head":{"translation":[0.0,-6.4,0.0],"scale":[4.0,4.0,4.0]}}}