{"textures":{"1":"modelengine:entity/mammoth"},"elements":[{"from":[7.3645716,8.041904,6.5857143],"to":[9.426286,10.5561905,9.276],"rotation":{"angle":22.5,"axis":"z","origin":[8.043428,10.342476,7.4028573]},"faces":{"east":{"uv":[9.375,0.0,10.0625,0.625],"rotation":0,"texture":"#1","tintindex":0},"south":{"uv":[10.625,7.625,11.125,8.25],"rotation":0,"texture":"#1","tintindex":0},"north":{"uv":[6.5625,10.625,7.0625,11.25],"rotation":0,"texture":"#1","tintindex":0},"west":{"uv":[9.375,0.625,10.0625,1.25],"rotation":0,"texture":"#1","tintindex":0},"up":{"uv":[5.0,10.8125,4.5,10.125],"rotation":0,"texture":"#1","tintindex":0},"down":{"uv":[5.5,10.125,5.0,10.8125],"rotation":0,"texture":"#1","tintindex":0}}},{"from":[6.233143,3.6921902,6.6359997],"to":[8.9988575,7.262476,9.225715],"rotation":{"angle":0.0,"axis":"y","origin":[7.616,7.1241903,7.4028573]},"faces":{"east":{"uv":[3.1875,8.1875,3.8125,9.0625],"rotation":0,"texture":"#1","tintindex":0},"south":{"uv":[10.875,5.5,11.5,5.9375],"rotation":0,"texture":"#1","tintindex":0},"north":{"uv":[7.3125,3.0625,8.0,3.9375],"rotation":0,"texture":"#1","tintindex":0},"west":{"uv":[8.5625,6.75,9.1875,7.625],"rotation":0,"texture":"#1","tintindex":0},"up":{"uv":[10.0,3.25,9.3125,2.625],"rotation":0,"texture":"#1","tintindex":0},"down":{"uv":[10.0,8.9375,9.3125,9.5625],"rotation":0,"texture":"#1","tintindex":0}}},{"from":[7.213714,6.8099046,6.5354285],"to":[8.9988575,10.153905,9.326286],"rotation":{"angle":-22.5,"axis":"z","origin":[7.616,9.94019,7.4028573]},"faces":{"east":{"uv":[1.8125,8.1875,2.5,9.0],"rotation":0,"texture":"#1","tintindex":0},"south":{"uv":[4.0625,10.0,4.5,10.8125],"rotation":0,"texture":"#1","tintindex":0},"north":{"uv":[3.625,10.0,4.0625,10.8125],"rotation":0,"texture":"#1","tintindex":0},"west":{"uv":[2.5,8.1875,3.1875,9.0],"rotation":0,"texture":"#1","tintindex":0},"up":{"uv":[7.9375,11.375,7.5,10.6875],"rotation":0,"texture":"#1","tintindex":0},"down":{"uv":[11.1875,1.625,10.75,2.3125],"rotation":0,"texture":"#1","tintindex":0}}}],"display":{"head":{"translation":[0.0,-6.4,0.0],"scale":[4.0,4.0,4.0]}}}