{"textures":{"1":"modelengine:entity/mammoth"},"elements":[{"from":[5.0148573,5.264762,5.968571],"to":[8.157714,7.351619,8.709143],"rotation":{"angle":0.0,"axis":"x","origin":[6.598857,8.696762,6.9114285]},"faces":{"east":{"uv":[10.875,5.5,11.5,5.9375],"rotation":0,"texture":"#1","tintindex":0},"south":{"uv":[10.0,2.1875,10.75,2.6875],"rotation":0,"texture":"#1","tintindex":0},"north":{"uv":[10.0,1.6875,10.75,2.1875],"rotation":0,"texture":"#1","tintindex":0},"west":{"uv":[7.25,10.1875,7.9375,10.6875],"rotation":0,"texture":"#1","tintindex":0},"up":{"uv":[4.5625,9.375,3.8125,8.6875],"rotation":0,"texture":"#1","tintindex":0},"down":{"uv":[5.3125,8.6875,4.5625,9.375],"rotation":0,"texture":"#1","tintindex":0}}},{"from":[5.0902853,3.6556187,6.1194286],"to":[7.856,5.5161905,8.684],"rotation":{"angle":0.0,"axis":"y","origin":[6.4731426,7.3390474,6.886286]},"faces":{"east":{"uv":[10.875,5.5,11.5,5.9375],"rotation":0,"texture":"#1","tintindex":0},"south":{"uv":[3.5,10.8125,4.1875,11.25],"rotation":0,"texture":"#1","tintindex":0},"north":{"uv":[2.8125,10.8125,3.5,11.25],"rotation":0,"texture":"#1","tintindex":0},"west":{"uv":[10.9375,3.6875,11.5625,4.125],"rotation":0,"texture":"#1","tintindex":0},"up":{"uv":[10.1875,6.375,9.5,5.75],"rotation":0,"texture":"#1","tintindex":0},"down":{"uv":[7.375,9.5,6.6875,10.125],"rotation":0,"texture":"#1","tintindex":0}}},{"from":[4.989714,6.798476,5.7422857],"to":[8.1828575,10.067048,8.985714],"rotation":{"angle":22.5,"axis":"x","origin":[9.993143,7.1881905,7.1377144]},"faces":{"east":{"uv":[10.875,5.5,11.5,5.9375],"rotation":0,"texture":"#1","tintindex":0},"south":{"uv":[0.8125,7.0625,1.625,7.875],"rotation":0,"texture":"#1","tintindex":0},"north":{"uv":[5.8125,6.9375,6.625,7.75],"rotation":0,"texture":"#1","tintindex":0},"west":{"uv":[7.0625,4.3125,7.875,5.125],"rotation":0,"texture":"#1","tintindex":0},"up":{"uv":[2.4375,8.125,1.625,7.3125],"rotation":0,"texture":"#1","tintindex":0},"down":{"uv":[8.125,2.25,7.3125,3.0625],"rotation":0,"texture":"#1","tintindex":0}}}],"display":{"head":{"translation":[0.0,-6.4,0.0],"scale":[4.0,4.0,4.0]}}}