{"textures":{"0":"modelengine:entity/gazelle"},"elements":[{"from":[7.451273,7.1178904,7.153802],"to":[8.432567,8.9020605,7.9120746],"rotation":{"angle":-45.0,"axis":"x","origin":[7.94192,8.009975,7.6506925]},"faces":{"east":{"uv":[2.0,5.75,0.25,7.0],"rotation":270,"texture":"#0","tintindex":0},"south":{"uv":[10.5,3.5,9.75,5.0],"rotation":0,"texture":"#0","tintindex":0},"north":{"uv":[7.5,5.0,6.0,7.25],"rotation":0,"texture":"#0","tintindex":0},"west":{"uv":[2.0,7.0,0.25,5.75],"rotation":270,"texture":"#0","tintindex":0},"up":{"uv":[7.5,5.0,6.0,7.25],"rotation":0,"texture":"#0","tintindex":0},"down":{"uv":[1.5,5.0,0.0,7.0],"rotation":0,"texture":"#0","tintindex":0}}},{"from":[7.539495,8.509816,6.478878],"to":[8.389277,10.421328,7.467237],"rotation":{"angle":-22.5,"axis":"x","origin":[7.964386,9.0828705,7.2085657]},"faces":{"east":{"uv":[13.75,5.0,15.25,3.5],"rotation":90,"texture":"#0","tintindex":0},"south":{"uv":[9.25,5.5,10.25,7.25],"rotation":0,"texture":"#0","tintindex":0},"north":{"uv":[7.5,5.0,6.0,7.25],"rotation":180,"texture":"#0","tintindex":0},"west":{"uv":[13.75,3.5,15.25,5.0],"rotation":90,"texture":"#0","tintindex":0},"up":{"uv":[10.5,7.5,9.5,8.5],"rotation":0,"texture":"#0","tintindex":0},"down":{"uv":[1.5,5.0,0.0,7.0],"rotation":0,"texture":"#0","tintindex":0}}},{"from":[7.4084544,7.977624,7.4828467],"to":[8.505716,9.640483,8.315641],"rotation":{"angle":-45.0,"axis":"x","origin":[8.003149,8.376137,8.309247]},"faces":{"east":{"uv":[13.75,4.5,15.5,3.5],"rotation":90,"texture":"#0","tintindex":0},"south":{"uv":[9.25,5.5,10.5,7.25],"rotation":0,"texture":"#0","tintindex":0},"north":{"uv":[7.5,5.0,6.0,7.25],"rotation":0,"texture":"#0","tintindex":0},"west":{"uv":[13.75,3.5,15.5,4.5],"rotation":90,"texture":"#0","tintindex":0},"up":{"uv":[7.5,4.25,6.0,5.25],"rotation":180,"texture":"#0","tintindex":0},"down":{"uv":[12.0,3.5,9.75,4.25],"rotation":90,"texture":"#0","tintindex":0}}}],"display":{"head":{"translation":[0.0,-6.4,0.0],"scale":[4.0,4.0,4.0]}}}