{"textures":{"0":"modelengine:entity/charleskingspaniel"},"elements":[{"from":[7.285714,5.9634333,7.5044813],"to":[8.714286,8.249148,8.933053],"rotation":{"angle":22.5,"axis":"x","origin":[8.0,8.069488,8.122728]},"faces":{"east":{"uv":[4.258,6.758,4.875,7.742],"rotation":0,"texture":"#0","tintindex":0},"south":{"uv":[7.008,6.008,7.625,6.992],"rotation":0,"texture":"#0","tintindex":0},"north":{"uv":[3.258,6.758,3.875,7.742],"rotation":0,"texture":"#0","tintindex":0},"west":{"uv":[7.258,3.508,7.875,4.492],"rotation":0,"texture":"#0","tintindex":0},"up":{"uv":[8.875,5.125,8.258,4.508],"rotation":0,"texture":"#0","tintindex":0},"down":{"uv":[7.875,8.508,7.258,9.125],"rotation":0,"texture":"#0","tintindex":0}}}],"display":{"head":{"translation":[0.0,-6.4,0.0],"scale":[4.0,4.0,4.0]}}}