{"textures":{"0":"modelengine:entity/charleskingspaniel"},"elements":[{"from":[7.428571,6.2994013,7.3854923],"to":[8.571428,8.156544,8.52835],"rotation":{"angle":22.5,"axis":"x","origin":[7.9964285,7.866749,7.9807467]},"faces":{"east":{"uv":[3.758,8.008,4.242,8.875],"rotation":0,"texture":"#0","tintindex":0},"south":{"uv":[4.508,8.008,4.992,8.875],"rotation":0,"texture":"#0","tintindex":0},"north":{"uv":[3.008,8.008,3.492,8.875],"rotation":0,"texture":"#0","tintindex":0},"west":{"uv":[5.258,8.008,5.742,8.875],"rotation":0,"texture":"#0","tintindex":0},"up":{"uv":[10.242,1.492,9.758,1.008],"rotation":0,"texture":"#0","tintindex":0},"down":{"uv":[2.242,10.008,1.758,10.492],"rotation":0,"texture":"#0","tintindex":0}}}],"display":{"head":{"translation":[0.0,-6.4,0.0],"scale":[4.0,4.0,4.0]}}}