{"textures":{"1":"modelengine:entity/mammoth"},"elements":[{"from":[7.218676,5.285714,6.7863545],"to":[8.875819,6.2285714,8.10064],"rotation":{"angle":0.0,"axis":"y","origin":[9.571428,3.9714284,10.3714285]},"faces":{"east":{"uv":[12.1875,12.375,12.3125,12.5],"rotation":0,"texture":"#1","tintindex":0},"south":{"uv":[12.0625,8.5,12.25,8.625],"rotation":0,"texture":"#1","tintindex":0},"north":{"uv":[11.3125,0.25,11.5,0.375],"rotation":0,"texture":"#1","tintindex":0},"west":{"uv":[12.3125,12.375,12.4375,12.5],"rotation":0,"texture":"#1","tintindex":0},"up":{"uv":[9.9375,12.5,9.75,12.375],"rotation":0,"texture":"#1","tintindex":0},"down":{"uv":[10.125,12.375,9.9375,12.5],"rotation":0,"texture":"#1","tintindex":0}}},{"from":[1.9866223,-1.091053,7.272069],"to":[6.1294794,2.2518034,7.614926],"rotation":{"angle":22.5,"axis":"z","origin":[5.1307254,8.118641,7.9714284]},"faces":{"east":{"uv":[3.6875,5.125,3.75,5.5],"rotation":0,"texture":"#1","tintindex":0},"south":{"uv":[11.0625,11.6875,11.5,12.0625],"rotation":0,"texture":"#1","tintindex":0},"north":{"uv":[10.625,11.6875,11.0625,12.0625],"rotation":0,"texture":"#1","tintindex":0},"west":{"uv":[3.6875,5.5,3.75,5.875],"rotation":0,"texture":"#1","tintindex":0},"up":{"uv":[2.25,8.1875,1.8125,8.125],"rotation":0,"texture":"#1","tintindex":0},"down":{"uv":[0.9375,8.875,0.5,8.9375],"rotation":0,"texture":"#1","tintindex":0}}},{"from":[6.1294794,2.7660894,7.272069],"to":[6.7866225,4.7375183,7.614926],"rotation":{"angle":22.5,"axis":"z","origin":[5.1307254,8.118641,7.9714284]},"faces":{"east":{"uv":[8.5625,0.375,8.625,0.5625],"rotation":0,"texture":"#1","tintindex":0},"south":{"uv":[8.8125,1.375,8.875,1.5625],"rotation":0,"texture":"#1","tintindex":0},"north":{"uv":[8.1875,4.9375,8.25,5.125],"rotation":0,"texture":"#1","tintindex":0},"west":{"uv":[0.4375,10.125,0.5,10.3125],"rotation":0,"texture":"#1","tintindex":0},"up":{"uv":[3.0625,10.75,3.0,10.6875],"rotation":0,"texture":"#1","tintindex":0},"down":{"uv":[11.0,4.25,10.9375,4.3125],"rotation":0,"texture":"#1","tintindex":0}}},{"from":[1.1595588,4.9760275,7.2434974],"to":[2.3881297,5.461742,7.729212],"rotation":{"angle":45.0,"axis":"z","origin":[3.178318,7.2326136,7.9714284]},"faces":{"east":{"uv":[7.9375,10.1875,8.0,10.25],"rotation":0,"texture":"#1","tintindex":0},"south":{"uv":[10.375,6.3125,10.5,6.375],"rotation":0,"texture":"#1","tintindex":0},"north":{"uv":[9.1875,10.1875,9.3125,10.25],"rotation":0,"texture":"#1","tintindex":0},"west":{"uv":[10.375,4.3125,10.4375,4.375],"rotation":0,"texture":"#1","tintindex":0},"up":{"uv":[6.0625,10.75,5.9375,10.6875],"rotation":0,"texture":"#1","tintindex":0},"down":{"uv":[10.875,5.5,10.75,5.5625],"rotation":0,"texture":"#1","tintindex":0}}},{"from":[6.5615335,5.3999996,6.9292116],"to":[7.218676,6.1714287,7.9292116],"rotation":{"angle":0.0,"axis":"y","origin":[5.757143,7.542857,7.957143]},"faces":{"east":{"uv":[7.75,4.25,7.875,4.3125],"rotation":0,"texture":"#1","tintindex":0},"south":{"uv":[2.5,5.0625,2.5625,5.125],"rotation":0,"texture":"#1","tintindex":0},"north":{"uv":[3.75,4.75,3.8125,4.8125],"rotation":0,"texture":"#1","tintindex":0},"west":{"uv":[7.9375,2.1875,8.0625,2.25],"rotation":0,"texture":"#1","tintindex":0},"up":{"uv":[9.625,1.375,9.5625,1.25],"rotation":0,"texture":"#1","tintindex":0},"down":{"uv":[10.9375,10.625,10.875,10.75],"rotation":0,"texture":"#1","tintindex":0}}},{"from":[4.0693393,1.1188579,7.272069],"to":[4.4979105,4.690287,7.70064],"rotation":{"angle":-22.5,"axis":"z","origin":[3.178318,7.2326136,7.9714284]},"faces":{"east":{"uv":[1.625,12.3125,1.6875,12.6875],"rotation":0,"texture":"#1","tintindex":0},"south":{"uv":[2.375,12.375,2.4375,12.75],"rotation":0,"texture":"#1","tintindex":0},"north":{"uv":[5.875,11.3125,5.9375,11.6875],"rotation":0,"texture":"#1","tintindex":0},"west":{"uv":[4.9375,12.375,5.0,12.75],"rotation":0,"texture":"#1","tintindex":0},"up":{"uv":[11.0625,4.875,11.0,4.8125],"rotation":0,"texture":"#1","tintindex":0},"down":{"uv":[9.5625,11.125,9.5,11.1875],"rotation":0,"texture":"#1","tintindex":0}}},{"from":[2.9294796,5.5660896,7.214926],"to":[4.786622,6.108947,7.729212],"rotation":{"angle":22.5,"axis":"z","origin":[5.1307254,8.118641,7.9714284]},"faces":{"east":{"uv":[7.1875,0.9375,7.25,1.0],"rotation":0,"texture":"#1","tintindex":0},"south":{"uv":[5.6875,4.625,5.875,4.6875],"rotation":0,"texture":"#1","tintindex":0},"north":{"uv":[2.3125,5.0625,2.5,5.125],"rotation":0,"texture":"#1","tintindex":0},"west":{"uv":[5.25,9.375,5.3125,9.4375],"rotation":0,"texture":"#1","tintindex":0},"up":{"uv":[3.625,6.6875,3.4375,6.625],"rotation":0,"texture":"#1","tintindex":0},"down":{"uv":[7.6875,6.0625,7.5,6.125],"rotation":0,"texture":"#1","tintindex":0}}},{"from":[1.9866223,2.2232327,7.272069],"to":[6.1294794,5.5660896,7.614926],"rotation":{"angle":22.5,"axis":"z","origin":[5.1307254,8.118641,7.9714284]},"faces":{"east":{"uv":[3.75,4.0,3.8125,4.375],"rotation":0,"texture":"#1","tintindex":0},"south":{"uv":[6.8125,11.6875,7.25,12.0625],"rotation":0,"texture":"#1","tintindex":0},"north":{"uv":[8.25,5.8125,8.6875,6.1875],"rotation":0,"texture":"#1","tintindex":0},"west":{"uv":[3.75,4.375,3.8125,4.75],"rotation":0,"texture":"#1","tintindex":0},"up":{"uv":[3.4375,6.6875,3.0,6.625],"rotation":0,"texture":"#1","tintindex":0},"down":{"uv":[7.1875,0.9375,6.75,1.0],"rotation":0,"texture":"#1","tintindex":0}}},{"from":[5.5636873,5.5329266,7.0720687],"to":[6.5636873,6.132927,7.7863545],"rotation":{"angle":0.0,"axis":"y","origin":[6.7878685,8.09007,7.957143]},"faces":{"east":{"uv":[3.6875,5.875,3.75,5.9375],"rotation":0,"texture":"#1","tintindex":0},"south":{"uv":[9.1875,8.9375,9.3125,9.0],"rotation":0,"texture":"#1","tintindex":0},"north":{"uv":[1.6875,8.9375,1.8125,9.0],"rotation":0,"texture":"#1","tintindex":0},"west":{"uv":[3.625,6.625,3.6875,6.6875],"rotation":0,"texture":"#1","tintindex":0},"up":{"uv":[6.6875,10.125,6.5625,10.0625],"rotation":0,"texture":"#1","tintindex":0},"down":{"uv":[7.375,10.125,7.25,10.1875],"rotation":0,"texture":"#1","tintindex":0}}},{"from":[2.6256795,1.1478467,7.2770643],"to":[5.9971075,4.490704,7.6142073],"rotation":{"angle":-22.5,"axis":"z","origin":[2.4489436,2.6473165,7.9714284]},"faces":{"east":{"uv":[8.5625,0.0,8.625,0.375],"rotation":0,"texture":"#1","tintindex":0},"south":{"uv":[11.875,6.25,12.25,6.625],"rotation":0,"texture":"#1","tintindex":0},"north":{"uv":[5.875,11.875,6.25,12.25],"rotation":0,"texture":"#1","tintindex":0},"west":{"uv":[0.4375,9.75,0.5,10.125],"rotation":0,"texture":"#1","tintindex":0},"up":{"uv":[9.875,6.4375,9.5,6.375],"rotation":0,"texture":"#1","tintindex":0},"down":{"uv":[2.75,9.625,2.375,9.6875],"rotation":0,"texture":"#1","tintindex":0}}}],"display":{"head":{"translation":[0.0,-6.4,0.0],"scale":[4.0,4.0,4.0]}}}