{"textures":{"1":"modelengine:entity/mammoth"},"elements":[{"from":[7.028571,-0.9142866,5.2285714],"to":[8.742857,1.1999998,5.9714284],"rotation":{"angle":0.0,"axis":"y","origin":[7.8285713,4.2571425,9.6]},"faces":{"east":{"uv":[1.3125,0.0,1.5,0.25],"rotation":0,"texture":"#1","tintindex":0},"south":{"uv":[1.3125,0.0,1.5,0.25],"rotation":0,"texture":"#1","tintindex":0},"north":{"uv":[1.3125,0.0,1.5,0.25],"rotation":0,"texture":"#1","tintindex":0},"west":{"uv":[1.3125,0.0,1.5,0.25],"rotation":0,"texture":"#1","tintindex":0},"up":{"uv":[1.3125,0.0,1.5,0.0625],"rotation":0,"texture":"#1","tintindex":0},"down":{"uv":[1.3125,0.0,1.5,0.0625],"rotation":0,"texture":"#1","tintindex":0}}},{"from":[4.8571424,-0.9142866,5.5714283],"to":[6.5714283,1.1999998,6.3142858],"rotation":{"angle":22.5,"axis":"y","origin":[5.714286,0.0,5.942857]},"faces":{"east":{"uv":[1.3125,0.0,1.5,0.25],"rotation":0,"texture":"#1","tintindex":0},"south":{"uv":[1.3125,0.0,1.5,0.25],"rotation":0,"texture":"#1","tintindex":0},"north":{"uv":[1.3125,0.0,1.5,0.25],"rotation":0,"texture":"#1","tintindex":0},"west":{"uv":[1.3125,0.0,1.5,0.25],"rotation":0,"texture":"#1","tintindex":0},"up":{"uv":[1.3125,0.0,1.5,0.0625],"rotation":0,"texture":"#1","tintindex":0},"down":{"uv":[1.3125,0.0,1.5,0.0625],"rotation":0,"texture":"#1","tintindex":0}}},{"from":[5.2571425,0.68571377,6.7714286],"to":[10.4,9.542857,11.685715],"rotation":{"angle":0.0,"axis":"y","origin":[7.8285713,5.1142855,9.657143]},"faces":{"east":{"uv":[6.625,7.75,7.1875,8.75],"rotation":0,"texture":"#1","tintindex":0},"south":{"uv":[7.75,8.0,8.3125,9.0],"rotation":0,"texture":"#1","tintindex":0},"north":{"uv":[8.0,6.75,8.5625,7.75],"rotation":0,"texture":"#1","tintindex":0},"west":{"uv":[8.0625,0.5625,8.625,1.5625],"rotation":0,"texture":"#1","tintindex":0},"up":{"uv":[10.9375,9.9375,10.375,9.375],"rotation":0,"texture":"#1","tintindex":0},"down":{"uv":[11.0,4.3125,10.4375,4.875],"rotation":0,"texture":"#1","tintindex":0}}},{"from":[9.085714,-0.9142866,5.5714283],"to":[10.8,1.1999998,6.3142858],"rotation":{"angle":-22.5,"axis":"y","origin":[9.942858,0.0,5.942857]},"faces":{"east":{"uv":[1.3125,0.0,1.5,0.25],"rotation":0,"texture":"#1","tintindex":0},"south":{"uv":[1.3125,0.0,1.5,0.25],"rotation":0,"texture":"#1","tintindex":0},"north":{"uv":[1.3125,0.0,1.5,0.25],"rotation":0,"texture":"#1","tintindex":0},"west":{"uv":[1.3125,0.0,1.5,0.25],"rotation":0,"texture":"#1","tintindex":0},"up":{"uv":[1.3125,0.0,1.5,0.0625],"rotation":0,"texture":"#1","tintindex":0},"down":{"uv":[1.3125,0.0,1.5,0.0625],"rotation":0,"texture":"#1","tintindex":0}}},{"from":[4.8571424,-0.9142866,5.9714284],"to":[10.8,1.9428568,11.971429],"rotation":{"angle":0.0,"axis":"y","origin":[7.8285713,4.2571425,9.6]},"faces":{"east":{"uv":[11.4375,5.9375,12.0625,6.25],"rotation":0,"texture":"#1","tintindex":0},"south":{"uv":[0.375,11.5,1.0,11.8125],"rotation":0,"texture":"#1","tintindex":0},"north":{"uv":[11.4375,8.0625,12.0625,8.375],"rotation":0,"texture":"#1","tintindex":0},"west":{"uv":[3.5,11.25,4.1875,11.5625],"rotation":0,"texture":"#1","tintindex":0},"up":{"uv":[6.0625,10.125,5.4375,9.4375],"rotation":0,"texture":"#1","tintindex":0},"down":{"uv":[8.0,9.5,7.375,10.1875],"rotation":0,"texture":"#1","tintindex":0}}}],"display":{"head":{"translation":[0.0,-6.4,0.0],"scale":[4.0,4.0,4.0]}}}