{"textures":{"1":"modelengine:entity/mammoth"},"elements":[{"from":[9.428572,-2.0571432,2.6571422],"to":[11.142858,0.057142735,3.3999996],"rotation":{"angle":-22.5,"axis":"y","origin":[10.285714,-1.1428576,3.0285711]},"faces":{"east":{"uv":[1.3125,0.0,1.5,0.25],"rotation":0,"texture":"#1","tintindex":0},"south":{"uv":[1.3125,0.0,1.5,0.25],"rotation":0,"texture":"#1","tintindex":0},"north":{"uv":[1.3125,0.0,1.5,0.25],"rotation":0,"texture":"#1","tintindex":0},"west":{"uv":[1.3125,0.0,1.5,0.25],"rotation":0,"texture":"#1","tintindex":0},"up":{"uv":[1.3125,0.0,1.5,0.0625],"rotation":0,"texture":"#1","tintindex":0},"down":{"uv":[1.3125,0.0,1.5,0.0625],"rotation":0,"texture":"#1","tintindex":0}}},{"from":[5.2,-2.0571432,3.0571427],"to":[11.142858,0.79999924,9.057143],"rotation":{"angle":0.0,"axis":"y","origin":[8.171429,3.1142855,6.6857142]},"faces":{"east":{"uv":[4.1875,11.375,4.8125,11.6875],"rotation":0,"texture":"#1","tintindex":0},"south":{"uv":[11.4375,5.9375,12.0625,6.25],"rotation":0,"texture":"#1","tintindex":0},"north":{"uv":[5.25,11.3125,5.875,11.625],"rotation":0,"texture":"#1","tintindex":0},"west":{"uv":[11.4375,5.9375,12.0625,6.25],"rotation":0,"texture":"#1","tintindex":0},"up":{"uv":[10.375,10.1875,9.75,9.5625],"rotation":0,"texture":"#1","tintindex":0},"down":{"uv":[10.4375,4.375,9.8125,5.0],"rotation":0,"texture":"#1","tintindex":0}}},{"from":[5.6,-1.3142853,3.7999997],"to":[10.742857,8.685715,8.714286],"rotation":{"angle":0.0,"axis":"y","origin":[8.171429,3.1142855,6.6857142]},"faces":{"east":{"uv":[7.5,0.8125,8.0625,1.875],"rotation":0,"texture":"#1","tintindex":0},"south":{"uv":[3.8125,7.625,4.375,8.6875],"rotation":0,"texture":"#1","tintindex":0},"north":{"uv":[7.4375,6.9375,8.0,8.0],"rotation":0,"texture":"#1","tintindex":0},"west":{"uv":[7.4375,6.9375,8.0,8.0],"rotation":0,"texture":"#1","tintindex":0},"up":{"uv":[10.3125,10.75,9.75,10.1875],"rotation":0,"texture":"#1","tintindex":0},"down":{"uv":[8.5,10.25,7.9375,10.8125],"rotation":0,"texture":"#1","tintindex":0}}},{"from":[5.2,-2.0571432,2.6571422],"to":[6.9142857,0.057142735,3.3999996],"rotation":{"angle":22.5,"axis":"y","origin":[6.0571427,-1.1428576,3.0285711]},"faces":{"east":{"uv":[1.3125,0.0,1.5,0.25],"rotation":0,"texture":"#1","tintindex":0},"south":{"uv":[1.3125,0.0,1.5,0.25],"rotation":0,"texture":"#1","tintindex":0},"north":{"uv":[1.3125,0.0,1.5,0.25],"rotation":0,"texture":"#1","tintindex":0},"west":{"uv":[1.3125,0.0,1.5,0.25],"rotation":0,"texture":"#1","tintindex":0},"up":{"uv":[1.3125,0.0,1.5,0.0625],"rotation":0,"texture":"#1","tintindex":0},"down":{"uv":[1.3125,0.0,1.5,0.0625],"rotation":0,"texture":"#1","tintindex":0}}},{"from":[7.257143,-2.0571432,2.3142858],"to":[8.971429,0.057142735,3.0571427],"rotation":{"angle":0.0,"axis":"y","origin":[8.171429,3.1142855,6.6857142]},"faces":{"east":{"uv":[1.3125,0.0,1.5,0.25],"rotation":0,"texture":"#1","tintindex":0},"south":{"uv":[1.3125,0.0,1.5,0.25],"rotation":0,"texture":"#1","tintindex":0},"north":{"uv":[1.3125,0.0,1.5,0.25],"rotation":0,"texture":"#1","tintindex":0},"west":{"uv":[1.3125,0.0,1.5,0.25],"rotation":0,"texture":"#1","tintindex":0},"up":{"uv":[1.3125,0.0,1.5,0.0625],"rotation":0,"texture":"#1","tintindex":0},"down":{"uv":[1.3125,0.0,1.5,0.0625],"rotation":0,"texture":"#1","tintindex":0}}}],"display":{"head":{"translation":[0.0,-6.4,0.0],"scale":[4.0,4.0,4.0]}}}