{
	"parent": "minecraft:item/handheld",
	"textures": {
		"layer0": "minecraft:item/netherite_sword"
	},
	"overrides": [
		{ "predicate": { "custom_model_data": 1}, "model": "fraggle:weapons/fire_swords/arcanite_reaper" },
		{ "predicate": { "custom_model_data": 2}, "model": "fraggle:weapons/fire_swords/ashkandi" },
		{ "predicate": { "custom_model_data": 3}, "model": "fraggle:weapons/fire_swords/axe_43" },
		{ "predicate": { "custom_model_data": 4}, "model": "fraggle:weapons/fire_swords/barbarian_icons_47_t" },
		{ "predicate": { "custom_model_data": 5}, "model": "fraggle:weapons/fire_swords/barbarian_icons_128_t" },
		{ "predicate": { "custom_model_data": 6}, "model": "fraggle:weapons/fire_swords/butchers_cleaver" },
		{ "predicate": { "custom_model_data": 7}, "model": "fraggle:weapons/fire_swords/dagger_36" },
		{ "predicate": { "custom_model_data": 8}, "model": "fraggle:weapons/fire_swords/dagger_39" },
		{ "predicate": { "custom_model_data": 9}, "model": "fraggle:weapons/fire_swords/dagger_40" },
		{ "predicate": { "custom_model_data": 10}, "model": "fraggle:weapons/fire_swords/dragon_sword_basic" },
		{ "predicate": { "custom_model_data": 11}, "model": "fraggle:weapons/fire_swords/dragon_sword_god" },
		
		
		{ "predicate": { "custom_model_data": 20}, "model": "minecraft:item/netherite_sword" }
	]
}