{"textures":{"0":"modelengine:entity/giraffe"},"elements":[{"from":[6.3180647,12.750013,-0.46192837],"to":[9.876527,23.04018,3.391111],"rotation":{"angle":-22.5,"axis":"x","origin":[8.097296,11.037953,1.321734]},"faces":{"east":{"uv":[4.0,1.375,4.4375,2.5],"rotation":0,"texture":"#0","tintindex":0},"south":{"uv":[0.75,4.0625,1.125,5.1875],"rotation":0,"texture":"#0","tintindex":0},"north":{"uv":[4.0,3.625,4.375,4.75],"rotation":0,"texture":"#0","tintindex":0},"west":{"uv":[4.0,2.5,4.4375,3.625],"rotation":0,"texture":"#0","tintindex":0},"up":{"uv":[7.25,1.4375,6.875,1.0],"rotation":0,"texture":"#0","tintindex":0},"down":{"uv":[5.875,6.875,5.5,7.3125],"rotation":0,"texture":"#0","tintindex":0}}},{"from":[6.0323505,8.464298,-0.46192837],"to":[10.019384,12.754465,3.533968],"rotation":{"angle":-22.5,"axis":"x","origin":[8.097296,11.037953,1.321734]},"faces":{"east":{"uv":[1.8125,6.625,2.25,7.125],"rotation":0,"texture":"#0","tintindex":0},"south":{"uv":[6.625,1.9375,7.0625,2.4375],"rotation":0,"texture":"#0","tintindex":0},"north":{"uv":[6.5,0.5,6.9375,1.0],"rotation":0,"texture":"#0","tintindex":0},"west":{"uv":[6.625,2.4375,7.0625,2.9375],"rotation":0,"texture":"#0","tintindex":0},"up":{"uv":[3.125,2.4375,4.0,3.125],"rotation":0,"texture":"#0","tintindex":0},"down":{"uv":[7.125,3.25,6.6875,3.6875],"rotation":0,"texture":"#0","tintindex":0}}},{"from":[5.8894935,8.321441,0.39521408],"to":[10.162241,13.325894,4.6768255],"rotation":{"angle":-45.0,"axis":"x","origin":[8.097296,11.037953,1.321734]},"faces":{"east":{"uv":[3.625,6.125,4.0625,6.6875],"rotation":0,"texture":"#0","tintindex":0},"south":{"uv":[3.125,5.3125,3.625,5.875],"rotation":0,"texture":"#0","tintindex":0},"north":{"uv":[6.5,0.5,6.9375,1.0],"rotation":0,"texture":"#0","tintindex":0},"west":{"uv":[1.0,6.1875,1.4375,6.75],"rotation":0,"texture":"#0","tintindex":0},"up":{"uv":[1.0,6.1875,1.4375,6.75],"rotation":0,"texture":"#0","tintindex":0},"down":{"uv":[6.75,4.875,6.25,5.3125],"rotation":0,"texture":"#0","tintindex":0}}},{"from":[5.805776,0.61045074,1.2779746],"to":[10.200659,9.510237,5.1675262],"rotation":{"angle":-22.5,"axis":"x","origin":[7.574646,6.917487,4.644418]},"faces":{"east":{"uv":[3.4375,4.5,3.875,5.3125],"rotation":0,"texture":"#0","tintindex":0},"south":{"uv":[1.625,4.0625,2.125,4.875],"rotation":0,"texture":"#0","tintindex":0},"north":{"uv":[1.125,4.0625,1.625,4.875],"rotation":0,"texture":"#0","tintindex":0},"west":{"uv":[4.375,4.5,4.8125,5.3125],"rotation":0,"texture":"#0","tintindex":0},"up":{"uv":[3.125,2.4375,4.0,3.125],"rotation":0,"texture":"#0","tintindex":0},"down":{"uv":[6.9375,5.75,6.4375,6.1875],"rotation":0,"texture":"#0","tintindex":0}}},{"from":[5.769331,6.782015,4.084421],"to":[10.221259,11.888092,8.286035],"rotation":{"angle":-45.0,"axis":"x","origin":[8.259616,8.450787,7.402114]},"faces":{"east":{"uv":[6.25,3.125,6.6875,3.6875],"rotation":0,"texture":"#0","tintindex":0},"south":{"uv":[5.1875,5.3125,5.6875,5.875],"rotation":0,"texture":"#0","tintindex":0},"north":{"uv":[4.25,5.3125,4.75,5.875],"rotation":0,"texture":"#0","tintindex":0},"west":{"uv":[6.25,4.3125,6.6875,4.875],"rotation":0,"texture":"#0","tintindex":0},"up":{"uv":[6.9375,1.9375,6.4375,1.5],"rotation":0,"texture":"#0","tintindex":0},"down":{"uv":[6.9375,3.6875,6.4375,4.125],"rotation":0,"texture":"#0","tintindex":0}}}],"display":{"head":{"translation":[0.0,-6.4,0.0],"scale":[4.0,4.0,4.0]}}}