{"textures":{"0":"modelengine:entity/giraffe"},"elements":[{"from":[4.6279516,7.1675887,4.0773263],"to":[11.340957,13.58707,11.922101],"rotation":{"angle":22.5,"axis":"x","origin":[7.9844537,7.608554,7.014902]},"faces":{"east":{"uv":[3.125,3.125,4.0,3.8125],"rotation":0,"texture":"#0","tintindex":0},"south":{"uv":[5.1875,4.3125,5.75,4.8125],"rotation":0,"texture":"#0","tintindex":0},"north":{"uv":[3.25,3.8125,4.0,4.5],"rotation":0,"texture":"#0","tintindex":0},"west":{"uv":[3.1875,0.6875,4.0625,1.375],"rotation":0,"texture":"#0","tintindex":0},"up":{"uv":[3.125,2.625,2.375,1.75],"rotation":0,"texture":"#0","tintindex":0},"down":{"uv":[3.1875,0.875,2.4375,1.75],"rotation":0,"texture":"#0","tintindex":0}}},{"from":[4.6279516,7.683725,0.33613586],"to":[11.340957,17.531778,2.8666248],"rotation":{"angle":22.5,"axis":"x","origin":[7.9844537,13.17918,0.80138016]},"faces":{"east":{"uv":[3.75,1.8125,4.0,2.4375],"rotation":0,"texture":"#0","tintindex":0},"south":{"uv":[0.75,0.0,1.5,1.0625],"rotation":0,"texture":"#0","tintindex":0},"north":{"uv":[3.125,1.75,4.0,2.4375],"rotation":180,"texture":"#0","tintindex":0},"west":{"uv":[3.75,1.8125,4.0,2.4375],"rotation":0,"texture":"#0","tintindex":0},"up":{"uv":[7.4375,4.375,6.6875,4.125],"rotation":0,"texture":"#0","tintindex":0},"down":{"uv":[3.125,1.75,4.0,2.4375],"rotation":0,"texture":"#0","tintindex":0}}},{"from":[4.1554565,3.675002,0.37859106],"to":[11.813451,11.4331255,7.110162],"rotation":{"angle":0.0,"axis":"y","origin":[7.7739015,10.427985,1.8957243]},"faces":{"east":{"uv":[1.625,1.75,2.375,2.625],"rotation":0,"texture":"#0","tintindex":0},"south":{"uv":[1.625,0.875,2.4375,1.75],"rotation":0,"texture":"#0","tintindex":0},"north":{"uv":[3.125,1.75,4.0,2.4375],"rotation":180,"texture":"#0","tintindex":0},"west":{"uv":[0.0,1.9375,0.75,2.8125],"rotation":0,"texture":"#0","tintindex":0},"up":{"uv":[2.3125,3.375,1.5,2.625],"rotation":0,"texture":"#0","tintindex":0},"down":{"uv":[3.125,2.625,2.3125,3.375],"rotation":0,"texture":"#0","tintindex":0}}},{"from":[4.342237,4.453303,6.3630404],"to":[11.626671,10.872785,14.207815],"rotation":{"angle":0.0,"axis":"y","origin":[7.9844537,8.123878,10.285428]},"faces":{"east":{"uv":[0.0,2.8125,0.875,3.5],"rotation":0,"texture":"#0","tintindex":0},"south":{"uv":[5.1875,4.3125,5.75,4.8125],"rotation":0,"texture":"#0","tintindex":0},"north":{"uv":[0.875,3.375,1.6875,4.0625],"rotation":0,"texture":"#0","tintindex":0},"west":{"uv":[3.0625,0.0,3.9375,0.6875],"rotation":0,"texture":"#0","tintindex":0},"up":{"uv":[0.8125,1.9375,0.0,1.0625],"rotation":0,"texture":"#0","tintindex":0},"down":{"uv":[1.625,1.0625,0.8125,1.9375],"rotation":0,"texture":"#0","tintindex":0}}},{"from":[4.4411707,9.480974,-0.075442314],"to":[11.527737,16.010527,7.713272],"rotation":{"angle":45.0,"axis":"x","origin":[7.9844537,10.7743225,2.7760582]},"faces":{"east":{"uv":[3.125,1.75,4.0,2.4375],"rotation":0,"texture":"#0","tintindex":0},"south":{"uv":[2.5,3.8125,3.25,4.5],"rotation":0,"texture":"#0","tintindex":0},"north":{"uv":[3.125,2.4375,4.0,3.125],"rotation":0,"texture":"#0","tintindex":0},"west":{"uv":[3.125,2.4375,4.0,3.125],"rotation":0,"texture":"#0","tintindex":0},"up":{"uv":[1.5,2.8125,0.75,1.9375],"rotation":0,"texture":"#0","tintindex":0},"down":{"uv":[3.0625,0.0,2.3125,0.875],"rotation":0,"texture":"#0","tintindex":0}}}],"display":{"head":{"translation":[0.0,-6.4,0.0],"scale":[4.0,4.0,4.0]}}}