{"textures":{"0":"modelengine:entity/asianelephant"},"elements":[{"from":[7.527232,6.545288,7.4048724],"to":[7.9399643,7.0297995,8.032943],"rotation":{"angle":0.0,"axis":"y","origin":[7.515658,6.9194837,7.952074]},"faces":{"east":{"uv":[2.58125,0.21875,2.4375,0.0],"rotation":0,"texture":"#0","tintindex":0},"south":{"uv":[2.58125,0.21875,2.4375,0.0],"rotation":0,"texture":"#0","tintindex":0},"north":{"uv":[2.58125,0.21875,2.4375,0.0],"rotation":0,"texture":"#0","tintindex":0},"west":{"uv":[2.58125,0.21875,2.4375,0.0],"rotation":0,"texture":"#0","tintindex":0},"up":{"uv":[2.58125,0.21875,2.4375,0.0],"rotation":0,"texture":"#0","tintindex":0},"down":{"uv":[2.58125,0.21875,2.4375,0.0],"rotation":0,"texture":"#0","tintindex":0}}},{"from":[6.9005146,6.628775,7.4945965],"to":[7.5285854,7.0056176,7.943218],"rotation":{"angle":0.0,"axis":"y","origin":[7.515658,6.9194837,7.952074]},"faces":{"east":{"uv":[2.65625,0.13125,2.4375,0.0],"rotation":0,"texture":"#0","tintindex":0},"south":{"uv":[2.65625,0.13125,2.4375,0.0],"rotation":0,"texture":"#0","tintindex":0},"north":{"uv":[2.65625,0.13125,2.4375,0.0],"rotation":0,"texture":"#0","tintindex":0},"west":{"uv":[2.65625,0.13125,2.4375,0.0],"rotation":0,"texture":"#0","tintindex":0},"up":{"uv":[2.65625,0.13125,2.4375,0.0],"rotation":0,"texture":"#0","tintindex":0},"down":{"uv":[2.65625,0.13125,2.4375,0.0],"rotation":0,"texture":"#0","tintindex":0}}},{"from":[5.823804,6.887581,7.584321],"to":[6.9902205,7.2285333,7.9073286],"rotation":{"angle":22.5,"axis":"z","origin":[7.515658,6.9194837,7.952074]},"faces":{"east":{"uv":[2.84375,0.11875,2.4375,0.0],"rotation":0,"texture":"#0","tintindex":0},"south":{"uv":[2.84375,0.11875,2.4375,0.0],"rotation":0,"texture":"#0","tintindex":0},"north":{"uv":[2.84375,0.11875,2.4375,0.0],"rotation":0,"texture":"#0","tintindex":0},"west":{"uv":[2.84375,0.11875,2.4375,0.0],"rotation":0,"texture":"#0","tintindex":0},"up":{"uv":[2.84375,0.11875,2.4375,0.0],"rotation":0,"texture":"#0","tintindex":0},"down":{"uv":[2.84375,0.11875,2.4375,0.0],"rotation":0,"texture":"#0","tintindex":0}}},{"from":[5.2316236,2.7064261,7.6202106],"to":[7.833629,4.805976,7.8355494],"rotation":{"angle":22.5,"axis":"z","origin":[7.515658,6.9194837,7.952074]},"faces":{"east":{"uv":[4.3125,2.375,2.4375,0.0],"rotation":0,"texture":"#0","tintindex":0},"south":{"uv":[3.34375,0.73125,2.4375,0.0],"rotation":0,"texture":"#0","tintindex":0},"north":{"uv":[3.34375,0.73125,2.4375,0.0],"rotation":0,"texture":"#0","tintindex":0},"west":{"uv":[2.5125,0.73125,2.4375,0.0],"rotation":0,"texture":"#0","tintindex":0},"up":{"uv":[4.3125,2.375,2.4375,0.0],"rotation":0,"texture":"#0","tintindex":0},"down":{"uv":[3.34375,0.075,2.4375,0.0],"rotation":0,"texture":"#0","tintindex":0}}},{"from":[7.9399643,6.4735084,7.315148],"to":[8.980766,7.065689,8.140612],"rotation":{"angle":0.0,"axis":"y","origin":[7.515658,6.9194837,7.952074]},"faces":{"east":{"uv":[2.8,0.20625,2.4375,0.0],"rotation":0,"texture":"#0","tintindex":0},"south":{"uv":[2.8,0.20625,2.4375,0.0],"rotation":0,"texture":"#0","tintindex":0},"north":{"uv":[2.8,0.20625,2.4375,0.0],"rotation":0,"texture":"#0","tintindex":0},"west":{"uv":[2.8,0.20625,2.4375,0.0],"rotation":0,"texture":"#0","tintindex":0},"up":{"uv":[2.8,0.20625,2.4375,0.0],"rotation":0,"texture":"#0","tintindex":0},"down":{"uv":[2.8,0.20625,2.4375,0.0],"rotation":0,"texture":"#0","tintindex":0}}},{"from":[5.302681,7.5458245,7.602266],"to":[6.0743103,7.8508873,7.9073286],"rotation":{"angle":45.0,"axis":"z","origin":[7.515658,6.9194837,7.952074]},"faces":{"east":{"uv":[2.70625,0.10625,2.4375,0.0],"rotation":0,"texture":"#0","tintindex":0},"south":{"uv":[2.70625,0.10625,2.4375,0.0],"rotation":0,"texture":"#0","tintindex":0},"north":{"uv":[2.70625,0.10625,2.4375,0.0],"rotation":0,"texture":"#0","tintindex":0},"west":{"uv":[2.70625,0.10625,2.4375,0.0],"rotation":0,"texture":"#0","tintindex":0},"up":{"uv":[2.70625,0.10625,2.4375,0.0],"rotation":0,"texture":"#0","tintindex":0},"down":{"uv":[2.70625,0.10625,2.4375,0.0],"rotation":0,"texture":"#0","tintindex":0}}},{"from":[6.0557885,3.050683,7.623348],"to":[8.173284,5.1502323,7.835098],"rotation":{"angle":-22.5,"axis":"z","origin":[7.515658,6.9194837,7.952074]},"faces":{"east":{"uv":[4.3125,2.375,2.4375,0.0],"rotation":0,"texture":"#0","tintindex":0},"south":{"uv":[3.175,0.73125,2.4375,0.0],"rotation":0,"texture":"#0","tintindex":0},"north":{"uv":[3.175,0.73125,2.4375,0.0],"rotation":0,"texture":"#0","tintindex":0},"west":{"uv":[4.3125,2.375,2.4375,0.0],"rotation":0,"texture":"#0","tintindex":0},"up":{"uv":[4.3125,2.375,2.4375,0.0],"rotation":0,"texture":"#0","tintindex":0},"down":{"uv":[3.175,0.07375,2.4375,0.0],"rotation":0,"texture":"#0","tintindex":0}}},{"from":[7.833629,5.1289835,7.6202106],"to":[8.246362,6.3671794,7.8355494],"rotation":{"angle":22.5,"axis":"z","origin":[7.515658,6.9194837,7.952074]},"faces":{"east":{"uv":[4.3125,2.375,2.4375,0.0],"rotation":0,"texture":"#0","tintindex":0},"south":{"uv":[4.3125,2.375,2.4375,0.0],"rotation":0,"texture":"#0","tintindex":0},"north":{"uv":[4.3125,2.375,2.4375,0.0],"rotation":0,"texture":"#0","tintindex":0},"west":{"uv":[4.3125,2.375,2.4375,0.0],"rotation":0,"texture":"#0","tintindex":0},"up":{"uv":[4.3125,2.375,2.4375,0.0],"rotation":0,"texture":"#0","tintindex":0},"down":{"uv":[4.3125,2.375,2.4375,0.0],"rotation":0,"texture":"#0","tintindex":0}}},{"from":[5.825552,2.9885645,7.6202106],"to":[6.094725,5.2316732,7.889384],"rotation":{"angle":-22.5,"axis":"z","origin":[7.515658,6.9194837,7.952074]},"faces":{"east":{"uv":[2.53125,0.78125,2.4375,0.0],"rotation":0,"texture":"#0","tintindex":0},"south":{"uv":[2.53125,0.78125,2.4375,0.0],"rotation":0,"texture":"#0","tintindex":0},"north":{"uv":[2.53125,0.78125,2.4375,0.0],"rotation":0,"texture":"#0","tintindex":0},"west":{"uv":[2.53125,0.78125,2.4375,0.0],"rotation":0,"texture":"#0","tintindex":0},"up":{"uv":[2.53125,0.78125,2.4375,0.0],"rotation":0,"texture":"#0","tintindex":0},"down":{"uv":[2.53125,0.09375,2.4375,0.0],"rotation":0,"texture":"#0","tintindex":0}}},{"from":[5.2316236,4.788031,7.6202106],"to":[7.833629,6.887581,7.8355494],"rotation":{"angle":22.5,"axis":"z","origin":[7.515658,6.9194837,7.952074]},"faces":{"east":{"uv":[4.3125,2.375,2.4375,0.0],"rotation":0,"texture":"#0","tintindex":0},"south":{"uv":[3.34375,0.73125,2.4375,0.0],"rotation":0,"texture":"#0","tintindex":0},"north":{"uv":[3.34375,0.73125,2.4375,0.0],"rotation":0,"texture":"#0","tintindex":0},"west":{"uv":[4.3125,2.375,2.4375,0.0],"rotation":0,"texture":"#0","tintindex":0},"up":{"uv":[4.3125,2.375,2.4375,0.0],"rotation":0,"texture":"#0","tintindex":0},"down":{"uv":[4.3125,2.375,2.4375,0.0],"rotation":0,"texture":"#0","tintindex":0}}}],"display":{"head":{"translation":[0.0,-6.4,0.0],"scale":[4.0,4.0,4.0]}}}