{
	"parent":"minecraft:block/block",
	"credit": "Made with Blockbench",
	"texture_size": [32, 32],
	"textures": {
		"0": "fraggle:furniture/wall_mounted/poster_frame",
		"1": "#poster_texture"
	},
	"elements": [
		{
			"from": [-1, 0, 0],
			"to": [17, 24, 0.05],
			"faces": {
				"north": {"uv": [2, 0, 14, 16], "texture": "#1"},
				"east": {"uv": [1.25, 1.25, 1.275, 13.25], "texture": "#0"},
				"south": {"uv": [0, 0, 12, 16], "texture": "#0"},
				"west": {"uv": [10.25, 1.25, 10.275, 13.25], "texture": "#0"},
				"up": {"uv": [1.25, 0.25, 10.25, 0.275], "texture": "#0"},
				"down": {"uv": [1, 14.975, 10, 15], "texture": "#0"}
			}
		}
	],
	"display": {
		"thirdperson_righthand": {
			"rotation": [75, 45, 0],
			"translation": [0, 2.5, 0],
			"scale": [0.375, 0.375, 0.375]
		},
		"gui": {
			"rotation": [30, 225, 0],
			"scale": [0.625, 0.625, 0.625]
		},
		"fixed": {
			"translation": [0, -16, 31.75],
			"scale": [4, 4, 4]
		}
	}
}