{
	"credit": "Made with Blockbench",
	"texture_size": [32, 32],
	"textures": {
		"1": "fraggle:hats/barbell"
	},
	"elements": [
		{
			"from": [-1.25, 4.25, 7],
			"to": [17.25, 6.25, 9],
			"rotation": {"angle": 0, "axis": "y", "origin": [8, 11.75, 15.5]},
			"faces": {
				"north": {"uv": [0, 0, 9.5, 1], "texture": "#1"},
				"east": {"uv": [10, 5.5, 11, 6.5], "texture": "#1"},
				"south": {"uv": [0, 1, 9.5, 2], "texture": "#1"},
				"west": {"uv": [10, 8.5, 11, 9.5], "texture": "#1"},
				"up": {"uv": [9.5, 3, 0, 2], "texture": "#1"},
				"down": {"uv": [9.5, 3, 0, 4], "texture": "#1"}
			}
		},
		{
			"from": [17.1992, 3.57157, 4.13726],
			"to": [18.8008, 6.77157, 11.86274],
			"rotation": {"angle": 22.5, "axis": "x", "origin": [18.00085, 5.17157, 8]},
			"faces": {
				"north": {"uv": [8.016, 4.016, 8.984, 5.484], "texture": "#1"},
				"east": {"uv": [3.016, 4.016, 6.984, 5.484], "texture": "#1"},
				"south": {"uv": [8.016, 5.516, 8.984, 6.984], "texture": "#1"},
				"west": {"uv": [3.016, 5.516, 6.984, 6.984], "texture": "#1"},
				"up": {"uv": [5.984, 12.484, 5.016, 8.516], "texture": "#1"},
				"down": {"uv": [6.984, 8.516, 6.016, 12.484], "texture": "#1"}
			}
		},
		{
			"from": [17.2, 1.30883, 6.4],
			"to": [18.8, 9.03431, 9.6],
			"rotation": {"angle": -22.5, "axis": "x", "origin": [18.00085, 5.17157, 8]},
			"faces": {
				"north": {"uv": [8.984, 8.516, 8.016, 12.484], "rotation": 180, "texture": "#1"},
				"east": {"uv": [3.016, 7.016, 6.984, 8.484], "rotation": 270, "texture": "#1"},
				"south": {"uv": [7.984, 12.484, 7.016, 8.516], "texture": "#1"},
				"west": {"uv": [7.016, 7.016, 10.984, 8.484], "rotation": 90, "texture": "#1"},
				"up": {"uv": [9.016, 4.016, 9.984, 5.484], "rotation": 180, "texture": "#1"},
				"down": {"uv": [9.016, 5.516, 9.984, 6.984], "texture": "#1"}
			}
		},
		{
			"from": [17.1984, 1.30883, 6.4],
			"to": [18.8084, 9.03431, 9.6],
			"rotation": {"angle": 22.5, "axis": "x", "origin": [18.00085, 5.17157, 8]},
			"faces": {
				"north": {"uv": [3.016, 8.516, 3.984, 12.484], "texture": "#1"},
				"east": {"uv": [0.016, 4.016, 1.484, 7.984], "texture": "#1"},
				"south": {"uv": [4.016, 8.516, 4.984, 12.484], "texture": "#1"},
				"west": {"uv": [1.516, 4.016, 2.984, 7.984], "texture": "#1"},
				"up": {"uv": [7.984, 5.484, 7.016, 4.016], "texture": "#1"},
				"down": {"uv": [7.984, 5.516, 7.016, 6.984], "texture": "#1"}
			}
		},
		{
			"from": [17.2, 3.57157, 4.13726],
			"to": [18.8, 6.77157, 11.86274],
			"rotation": {"angle": -22.5, "axis": "x", "origin": [18.00085, 5.17157, 8]},
			"faces": {
				"north": {"uv": [10.984, 4.016, 10.016, 5.484], "rotation": 180, "texture": "#1"},
				"east": {"uv": [0.016, 8.016, 1.484, 11.984], "rotation": 270, "texture": "#1"},
				"south": {"uv": [10.984, 11.484, 10.016, 10.016], "texture": "#1"},
				"west": {"uv": [1.516, 8.016, 2.984, 11.984], "rotation": 90, "texture": "#1"},
				"up": {"uv": [9.016, 9.016, 9.984, 12.984], "rotation": 180, "texture": "#1"},
				"down": {"uv": [9.516, 0.016, 10.484, 3.984], "texture": "#1"}
			}
		},
		{
			"from": [-2.8008, 3.57157, 4.13726],
			"to": [-1.1992, 6.77157, 11.86274],
			"rotation": {"angle": 0, "axis": "x", "origin": [-2, 4.77157, 8.26274]},
			"faces": {
				"north": {"uv": [8.984, 4.016, 8.016, 5.484], "texture": "#1"},
				"east": {"uv": [6.984, 5.516, 3.016, 6.984], "texture": "#1"},
				"south": {"uv": [8.984, 5.516, 8.016, 6.984], "texture": "#1"},
				"west": {"uv": [6.984, 4.016, 3.016, 5.484], "texture": "#1"},
				"up": {"uv": [5.016, 12.484, 5.984, 8.516], "texture": "#1"},
				"down": {"uv": [6.016, 8.516, 6.984, 12.484], "texture": "#1"}
			}
		},
		{
			"from": [-2.8, 3.50294, 3.77746],
			"to": [-1.2, 6.70294, 11.50294],
			"rotation": {"angle": 45, "axis": "x", "origin": [-2, 4.70294, 7.90294]},
			"faces": {
				"north": {"uv": [9.984, 4.016, 9.016, 5.484], "texture": "#1"},
				"east": {"uv": [10.984, 7.016, 7.016, 8.484], "texture": "#1"},
				"south": {"uv": [9.984, 5.516, 9.016, 6.984], "texture": "#1"},
				"west": {"uv": [6.984, 7.016, 3.016, 8.484], "texture": "#1"},
				"up": {"uv": [7.016, 12.484, 7.984, 8.516], "texture": "#1"},
				"down": {"uv": [8.016, 8.516, 8.984, 12.484], "texture": "#1"}
			}
		},
		{
			"from": [-2.8084, 1.30883, 6.4],
			"to": [-1.1984, 9.03431, 9.6],
			"rotation": {"angle": 0, "axis": "y", "origin": [5.2, 10.63431, 13.6]},
			"faces": {
				"north": {"uv": [3.984, 8.516, 3.016, 12.484], "texture": "#1"},
				"east": {"uv": [2.984, 4.016, 1.516, 7.984], "texture": "#1"},
				"south": {"uv": [4.984, 8.516, 4.016, 12.484], "texture": "#1"},
				"west": {"uv": [1.484, 4.016, 0.016, 7.984], "texture": "#1"},
				"up": {"uv": [7.016, 5.484, 7.984, 4.016], "texture": "#1"},
				"down": {"uv": [7.016, 5.516, 7.984, 6.984], "texture": "#1"}
			}
		},
		{
			"from": [-2.8, 0.94903, 6.46863],
			"to": [-1.2, 8.67452, 9.66863],
			"rotation": {"angle": 45, "axis": "x", "origin": [-2, 5.07452, 8.46863]},
			"faces": {
				"north": {"uv": [9.984, 9.016, 9.016, 12.984], "texture": "#1"},
				"east": {"uv": [2.984, 8.016, 1.516, 11.984], "texture": "#1"},
				"south": {"uv": [10.484, 0.016, 9.516, 3.984], "texture": "#1"},
				"west": {"uv": [1.484, 8.016, 0.016, 11.984], "texture": "#1"},
				"up": {"uv": [10.016, 11.484, 10.984, 10.016], "texture": "#1"},
				"down": {"uv": [10.016, 4.016, 10.984, 5.484], "texture": "#1"}
			}
		}
	],
	"gui_light": "front",
	"display": {
		"thirdperson_righthand": {
			"rotation": [60, 0, 0],
			"translation": [0, 1, 2.5],
			"scale": [0.5, 0.5, 0.5]
		},
		"thirdperson_lefthand": {
			"rotation": [60, 0, 0],
			"translation": [0, 1, 2.5],
			"scale": [0.5, 0.5, 0.5]
		},
		"firstperson_righthand": {
			"translation": [-0.12, 3.7, 0.75],
			"scale": [0.3, 0.3, 0.3]
		},
		"firstperson_lefthand": {
			"translation": [-0.12, 3.7, 0.75],
			"scale": [0.3, 0.3, 0.3]
		},
		"ground": {
			"translation": [0, 2, 0],
			"scale": [0.5, 0.5, 0.5]
		},
		"gui": {
			"rotation": [25, -143, 0],
			"translation": [0, 2, 0],
			"scale": [0.5, 0.5, 0.5]
		},
		"head": {
			"rotation": [-32, 0, 0],
			"translation": [0, 5, -0.75]
		},
		"fixed": {
			"translation": [0, 9.25, -12]
		}
	},
	"groups": [0,
		{
			"name": "group",
			"origin": [17, 5.05025, 8.58579],
			"children": [1, 2, 3, 4]
		},
		{
			"name": "group",
			"origin": [17, 5.05025, 8.58579],
			"children": [5, 6, 7, 8]
		}
	]
}