{
	"credit": "Made by Larkyy",
	"texture_size": [32, 32],
	"textures": {
		"0": "fraggle:hats/crown_hat",
		"particle": "fraggle:hats/crown_hat"
	},
	"elements": [
		{
			"from": [5.9, 0, 3],
			"to": [10.1, 1, 4],
			"faces": {
				"north": {"uv": [1.5, 3.5, 3.5, 4], "texture": "#0"},
				"east": {"uv": [7, 8.5, 7.5, 9], "texture": "#0"},
				"south": {"uv": [4.5, 1, 6.5, 1.5], "texture": "#0"},
				"west": {"uv": [7.5, 8.5, 8, 9], "texture": "#0"},
				"up": {"uv": [4, 5, 3.5, 3], "texture": "#0"},
				"down": {"uv": [1.5, 3, 1, 5], "texture": "#0"}
			}
		},
		{
			"from": [12, 0, 5.9],
			"to": [13, 1, 10.1],
			"rotation": {"angle": 0, "axis": "y", "origin": [8, 0, 8]},
			"faces": {
				"north": {"uv": [8.5, 7.5, 9, 8], "texture": "#0"},
				"east": {"uv": [1.5, 3.5, 3.5, 4], "texture": "#0"},
				"south": {"uv": [8, 8.5, 8.5, 9], "texture": "#0"},
				"west": {"uv": [4.5, 1, 6.5, 1.5], "texture": "#0"},
				"up": {"uv": [4, 5, 3.5, 3], "texture": "#0"},
				"down": {"uv": [1.5, 3, 1, 5], "texture": "#0"}
			}
		},
		{
			"from": [12, 1, 7.15],
			"to": [13, 3, 8.9],
			"rotation": {"angle": 0, "axis": "y", "origin": [8, 0, 8]},
			"faces": {
				"north": {"uv": [7.5, 3, 8, 4], "texture": "#0"},
				"east": {"uv": [6, 5, 7, 6], "texture": "#0"},
				"south": {"uv": [7.5, 3, 8, 4], "texture": "#0"},
				"west": {"uv": [2, 6, 3, 7], "texture": "#0"},
				"up": {"uv": [4, 8, 3.5, 7], "texture": "#0"},
				"down": {"uv": [4.5, 7, 4, 8], "texture": "#0"}
			}
		},
		{
			"from": [11.999, 1.38172, 4.90164],
			"to": [13.001, 3.13372, 6.65364],
			"rotation": {"angle": 45, "axis": "x", "origin": [8, 0, 8]},
			"faces": {
				"north": {"uv": [4, 9, 3.5, 8], "texture": "#0"},
				"east": {"uv": [6, 5, 7, 6], "texture": "#0"},
				"south": {"uv": [4.5, 7, 5, 8], "texture": "#0"},
				"west": {"uv": [6.5, 1, 7.5, 2], "texture": "#0"},
				"up": {"uv": [4, 9, 3.5, 8], "texture": "#0"},
				"down": {"uv": [7.5, 5, 7, 6], "texture": "#0"}
			}
		},
		{
			"from": [12.1, 0.84203, 7.02218],
			"to": [12.9, 2.19203, 8.82218],
			"rotation": {"angle": 45, "axis": "x", "origin": [8, 0, 8]},
			"faces": {
				"north": {"uv": [0, 4.5, 0.5, 5], "texture": "#0"},
				"east": {"uv": [8, 1, 9, 1.5], "texture": "#0"},
				"south": {"uv": [6, 0, 6.5, 0.5], "texture": "#0"},
				"west": {"uv": [7.5, 6, 8, 7], "texture": "#0"},
				"up": {"uv": [8.5, 0.5, 7.5, 0], "texture": "#0"},
				"down": {"uv": [1.5, 5, 1, 6], "texture": "#0"}
			}
		},
		{
			"from": [12.1, 0.84203, 7.17782],
			"to": [12.9, 2.09203, 8.87782],
			"rotation": {"angle": -45, "axis": "x", "origin": [8, 0, 8]},
			"faces": {
				"north": {"uv": [3.5, 9, 4, 9.5], "texture": "#0"},
				"east": {"uv": [8, 1, 9, 1.5], "texture": "#0"},
				"south": {"uv": [9, 3.5, 9.5, 4], "texture": "#0"},
				"west": {"uv": [7.5, 6, 8, 7], "texture": "#0"},
				"up": {"uv": [8.5, 0.5, 7.5, 0], "texture": "#0"},
				"down": {"uv": [3, 7, 2.5, 8], "texture": "#0"}
			}
		},
		{
			"from": [7.1, 1, 12],
			"to": [8.85, 3, 13],
			"rotation": {"angle": 0, "axis": "y", "origin": [8, 0, 8]},
			"faces": {
				"north": {"uv": [2, 6, 3, 7], "texture": "#0"},
				"east": {"uv": [7.5, 3, 8, 4], "texture": "#0"},
				"south": {"uv": [6, 5, 7, 6], "texture": "#0"},
				"west": {"uv": [7.5, 3, 8, 4], "texture": "#0"},
				"up": {"uv": [8.5, 4.5, 7.5, 4], "texture": "#0"},
				"down": {"uv": [8.5, 4.5, 7.5, 5], "texture": "#0"}
			}
		},
		{
			"from": [9.34636, 1.38172, 11.999],
			"to": [11.09836, 3.13372, 13.001],
			"rotation": {"angle": 45, "axis": "z", "origin": [8, 0, 8]},
			"faces": {
				"north": {"uv": [6.5, 1, 7.5, 2], "texture": "#0"},
				"east": {"uv": [4, 9, 3.5, 8], "texture": "#0"},
				"south": {"uv": [6, 5, 7, 6], "texture": "#0"},
				"west": {"uv": [7.5, 1, 8, 2], "texture": "#0"},
				"up": {"uv": [4, 9, 3.5, 8], "texture": "#0"},
				"down": {"uv": [8.5, 2.5, 7.5, 3], "texture": "#0"}
			}
		},
		{
			"from": [7.17782, 0.84203, 12.1],
			"to": [8.97782, 2.19203, 12.9],
			"rotation": {"angle": 45, "axis": "z", "origin": [8, 0, 8]},
			"faces": {
				"north": {"uv": [7.5, 6, 8, 7], "texture": "#0"},
				"east": {"uv": [4.5, 9, 5, 9.5], "texture": "#0"},
				"south": {"uv": [8, 1, 9, 1.5], "texture": "#0"},
				"west": {"uv": [9, 4.5, 9.5, 5], "texture": "#0"},
				"up": {"uv": [8.5, 0.5, 7.5, 0], "texture": "#0"},
				"down": {"uv": [8.5, 0.5, 7.5, 1], "texture": "#0"}
			}
		},
		{
			"from": [8.84203, -0.82218, 12.1],
			"to": [10.09203, 0.87782, 12.9],
			"rotation": {"angle": 45, "axis": "z", "origin": [8, 0, 8]},
			"faces": {
				"north": {"uv": [7.5, 6, 8, 7], "texture": "#0"},
				"east": {"uv": [8.5, 0.5, 7.5, 0], "texture": "#0"},
				"south": {"uv": [8, 1, 9, 1.5], "texture": "#0"},
				"west": {"uv": [6.5, 7, 7, 8], "texture": "#0"},
				"up": {"uv": [4.5, 9.5, 4, 9], "texture": "#0"},
				"down": {"uv": [9.5, 4, 9, 4.5], "texture": "#0"}
			}
		},
		{
			"from": [3, 1, 7.1],
			"to": [4, 3, 8.85],
			"rotation": {"angle": 0, "axis": "y", "origin": [8, 0, 8]},
			"faces": {
				"north": {"uv": [7.5, 3, 8, 4], "texture": "#0"},
				"east": {"uv": [2, 6, 3, 7], "texture": "#0"},
				"south": {"uv": [7.5, 3, 8, 4], "texture": "#0"},
				"west": {"uv": [6, 5, 7, 6], "texture": "#0"},
				"up": {"uv": [8.5, 6, 8, 5], "texture": "#0"},
				"down": {"uv": [6, 8, 5.5, 9], "texture": "#0"}
			}
		},
		{
			"from": [5.90797, -0.82218, 3.1],
			"to": [7.15797, 0.87782, 3.9],
			"rotation": {"angle": -45, "axis": "z", "origin": [8, 0, 8]},
			"faces": {
				"north": {"uv": [8, 1, 9, 1.5], "texture": "#0"},
				"east": {"uv": [8.5, 4, 9, 5], "texture": "#0"},
				"south": {"uv": [7.5, 6, 8, 7], "texture": "#0"},
				"west": {"uv": [8.5, 0.5, 7.5, 0], "texture": "#0"},
				"up": {"uv": [7, 9.5, 6.5, 9], "texture": "#0"},
				"down": {"uv": [9.5, 6.5, 9, 7], "texture": "#0"}
			}
		},
		{
			"from": [7.02218, 0.84203, 3.1],
			"to": [8.82218, 2.19203, 3.9],
			"rotation": {"angle": -45, "axis": "z", "origin": [8, 0, 8]},
			"faces": {
				"north": {"uv": [8, 1, 9, 1.5], "texture": "#0"},
				"east": {"uv": [6, 9, 6.5, 9.5], "texture": "#0"},
				"south": {"uv": [7.5, 6, 8, 7], "texture": "#0"},
				"west": {"uv": [9, 6, 9.5, 6.5], "texture": "#0"},
				"up": {"uv": [8.5, 0.5, 7.5, 0], "texture": "#0"},
				"down": {"uv": [9.5, 2.5, 8.5, 3], "texture": "#0"}
			}
		},
		{
			"from": [4.90164, 1.38172, 2.999],
			"to": [6.65364, 3.13372, 4.001],
			"rotation": {"angle": -45, "axis": "z", "origin": [8, 0, 8]},
			"faces": {
				"north": {"uv": [6, 5, 7, 6], "texture": "#0"},
				"east": {"uv": [6.5, 8, 7, 9], "texture": "#0"},
				"south": {"uv": [6.5, 1, 7.5, 2], "texture": "#0"},
				"west": {"uv": [4, 9, 3.5, 8], "texture": "#0"},
				"up": {"uv": [4, 9, 3.5, 8], "texture": "#0"},
				"down": {"uv": [9.5, 0, 8.5, 0.5], "texture": "#0"}
			}
		},
		{
			"from": [7.15, 1, 3],
			"to": [8.9, 3, 4],
			"rotation": {"angle": 0, "axis": "y", "origin": [8, 0, 8]},
			"faces": {
				"north": {"uv": [6, 5, 7, 6], "texture": "#0"},
				"east": {"uv": [7.5, 3, 8, 4], "texture": "#0"},
				"south": {"uv": [2, 6, 3, 7], "texture": "#0"},
				"west": {"uv": [7.5, 3, 8, 4], "texture": "#0"},
				"up": {"uv": [9, 2, 8, 1.5], "texture": "#0"},
				"down": {"uv": [9, 7, 8, 7.5], "texture": "#0"}
			}
		},
		{
			"from": [2.999, 1.38172, 9.34636],
			"to": [4.001, 3.13372, 11.09836],
			"rotation": {"angle": -45, "axis": "x", "origin": [8, 0, 8]},
			"faces": {
				"north": {"uv": [3, 8, 3.5, 9], "texture": "#0"},
				"east": {"uv": [6.5, 1, 7.5, 2], "texture": "#0"},
				"south": {"uv": [4, 9, 3.5, 8], "texture": "#0"},
				"west": {"uv": [6, 5, 7, 6], "texture": "#0"},
				"up": {"uv": [4, 9, 3.5, 8], "texture": "#0"},
				"down": {"uv": [4.5, 8, 4, 9], "texture": "#0"}
			}
		},
		{
			"from": [3.1, 0.84203, 7.17782],
			"to": [3.9, 2.19203, 8.97782],
			"rotation": {"angle": -45, "axis": "x", "origin": [8, 0, 8]},
			"faces": {
				"north": {"uv": [5.5, 9, 6, 9.5], "texture": "#0"},
				"east": {"uv": [7.5, 6, 8, 7], "texture": "#0"},
				"south": {"uv": [9, 5.5, 9.5, 6], "texture": "#0"},
				"west": {"uv": [8, 1, 9, 1.5], "texture": "#0"},
				"up": {"uv": [8.5, 0.5, 7.5, 0], "texture": "#0"},
				"down": {"uv": [3, 8, 2.5, 9], "texture": "#0"}
			}
		},
		{
			"from": [3.1, -0.82218, 8.84203],
			"to": [3.9, 0.87782, 10.09203],
			"rotation": {"angle": -45, "axis": "x", "origin": [8, 0, 8]},
			"faces": {
				"north": {"uv": [7.5, 5, 8, 6], "texture": "#0"},
				"east": {"uv": [7.5, 6, 8, 7], "texture": "#0"},
				"south": {"uv": [8.5, 0.5, 7.5, 0], "texture": "#0"},
				"west": {"uv": [8, 1, 9, 1.5], "texture": "#0"},
				"up": {"uv": [5.5, 9.5, 5, 9], "texture": "#0"},
				"down": {"uv": [9.5, 5, 9, 5.5], "texture": "#0"}
			}
		},
		{
			"from": [5.9, 0, 12],
			"to": [10.1, 1, 13],
			"rotation": {"angle": 0, "axis": "y", "origin": [8, 0, 8]},
			"faces": {
				"north": {"uv": [4.5, 1, 6.5, 1.5], "texture": "#0"},
				"east": {"uv": [8.5, 8, 9, 8.5], "texture": "#0"},
				"south": {"uv": [1.5, 3.5, 3.5, 4], "texture": "#0"},
				"west": {"uv": [8.5, 8.5, 9, 9], "texture": "#0"},
				"up": {"uv": [4, 5, 3.5, 3], "texture": "#0"},
				"down": {"uv": [1.5, 3, 1, 5], "texture": "#0"}
			}
		},
		{
			"from": [3, 0, 5.9],
			"to": [4, 1, 10.1],
			"rotation": {"angle": 0, "axis": "y", "origin": [8, 0, 8]},
			"faces": {
				"north": {"uv": [0, 9, 0.5, 9.5], "texture": "#0"},
				"east": {"uv": [4.5, 1, 6.5, 1.5], "texture": "#0"},
				"south": {"uv": [0.5, 9, 1, 9.5], "texture": "#0"},
				"west": {"uv": [1.5, 3.5, 3.5, 4], "texture": "#0"},
				"up": {"uv": [4, 5, 3.5, 3], "texture": "#0"},
				"down": {"uv": [1.5, 3, 1, 5], "texture": "#0"}
			}
		},
		{
			"from": [3, 0, 5.9],
			"to": [4, 1, 10.1],
			"rotation": {"angle": -45, "axis": "y", "origin": [8, 0, 8]},
			"faces": {
				"north": {"uv": [1, 9, 1.5, 9.5], "texture": "#0"},
				"east": {"uv": [4.5, 1, 6.5, 1.5], "texture": "#0"},
				"south": {"uv": [9, 1, 9.5, 1.5], "texture": "#0"},
				"west": {"uv": [1.5, 3.5, 3.5, 4], "texture": "#0"},
				"up": {"uv": [4, 5, 3.5, 3], "texture": "#0"},
				"down": {"uv": [1.5, 3, 1, 5], "texture": "#0"}
			}
		},
		{
			"from": [5.9, 0, 3],
			"to": [10.1, 1, 4],
			"rotation": {"angle": -45, "axis": "y", "origin": [8, 0, 8]},
			"faces": {
				"north": {"uv": [1.5, 3.5, 3.5, 4], "texture": "#0"},
				"east": {"uv": [1.5, 9, 2, 9.5], "texture": "#0"},
				"south": {"uv": [4.5, 1, 6.5, 1.5], "texture": "#0"},
				"west": {"uv": [9, 1.5, 9.5, 2], "texture": "#0"},
				"up": {"uv": [4, 5, 3.5, 3], "texture": "#0"},
				"down": {"uv": [1.5, 3, 1, 5], "texture": "#0"}
			}
		},
		{
			"from": [12, 0, 5.9],
			"to": [13, 1, 10.1],
			"rotation": {"angle": -45, "axis": "y", "origin": [8, 0, 8]},
			"faces": {
				"north": {"uv": [2, 9, 2.5, 9.5], "texture": "#0"},
				"east": {"uv": [1.5, 3.5, 3.5, 4], "texture": "#0"},
				"south": {"uv": [2.5, 9, 3, 9.5], "texture": "#0"},
				"west": {"uv": [4.5, 1, 6.5, 1.5], "texture": "#0"},
				"up": {"uv": [4, 5, 3.5, 3], "texture": "#0"},
				"down": {"uv": [1.5, 3, 1, 5], "texture": "#0"}
			}
		},
		{
			"from": [5.9, 0, 12],
			"to": [10.1, 1, 13],
			"rotation": {"angle": -45, "axis": "y", "origin": [8, 0, 8]},
			"faces": {
				"north": {"uv": [4.5, 1, 6.5, 1.5], "texture": "#0"},
				"east": {"uv": [3, 9, 3.5, 9.5], "texture": "#0"},
				"south": {"uv": [1.5, 3.5, 3.5, 4], "texture": "#0"},
				"west": {"uv": [9, 3, 9.5, 3.5], "texture": "#0"},
				"up": {"uv": [4, 5, 3.5, 3], "texture": "#0"},
				"down": {"uv": [1.5, 3, 1, 5], "texture": "#0"}
			}
		}
	],
	"display": {
		"head": {
			"translation": [0, 16, 0],
			"scale": [1.2, 1.2, 1.2]
		}
	}
}