{
	"credit": "Made by Larkyy",
	"texture_size": [64, 64],
	"textures": {
		"0": "fraggle:hats/gentleman_hat",
		"particle": "fraggle:hats/gentleman_hat"
	},
	"elements": [
		{
			"from": [3, 0, 3],
			"to": [13, 2, 13],
			"faces": {
				"north": {"uv": [4, 5, 6.5, 5.5], "texture": "#0"},
				"east": {"uv": [4, 5, 6.5, 5.5], "texture": "#0"},
				"south": {"uv": [4, 5, 6.5, 5.5], "texture": "#0"},
				"west": {"uv": [4, 5, 6.5, 5.5], "texture": "#0"},
				"up": {"uv": [2.5, 2.5, 0, 0], "texture": "#0"},
				"down": {"uv": [2.5, 2.5, 0, 5], "texture": "#0"}
			}
		},
		{
			"from": [4, 2, 4],
			"to": [12, 12, 12],
			"faces": {
				"north": {"uv": [2.5, 0, 4.5, 2.5], "texture": "#0"},
				"east": {"uv": [2.5, 0, 4.5, 2.5], "texture": "#0"},
				"south": {"uv": [2.5, 0, 4.5, 2.5], "texture": "#0"},
				"west": {"uv": [2.5, 0, 4.5, 2.5], "texture": "#0"},
				"up": {"uv": [2, 7, 0, 5], "texture": "#0"},
				"down": {"uv": [4, 5, 2, 7], "texture": "#0"}
			}
		}
	],
	"display": {
		"head": {
			"translation": [0, 17.25, 0],
			"scale": [1.43, 1.43, 1.43]
		}
	}
}