{
	"credit": "Made by Larkyy",
	"texture_size": [64, 64],
	"textures": {
		"0": "fraggle:hats/iron_crown",
		"particle": "fraggle:hats/iron_crown"
	},
	"elements": [
		{
			"from": [3.999, -0.001, 3.999],
			"to": [12.001, 1.001, 12.001],
			"rotation": {"angle": 0, "axis": "y", "origin": [8, 0, 8]},
			"faces": {
				"north": {"uv": [2, 2, 4, 2.25], "texture": "#0"},
				"east": {"uv": [0, 2, 2, 2.25], "texture": "#0"},
				"south": {"uv": [6, 2, 8, 2.25], "texture": "#0"},
				"west": {"uv": [4, 2, 6, 2.25], "texture": "#0"},
				"up": {"uv": [4, 2, 2, 0], "texture": "#0"},
				"down": {"uv": [6, 0, 4, 2], "texture": "#0"}
			}
		},
		{
			"from": [3.75, 0, 7.5],
			"to": [12.25, 1, 8.5],
			"rotation": {"angle": 0, "axis": "y", "origin": [8, 0, 8]},
			"faces": {
				"north": {"uv": [7.25, 6.5, 9.25, 6.75], "texture": "#0"},
				"east": {"uv": [7, 6.5, 7.25, 6.75], "texture": "#0"},
				"south": {"uv": [9.5, 6.5, 11.5, 6.75], "texture": "#0"},
				"west": {"uv": [9.25, 6.5, 9.5, 6.75], "texture": "#0"},
				"up": {"uv": [9.25, 6.5, 7.25, 6.25], "texture": "#0"},
				"down": {"uv": [11.25, 6.25, 9.25, 6.5], "texture": "#0"}
			}
		},
		{
			"from": [4, 0, 7.5],
			"to": [12, 5.75, 8.5],
			"rotation": {"angle": 0, "axis": "y", "origin": [8, 0, 8]},
			"faces": {
				"north": {"uv": [6.5, 0.25, 8.5, 1.5], "texture": "#0"},
				"east": {"uv": [6.25, 0.25, 6.5, 1.5], "texture": "#0"},
				"south": {"uv": [8.75, 0.25, 10.75, 1.5], "texture": "#0"},
				"west": {"uv": [8.5, 0.25, 8.75, 1.5], "texture": "#0"},
				"up": {"uv": [8.5, 0.25, 6.5, 0], "texture": "#0"},
				"down": {"uv": [10.5, 0, 8.5, 0.25], "texture": "#0"}
			}
		},
		{
			"from": [7.5, 0, 3.75],
			"to": [8.5, 1, 12.25],
			"rotation": {"angle": 0, "axis": "y", "origin": [8, 0, 8]},
			"faces": {
				"north": {"uv": [6.25, 8.25, 6.5, 8.5], "texture": "#0"},
				"east": {"uv": [4.25, 8.25, 6.25, 8.5], "texture": "#0"},
				"south": {"uv": [8.5, 8.25, 8.75, 8.5], "texture": "#0"},
				"west": {"uv": [6.5, 8.25, 8.5, 8.5], "texture": "#0"},
				"up": {"uv": [6.5, 8.25, 6.25, 6.25], "texture": "#0"},
				"down": {"uv": [6.75, 6.25, 6.5, 8.25], "texture": "#0"}
			}
		},
		{
			"from": [7.5, 0, 4],
			"to": [8.5, 5.75, 12],
			"rotation": {"angle": 0, "axis": "y", "origin": [8, 0, 8]},
			"faces": {
				"north": {"uv": [7.25, 4.75, 7.5, 6], "texture": "#0"},
				"east": {"uv": [5.25, 4.75, 7.25, 6], "texture": "#0"},
				"south": {"uv": [9.5, 4.75, 9.75, 6], "texture": "#0"},
				"west": {"uv": [7.5, 4.75, 9.5, 6], "texture": "#0"},
				"up": {"uv": [7.5, 4.75, 7.25, 2.75], "texture": "#0"},
				"down": {"uv": [7.75, 2.75, 7.5, 4.75], "texture": "#0"}
			}
		},
		{
			"from": [7.5, 5, 7.5],
			"to": [8.5, 8.25, 8.5],
			"rotation": {"angle": 0, "axis": "y", "origin": [8, 0, 8]},
			"faces": {
				"north": {"uv": [0.25, 2.75, 0.5, 3.5], "texture": "#0"},
				"east": {"uv": [0, 2.75, 0.25, 3.5], "texture": "#0"},
				"south": {"uv": [0.75, 2.75, 1, 3.5], "texture": "#0"},
				"west": {"uv": [0.5, 2.75, 0.75, 3.5], "texture": "#0"},
				"up": {"uv": [0.5, 2.75, 0.25, 2.5], "texture": "#0"},
				"down": {"uv": [0.75, 2.5, 0.5, 2.75], "texture": "#0"}
			}
		},
		{
			"from": [7.51, 6.36, 7.16],
			"to": [8.49, 7.84, 8.64],
			"rotation": {"angle": 45, "axis": "x", "origin": [8, 7, 8]},
			"faces": {
				"north": {"uv": [0.25, 0.25, 0.5, 0.5], "texture": "#0"},
				"east": {"uv": [0, 0.25, 0.25, 0.5], "texture": "#0"},
				"south": {"uv": [0.75, 0.25, 1, 0.5], "texture": "#0"},
				"west": {"uv": [0.5, 0.25, 0.75, 0.5], "texture": "#0"},
				"up": {"uv": [0.5, 0.25, 0.25, 0], "texture": "#0"},
				"down": {"uv": [0.75, 0, 0.5, 0.25], "texture": "#0"}
			}
		},
		{
			"from": [7.51, 6.51, 7.51],
			"to": [8.99, 7.99, 8.49],
			"rotation": {"angle": -45, "axis": "z", "origin": [8, 7.5, 8]},
			"faces": {
				"north": {"uv": [0.25, 1.25, 0.5, 1.5], "texture": "#0"},
				"east": {"uv": [0, 1.25, 0.25, 1.5], "texture": "#0"},
				"south": {"uv": [0.75, 1.25, 1, 1.5], "texture": "#0"},
				"west": {"uv": [0.5, 1.25, 0.75, 1.5], "texture": "#0"},
				"up": {"uv": [0.5, 1.25, 0.25, 1], "texture": "#0"},
				"down": {"uv": [0.75, 1, 0.5, 1.25], "texture": "#0"}
			}
		},
		{
			"from": [4.5, 1, 4.5],
			"to": [11.5, 2, 11.5],
			"rotation": {"angle": 0, "axis": "y", "origin": [8, 1, 8]},
			"faces": {
				"north": {"uv": [1.75, 4.25, 3.5, 4.5], "texture": "#0"},
				"east": {"uv": [0, 4.25, 1.75, 4.5], "texture": "#0"},
				"south": {"uv": [5.25, 4.25, 7, 4.5], "texture": "#0"},
				"west": {"uv": [3.5, 4.25, 5.25, 4.5], "texture": "#0"},
				"up": {"uv": [3.5, 4.25, 1.75, 2.5], "texture": "#0"},
				"down": {"uv": [5.25, 2.5, 3.5, 4.25], "texture": "#0"}
			}
		},
		{
			"from": [5, 2, 5],
			"to": [11, 5, 11],
			"rotation": {"angle": 0, "axis": "y", "origin": [8, 2, 8]},
			"faces": {
				"north": {"uv": [1.5, 6.25, 3, 7], "texture": "#0"},
				"east": {"uv": [0, 6.25, 1.5, 7], "texture": "#0"},
				"south": {"uv": [4.5, 6.25, 6, 7], "texture": "#0"},
				"west": {"uv": [3, 6.25, 4.5, 7], "texture": "#0"},
				"up": {"uv": [3, 6.25, 1.5, 4.75], "texture": "#0"},
				"down": {"uv": [4.5, 4.75, 3, 6.25], "texture": "#0"}
			}
		}
	],
	"display": {
		"head": {
			"translation": [0, 18, 0],
			"scale": [1.48, 1.48, 1.48]
		}
	}
}