{
	"parent": "minecraft:block/block",
	"credit": "Made with Blockbench",
	"texture_size": [48, 48],
	"textures": {
		"2": "#trash_can"
	},
	"elements": [
		{
			"name": "bot",
			"from": [2, 3, 6],
			"to": [14, 12, 10],
			"shade": false,
			"faces": {
				"north": {"uv": [4, 12, 8, 15], "texture": "#2"},
				"east": {"uv": [1.33333, 12, 2.66667, 15], "texture": "#2"},
				"south": {"uv": [12, 12, 16, 15], "texture": "#2"},
				"west": {"uv": [9.33333, 12, 10.66667, 15], "texture": "#2"},
				"up": {"uv": [8, 9.33333, 4, 10.66667], "texture": "#2"},
				"down": {"uv": [12, 9.33333, 8, 10.66667], "texture": "#2"}
			}
		},
		{
			"name": "bot",
			"from": [2.24, 0, 6.08],
			"to": [13.76, 3, 9.92],
			"rotation": {"angle": 0, "axis": "y", "origin": [8, 1.92, 8]},
			"faces": {
				"north": {"uv": [4, 15, 8, 16], "texture": "#2"},
				"east": {"uv": [1.33333, 15, 2.66667, 16], "texture": "#2"},
				"south": {"uv": [12, 15, 16, 16], "texture": "#2"},
				"west": {"uv": [9.33333, 15, 10.66667, 16], "texture": "#2"},
				"up": {"uv": [0, 0, 0, 0], "texture": "#2"},
				"down": {"uv": [12, 9.33333, 8, 10.66667], "texture": "#2"}
			}
		},
		{
			"name": "bot",
			"from": [3, 3, 4],
			"to": [13, 12, 12],
			"faces": {
				"north": {"uv": [4.33333, 12, 7.66667, 15], "texture": "#2"},
				"east": {"uv": [0.66667, 12, 3.33333, 15], "texture": "#2"},
				"south": {"uv": [12.33333, 12, 15.66667, 15], "texture": "#2"},
				"west": {"uv": [8.66667, 12, 11.33333, 15], "texture": "#2"},
				"up": {"uv": [7.66667, 11.33333, 4.33333, 8.66667], "texture": "#2"},
				"down": {"uv": [11.66667, 8.66667, 8.33333, 11.33333], "texture": "#2"}
			}
		},
		{
			"name": "bot",
			"from": [3.2, 0, 4.16],
			"to": [12.8, 3, 11.84],
			"rotation": {"angle": 0, "axis": "y", "origin": [8, 1.92, 8]},
			"faces": {
				"north": {"uv": [4.33333, 15, 7.66633, 16], "texture": "#2"},
				"east": {"uv": [0.66667, 15, 3.33333, 16], "texture": "#2"},
				"south": {"uv": [12.33333, 15, 15.66667, 16], "texture": "#2"},
				"west": {"uv": [8.66667, 15, 11.33333, 16], "texture": "#2"},
				"up": {"uv": [0, 0, 0, 0], "texture": "#2"},
				"down": {"uv": [11.66667, 8.66667, 8.33333, 11.33333], "texture": "#2"}
			}
		},
		{
			"name": "bot",
			"from": [6, 3, 2],
			"to": [10, 12, 14],
			"faces": {
				"north": {"uv": [5.33333, 12, 6.66667, 15], "texture": "#2"},
				"east": {"uv": [0, 12, 4, 15], "texture": "#2"},
				"south": {"uv": [13.33333, 12, 14.66667, 15], "texture": "#2"},
				"west": {"uv": [8, 12, 12, 15], "texture": "#2"},
				"up": {"uv": [6.66667, 12, 5.33333, 8], "texture": "#2"},
				"down": {"uv": [10.66667, 8, 9.33333, 12], "texture": "#2"}
			}
		},
		{
			"name": "bot",
			"from": [6.08, 0, 2.24],
			"to": [9.92, 3, 13.76],
			"rotation": {"angle": 0, "axis": "y", "origin": [8, 1.92, 8]},
			"faces": {
				"north": {"uv": [5.33333, 15, 6.66667, 16], "texture": "#2"},
				"east": {"uv": [0, 15, 4, 16], "texture": "#2"},
				"south": {"uv": [13.33333, 15, 14.66667, 16], "texture": "#2"},
				"west": {"uv": [8, 15, 12, 16], "texture": "#2"},
				"up": {"uv": [0, 0, 0, 0], "texture": "#2"},
				"down": {"uv": [10.66633, 8, 9.33333, 12], "texture": "#2"}
			}
		},
		{
			"name": "bot",
			"from": [4, 3, 3],
			"to": [12, 12, 13],
			"faces": {
				"north": {"uv": [4.66667, 12, 7.33333, 15], "texture": "#2"},
				"east": {"uv": [0.33333, 12, 3.66667, 15], "texture": "#2"},
				"south": {"uv": [12.66633, 12, 15.33233, 15], "texture": "#2"},
				"west": {"uv": [8.33333, 12, 11.66633, 15], "texture": "#2"},
				"up": {"uv": [7.33333, 11.66667, 4.66667, 8.33333], "texture": "#2"},
				"down": {"uv": [11.33333, 8.33333, 8.66667, 11.66667], "texture": "#2"}
			}
		},
		{
			"name": "bot",
			"from": [4.16, 0, 3.2],
			"to": [11.84, 3, 12.8],
			"rotation": {"angle": 0, "axis": "y", "origin": [8, 1.92, 8]},
			"faces": {
				"north": {"uv": [4.66667, 15, 7.33333, 16], "texture": "#2"},
				"east": {"uv": [0.33333, 15, 3.66667, 16], "texture": "#2"},
				"south": {"uv": [12.66667, 15, 15.33333, 16], "texture": "#2"},
				"west": {"uv": [8.33333, 15, 11.66667, 16], "texture": "#2"},
				"up": {"uv": [0, 0, 0, 0], "texture": "#2"},
				"down": {"uv": [11.33233, 8.33333, 8.66633, 11.66633], "texture": "#2"}
			}
		},
		{
			"name": "lid",
			"from": [1, 12, 6],
			"to": [15, 13, 10],
			"faces": {
				"north": {"uv": [5.33333, 0.66667, 0.66667, 0.33333], "rotation": 180, "texture": "#2"},
				"east": {"uv": [0.33333, 2.33333, 0.66667, 3.66667], "rotation": 90, "texture": "#2"},
				"south": {"uv": [5.33333, 0.33333, 10, 0.66667], "texture": "#2"},
				"west": {"uv": [5.33333, 2.33333, 5.66667, 3.66667], "rotation": 270, "texture": "#2"},
				"up": {"uv": [6, 2.33333, 10.66667, 3.66667], "texture": "#2"},
				"down": {"uv": [0.66667, 2.33333, 5.33333, 3.66667], "rotation": 180, "texture": "#2"}
			}
		},
		{
			"name": "lid",
			"from": [2, 12, 4],
			"to": [14, 13, 12],
			"faces": {
				"north": {"uv": [5, 0.66667, 1, 0.33333], "rotation": 180, "texture": "#2"},
				"east": {"uv": [0.33333, 1.66667, 0.66667, 4.33333], "rotation": 90, "texture": "#2"},
				"south": {"uv": [5.66667, 0.33333, 9.66667, 0.66667], "texture": "#2"},
				"west": {"uv": [5.33333, 1.66667, 5.66667, 4.33333], "rotation": 270, "texture": "#2"},
				"up": {"uv": [6.33333, 1.66667, 10.33333, 4.33333], "texture": "#2"},
				"down": {"uv": [1, 1.66667, 5, 4.33333], "rotation": 180, "texture": "#2"}
			}
		},
		{
			"name": "lid",
			"from": [3, 12, 3],
			"to": [13, 13, 13],
			"shade": false,
			"faces": {
				"north": {"uv": [4.66667, 0.66667, 1.33333, 0.33333], "rotation": 180, "texture": "#2"},
				"east": {"uv": [0.33333, 1.33333, 0.66667, 4.66667], "rotation": 90, "texture": "#2"},
				"south": {"uv": [9.33333, 0.33333, 6, 0.66667], "texture": "#2"},
				"west": {"uv": [5.33333, 1.33333, 5.66667, 4.66667], "rotation": 270, "texture": "#2"},
				"up": {"uv": [6.66667, 1.33333, 10, 4.66667], "texture": "#2"},
				"down": {"uv": [1.33333, 1.33333, 4.66667, 4.66667], "rotation": 180, "texture": "#2"}
			}
		},
		{
			"name": "lid",
			"from": [4, 12, 2],
			"to": [12, 13, 14],
			"faces": {
				"north": {"uv": [4.33333, 0.66667, 1.66667, 0.33333], "rotation": 180, "texture": "#2"},
				"east": {"uv": [0.33333, 1, 0.66667, 5], "rotation": 90, "texture": "#2"},
				"south": {"uv": [9, 0.33333, 6.33333, 0.66667], "texture": "#2"},
				"west": {"uv": [5.33333, 1, 5.66667, 5], "rotation": 270, "texture": "#2"},
				"up": {"uv": [7, 1, 9.66667, 5], "texture": "#2"},
				"down": {"uv": [1.66667, 1, 4.33333, 5], "rotation": 180, "texture": "#2"}
			}
		},
		{
			"name": "lid",
			"from": [6, 12, 1],
			"to": [10, 13, 15],
			"faces": {
				"north": {"uv": [3.66667, 0.66667, 2.33333, 0.33333], "rotation": 180, "texture": "#2"},
				"east": {"uv": [0.33333, 0.66667, 0.66667, 5.33333], "rotation": 90, "texture": "#2"},
				"south": {"uv": [8.33333, 0.33333, 7, 0.66667], "texture": "#2"},
				"west": {"uv": [5.33333, 0.66667, 5.66667, 5.33333], "rotation": 270, "texture": "#2"},
				"up": {"uv": [7.66667, 0.66667, 9, 5.33333], "texture": "#2"},
				"down": {"uv": [2.33333, 0.66667, 3.66667, 5.33333], "rotation": 180, "texture": "#2"}
			}
		},
		{
			"name": "lid",
			"from": [13, 13, 6],
			"to": [14, 14, 10],
			"faces": {
				"north": {"uv": [1.33333, 0.33333, 1, 0], "rotation": 180, "texture": "#2"},
				"east": {"uv": [0, 2.33333, 0.33333, 3.66667], "rotation": 90, "texture": "#2"},
				"south": {"uv": [9.33333, 0, 9.66667, 0.33333], "texture": "#2"},
				"west": {"uv": [0, 0, 0, 0], "texture": "#2"},
				"up": {"uv": [10, 2.33333, 10.33333, 3.66667], "texture": "#2"},
				"down": {"uv": [0, 0, 0, 0], "texture": "#2"}
			}
		},
		{
			"name": "lid",
			"from": [12, 13, 4],
			"to": [13, 14, 12],
			"faces": {
				"north": {"uv": [1.66667, 0.33333, 1.33333, 0], "rotation": 180, "texture": "#2"},
				"east": {"uv": [0, 1.66667, 0.33333, 4.33333], "rotation": 90, "texture": "#2"},
				"south": {"uv": [9, 0, 9.33333, 0.33333], "texture": "#2"},
				"west": {"uv": [0, 0, 0, 0], "texture": "#2"},
				"up": {"uv": [9.66667, 1.66667, 10, 4.33333], "texture": "#2"},
				"down": {"uv": [0, 0, 0, 0], "texture": "#2"}
			}
		},
		{
			"name": "lid",
			"from": [10, 13, 3],
			"to": [12, 14, 13],
			"faces": {
				"north": {"uv": [2.33333, 0.33333, 1.66667, 0], "rotation": 180, "texture": "#2"},
				"east": {"uv": [0, 1.33333, 0.33333, 4.66667], "rotation": 90, "texture": "#2"},
				"south": {"uv": [8.33333, 0, 9, 0.33333], "texture": "#2"},
				"west": {"uv": [0, 0, 0, 0], "texture": "#2"},
				"up": {"uv": [9, 1.33333, 9.66667, 4.66667], "texture": "#2"},
				"down": {"uv": [0, 0, 0, 0], "texture": "#2"}
			}
		},
		{
			"name": "lid",
			"from": [6, 13, 2],
			"to": [10, 14, 14],
			"faces": {
				"north": {"uv": [3.66667, 0.33333, 2.33333, 0], "rotation": 180, "texture": "#2"},
				"east": {"uv": [0, 1, 0.33333, 5], "rotation": 90, "texture": "#2"},
				"south": {"uv": [7, 0, 8.33333, 0.33333], "texture": "#2"},
				"west": {"uv": [5.66667, 1, 6, 5], "rotation": 270, "texture": "#2"},
				"up": {"uv": [7.66667, 1, 9, 5], "texture": "#2"},
				"down": {"uv": [0, 0, 0, 0], "texture": "#2"}
			}
		},
		{
			"name": "lid",
			"from": [4, 13, 3],
			"to": [6, 14, 13],
			"faces": {
				"north": {"uv": [4.33333, 0.33333, 3.66667, 0], "rotation": 180, "texture": "#2"},
				"east": {"uv": [0, 0, 0, 0], "texture": "#2"},
				"south": {"uv": [6.33333, 0, 7, 0.33333], "texture": "#2"},
				"west": {"uv": [5.66667, 1.33333, 6, 4.66667], "rotation": 270, "texture": "#2"},
				"up": {"uv": [7, 1.33333, 7.66667, 4.66667], "texture": "#2"},
				"down": {"uv": [0, 0, 0, 0], "texture": "#2"}
			}
		},
		{
			"name": "lid",
			"from": [3, 13, 4],
			"to": [4, 14, 12],
			"faces": {
				"north": {"uv": [4.66667, 0.33333, 4.33333, 0], "rotation": 180, "texture": "#2"},
				"east": {"uv": [0, 0, 0, 0], "texture": "#2"},
				"south": {"uv": [6.33333, 0, 6, 0.33333], "texture": "#2"},
				"west": {"uv": [5.66667, 1.66667, 6, 4.33333], "rotation": 270, "texture": "#2"},
				"up": {"uv": [6.66667, 1.66667, 7, 4.33333], "texture": "#2"},
				"down": {"uv": [0, 0, 0, 0], "texture": "#2"}
			}
		},
		{
			"name": "lid",
			"from": [2, 13, 6],
			"to": [3, 14, 10],
			"faces": {
				"north": {"uv": [5, 0.33333, 4.66667, 0], "rotation": 180, "texture": "#2"},
				"east": {"uv": [0, 0, 0, 0], "texture": "#2"},
				"south": {"uv": [5.66667, 0, 6, 0.33333], "texture": "#2"},
				"west": {"uv": [5.66667, 2.33333, 6, 3.66667], "rotation": 270, "texture": "#2"},
				"up": {"uv": [6.33333, 2.33333, 6.66667, 3.66667], "texture": "#2"},
				"down": {"uv": [0, 0, 0, 0], "texture": "#2"}
			}
		},
		{
			"name": "handle",
			"from": [7.5, 14, 5],
			"to": [8.5, 15, 6],
			"faces": {
				"north": {"uv": [15, 0.66667, 14.66667, 0.33333], "rotation": 180, "texture": "#2"},
				"east": {"uv": [14, 0.66667, 14.33333, 1], "rotation": 90, "texture": "#2"},
				"south": {"uv": [15.33333, 0.33333, 15, 0.66667], "texture": "#2"},
				"west": {"uv": [15.33333, 0.66667, 15.66667, 1], "rotation": 270, "texture": "#2"},
				"up": {"uv": [15.66667, 0.66667, 16, 1.33333], "texture": "#2"},
				"down": {"uv": [14.66667, 0.66667, 15, 1], "rotation": 180, "texture": "#2"}
			}
		},
		{
			"name": "handle",
			"from": [7.5, 14, 10],
			"to": [8.5, 15, 11],
			"faces": {
				"north": {"uv": [15, 0.66667, 14.66667, 0.33333], "rotation": 180, "texture": "#2"},
				"east": {"uv": [14.33333, 2.33333, 14.66667, 2.66667], "rotation": 90, "texture": "#2"},
				"south": {"uv": [15.33333, 0.33333, 15, 0.66667], "texture": "#2"},
				"west": {"uv": [15.33333, 2.33333, 15.66667, 2.66667], "rotation": 270, "texture": "#2"},
				"up": {"uv": [15.66667, 2.33333, 16, 2.66667], "texture": "#2"},
				"down": {"uv": [14.66667, 2.33333, 15, 2.66667], "rotation": 180, "texture": "#2"}
			}
		},
		{
			"name": "handle",
			"from": [7.5, 15, 5.5],
			"to": [8.5, 15.75, 10.5],
			"faces": {
				"north": {"uv": [15, 0.33333, 14.66667, 0], "rotation": 180, "texture": "#2"},
				"east": {"uv": [14, 0.66667, 14.33333, 2.66667], "rotation": 90, "texture": "#2"},
				"south": {"uv": [15.33333, 0, 15, 0.33333], "texture": "#2"},
				"west": {"uv": [15.33333, 0.66667, 15.66667, 2.66667], "rotation": 270, "texture": "#2"},
				"up": {"uv": [15.66667, 0.66667, 16, 2.66667], "texture": "#2"},
				"down": {"uv": [14.66667, 0.66667, 15, 2.66667], "rotation": 180, "texture": "#2"}
			}
		}
	],
	"display": {
		"head": {
			"translation": [0, -19.2, 0],
			"scale": [3, 3, 3]
		},
		"fixed": {
			"rotation": [-90, 0, 0],
			"translation": [0, 0, -23],
			"scale": [3, 3, 3]
		}
	},
	"groups": [
		{
			"name": "group",
			"origin": [8, 8, 8],
			"color": 0,
			"children": [
				{
					"name": "bot",
					"origin": [8, 1.92, 8],
					"color": 0,
					"children": [0, 1, 2, 3, 4, 5, 6, 7]
				},
				{
					"name": "lid1",
					"origin": [8, 8, 8],
					"color": 0,
					"children": [8, 9, 10, 11, 12]
				},
				{
					"name": "lid2",
					"origin": [8, 8, 8],
					"color": 0,
					"children": [13, 14, 15, 16, 17, 18, 19]
				}, 20, 21, 22]
		}
	]
}