{
	"credit": "Made with Blockbench",
	"texture_size": [64, 64],
	"textures": {
		"0": "fraggle:furniture/plushes/baby_enderdragon"
	},
	"elements": [
		{
			"name": "Body",
			"from": [6, 4, 4],
			"to": [10, 8, 14],
			"rotation": {"angle": 0, "axis": "y", "origin": [8, 0, 8]},
			"faces": {
				"north": {"uv": [2.5, 2.5, 3.5, 3.5], "texture": "#0"},
				"east": {"uv": [0, 2.5, 2.5, 3.5], "texture": "#0"},
				"south": {"uv": [6, 2.5, 7, 3.5], "texture": "#0"},
				"west": {"uv": [3.5, 2.5, 6, 3.5], "texture": "#0"},
				"up": {"uv": [3.5, 2.5, 2.5, 0], "texture": "#0"},
				"down": {"uv": [4.5, 0, 3.5, 2.5], "texture": "#0"}
			}
		},
		{
			"name": "Spine4",
			"from": [8, 8, 9],
			"to": [8, 9, 11],
			"rotation": {"angle": 0, "axis": "y", "origin": [8, 0, 8]},
			"faces": {
				"north": {"uv": [11.5, 8.5, 11.5, 8.75], "texture": "#0"},
				"east": {"uv": [11, 8.5, 11.5, 8.75], "texture": "#0"},
				"south": {"uv": [12, 8.5, 12, 8.75], "texture": "#0"},
				"west": {"uv": [11.5, 8.5, 12, 8.75], "texture": "#0"},
				"up": {"uv": [11.5, 8.5, 11.5, 8], "texture": "#0"},
				"down": {"uv": [11.5, 8, 11.5, 8.5], "texture": "#0"}
			}
		},
		{
			"name": "Spine5",
			"from": [8, 8, 12],
			"to": [8, 9, 14],
			"rotation": {"angle": 0, "axis": "y", "origin": [8, 0, 8]},
			"faces": {
				"north": {"uv": [11.5, 6.25, 11.5, 6.5], "texture": "#0"},
				"east": {"uv": [11, 6.25, 11.5, 6.5], "texture": "#0"},
				"south": {"uv": [12, 6.25, 12, 6.5], "texture": "#0"},
				"west": {"uv": [11.5, 6.25, 12, 6.5], "texture": "#0"},
				"up": {"uv": [11.5, 6.25, 11.5, 5.75], "texture": "#0"},
				"down": {"uv": [11.5, 5.75, 11.5, 6.25], "texture": "#0"}
			}
		},
		{
			"name": "Hip",
			"from": [5, 4, 11],
			"to": [6, 8, 14],
			"rotation": {"angle": 0, "axis": "y", "origin": [6, 6, 13]},
			"faces": {
				"north": {"uv": [6.25, 9.5, 6.5, 10.5], "texture": "#0"},
				"east": {"uv": [5.5, 9.5, 6.25, 10.5], "texture": "#0"},
				"south": {"uv": [7.25, 9.5, 7.5, 10.5], "texture": "#0"},
				"west": {"uv": [6.5, 9.5, 7.25, 10.5], "texture": "#0"},
				"up": {"uv": [6.5, 9.5, 6.25, 8.75], "texture": "#0"},
				"down": {"uv": [6.75, 8.75, 6.5, 9.5], "texture": "#0"}
			}
		},
		{
			"name": "Leg",
			"from": [4.925, 0, 12],
			"to": [5.925, 6, 14],
			"rotation": {"angle": 22.5, "axis": "x", "origin": [5.925, 5, 13]},
			"faces": {
				"north": {"uv": [10, 10.75, 10.25, 12.25], "texture": "#0"},
				"east": {"uv": [9.5, 10.75, 10, 12.25], "texture": "#0"},
				"south": {"uv": [10.75, 10.75, 11, 12.25], "texture": "#0"},
				"west": {"uv": [10.25, 10.75, 10.75, 12.25], "texture": "#0"},
				"up": {"uv": [10.25, 10.75, 10, 10.25], "texture": "#0"},
				"down": {"uv": [10.5, 10.25, 10.25, 10.75], "texture": "#0"}
			}
		},
		{
			"name": "Foot",
			"from": [4.925, 0, 9],
			"to": [5.925, 1, 12],
			"rotation": {"angle": 0, "axis": "y", "origin": [5.925, 1, 11]},
			"faces": {
				"north": {"uv": [11.25, 5, 11.5, 5.25], "texture": "#0"},
				"east": {"uv": [10.5, 5, 11.25, 5.25], "texture": "#0"},
				"south": {"uv": [12.25, 5, 12.5, 5.25], "texture": "#0"},
				"west": {"uv": [11.5, 5, 12.25, 5.25], "texture": "#0"},
				"up": {"uv": [11.5, 5, 11.25, 4.25], "texture": "#0"},
				"down": {"uv": [11.75, 4.25, 11.5, 5], "texture": "#0"}
			}
		},
		{
			"name": "Hip",
			"from": [10, 4, 11],
			"to": [11, 8, 14],
			"rotation": {"angle": 0, "axis": "y", "origin": [10, 7, 13]},
			"faces": {
				"north": {"uv": [0.75, 0.75, 1, 1.75], "texture": "#0"},
				"east": {"uv": [0, 0.75, 0.75, 1.75], "texture": "#0"},
				"south": {"uv": [1.75, 0.75, 2, 1.75], "texture": "#0"},
				"west": {"uv": [1, 0.75, 1.75, 1.75], "texture": "#0"},
				"up": {"uv": [1, 0.75, 0.75, 0], "texture": "#0"},
				"down": {"uv": [1.25, 0, 1, 0.75], "texture": "#0"}
			}
		},
		{
			"name": "Leg",
			"from": [10.075, 0, 12],
			"to": [11.075, 6, 14],
			"rotation": {"angle": 22.5, "axis": "x", "origin": [10.075, 5, 13]},
			"faces": {
				"north": {"uv": [4, 10.5, 4.25, 12], "texture": "#0"},
				"east": {"uv": [3.5, 10.5, 4, 12], "texture": "#0"},
				"south": {"uv": [4.75, 10.5, 5, 12], "texture": "#0"},
				"west": {"uv": [4.25, 10.5, 4.75, 12], "texture": "#0"},
				"up": {"uv": [4.25, 10.5, 4, 10], "texture": "#0"},
				"down": {"uv": [4.5, 10, 4.25, 10.5], "texture": "#0"}
			}
		},
		{
			"name": "Foot",
			"from": [10.075, 0, 9],
			"to": [11.075, 1, 12],
			"rotation": {"angle": 0, "axis": "y", "origin": [10.075, 1, 11]},
			"faces": {
				"north": {"uv": [11, 1.25, 11.25, 1.5], "texture": "#0"},
				"east": {"uv": [10.25, 1.25, 11, 1.5], "texture": "#0"},
				"south": {"uv": [12, 1.25, 12.25, 1.5], "texture": "#0"},
				"west": {"uv": [11.25, 1.25, 12, 1.5], "texture": "#0"},
				"up": {"uv": [11.25, 1.25, 11, 0.5], "texture": "#0"},
				"down": {"uv": [11.5, 0.5, 11.25, 1.25], "texture": "#0"}
			}
		},
		{
			"name": "Hip",
			"from": [10, 5, 4],
			"to": [11, 8, 7],
			"rotation": {"angle": 0, "axis": "y", "origin": [10, 6, 6]},
			"faces": {
				"north": {"uv": [10.75, 3.25, 11, 4], "texture": "#0"},
				"east": {"uv": [10, 3.25, 10.75, 4], "texture": "#0"},
				"south": {"uv": [11.75, 3.25, 12, 4], "texture": "#0"},
				"west": {"uv": [11, 3.25, 11.75, 4], "texture": "#0"},
				"up": {"uv": [11, 3.25, 10.75, 2.5], "texture": "#0"},
				"down": {"uv": [11.25, 2.5, 11, 3.25], "texture": "#0"}
			}
		},
		{
			"name": "Leg",
			"from": [10, 0, 4],
			"to": [11, 6, 6],
			"rotation": {"angle": 0, "axis": "y", "origin": [10, 5, 6]},
			"faces": {
				"north": {"uv": [2.25, 10.5, 2.5, 12], "texture": "#0"},
				"east": {"uv": [1.75, 10.5, 2.25, 12], "texture": "#0"},
				"south": {"uv": [3, 10.5, 3.25, 12], "texture": "#0"},
				"west": {"uv": [2.5, 10.5, 3, 12], "texture": "#0"},
				"up": {"uv": [2.5, 10.5, 2.25, 10], "texture": "#0"},
				"down": {"uv": [2.75, 10, 2.5, 10.5], "texture": "#0"}
			}
		},
		{
			"name": "Foot",
			"from": [10, 0, 3],
			"to": [11, 1, 6],
			"rotation": {"angle": 0, "axis": "y", "origin": [10, 1, 5]},
			"faces": {
				"north": {"uv": [8, 3.25, 8.25, 3.5], "texture": "#0"},
				"east": {"uv": [7.25, 3.25, 8, 3.5], "texture": "#0"},
				"south": {"uv": [9, 3.25, 9.25, 3.5], "texture": "#0"},
				"west": {"uv": [8.25, 3.25, 9, 3.5], "texture": "#0"},
				"up": {"uv": [8.25, 3.25, 8, 2.5], "texture": "#0"},
				"down": {"uv": [8.5, 2.5, 8.25, 3.25], "texture": "#0"}
			}
		},
		{
			"name": "Hip",
			"from": [5, 5, 4],
			"to": [6, 8, 7],
			"rotation": {"angle": 0, "axis": "y", "origin": [6, 6, 6]},
			"faces": {
				"north": {"uv": [10.25, 9.25, 10.5, 10], "texture": "#0"},
				"east": {"uv": [9.5, 9.25, 10.25, 10], "texture": "#0"},
				"south": {"uv": [11.25, 9.25, 11.5, 10], "texture": "#0"},
				"west": {"uv": [10.5, 9.25, 11.25, 10], "texture": "#0"},
				"up": {"uv": [10.5, 9.25, 10.25, 8.5], "texture": "#0"},
				"down": {"uv": [10.75, 8.5, 10.5, 9.25], "texture": "#0"}
			}
		},
		{
			"name": "Leg",
			"from": [5, 0, 4],
			"to": [6, 6, 6],
			"rotation": {"angle": 0, "axis": "y", "origin": [6, 6, 5]},
			"faces": {
				"north": {"uv": [10, 6.75, 10.25, 8.25], "texture": "#0"},
				"east": {"uv": [9.5, 6.75, 10, 8.25], "texture": "#0"},
				"south": {"uv": [10.75, 6.75, 11, 8.25], "texture": "#0"},
				"west": {"uv": [10.25, 6.75, 10.75, 8.25], "texture": "#0"},
				"up": {"uv": [10.25, 6.75, 10, 6.25], "texture": "#0"},
				"down": {"uv": [10.5, 6.25, 10.25, 6.75], "texture": "#0"}
			}
		},
		{
			"name": "Foot",
			"from": [5, 0, 3],
			"to": [6, 1, 6],
			"rotation": {"angle": 0, "axis": "y", "origin": [6, 1, 5]},
			"faces": {
				"north": {"uv": [4.5, 6.25, 4.75, 6.5], "texture": "#0"},
				"east": {"uv": [3.75, 6.25, 4.5, 6.5], "texture": "#0"},
				"south": {"uv": [5.5, 6.25, 5.75, 6.5], "texture": "#0"},
				"west": {"uv": [4.75, 6.25, 5.5, 6.5], "texture": "#0"},
				"up": {"uv": [4.75, 6.25, 4.5, 5.5], "texture": "#0"},
				"down": {"uv": [5, 5.5, 4.75, 6.25], "texture": "#0"}
			}
		},
		{
			"name": "Head",
			"from": [6, 7, 3],
			"to": [10, 12, 7],
			"rotation": {"angle": 0, "axis": "y", "origin": [8, 8, 6]},
			"faces": {
				"north": {"uv": [6.25, 7.25, 7.25, 8.5], "texture": "#0"},
				"east": {"uv": [5.25, 7.25, 6.25, 8.5], "texture": "#0"},
				"south": {"uv": [8.25, 7.25, 9.25, 8.5], "texture": "#0"},
				"west": {"uv": [7.25, 7.25, 8.25, 8.5], "texture": "#0"},
				"up": {"uv": [7.25, 7.25, 6.25, 6.25], "texture": "#0"},
				"down": {"uv": [8.25, 6.25, 7.25, 7.25], "texture": "#0"}
			}
		},
		{
			"name": "Nose",
			"from": [6, 7, 1],
			"to": [10, 9, 7],
			"rotation": {"angle": 0, "axis": "y", "origin": [8, 0, 8]},
			"faces": {
				"north": {"uv": [1.5, 7, 2.5, 7.5], "texture": "#0"},
				"east": {"uv": [0, 7, 1.5, 7.5], "texture": "#0"},
				"south": {"uv": [4, 7, 5, 7.5], "texture": "#0"},
				"west": {"uv": [2.5, 7, 4, 7.5], "texture": "#0"},
				"up": {"uv": [2.5, 7, 1.5, 5.5], "texture": "#0"},
				"down": {"uv": [3.5, 5.5, 2.5, 7], "texture": "#0"}
			}
		},
		{
			"name": "Nostril",
			"from": [9, 9, 1],
			"to": [10, 10, 2],
			"rotation": {"angle": 0, "axis": "y", "origin": [8, 0, 8]},
			"faces": {
				"north": {"uv": [3.75, 8, 4, 8.25], "texture": "#0"},
				"east": {"uv": [3.5, 8, 3.75, 8.25], "texture": "#0"},
				"south": {"uv": [4.25, 8, 4.5, 8.25], "texture": "#0"},
				"west": {"uv": [4, 8, 4.25, 8.25], "texture": "#0"},
				"up": {"uv": [4, 8, 3.75, 7.75], "texture": "#0"},
				"down": {"uv": [4.25, 7.75, 4, 8], "texture": "#0"}
			}
		},
		{
			"name": "Nostril",
			"from": [6, 9, 1],
			"to": [7, 10, 2],
			"rotation": {"angle": 0, "axis": "y", "origin": [8, 0, 8]},
			"faces": {
				"north": {"uv": [2.5, 8, 2.75, 8.25], "texture": "#0"},
				"east": {"uv": [2.25, 8, 2.5, 8.25], "texture": "#0"},
				"south": {"uv": [3, 8, 3.25, 8.25], "texture": "#0"},
				"west": {"uv": [2.75, 8, 3, 8.25], "texture": "#0"},
				"up": {"uv": [2.75, 8, 2.5, 7.75], "texture": "#0"},
				"down": {"uv": [3, 7.75, 2.75, 8], "texture": "#0"}
			}
		},
		{
			"name": "Fin",
			"from": [10, 8, 4],
			"to": [10, 13, 7],
			"rotation": {"angle": 22.5, "axis": "y", "origin": [10, 11, 4]},
			"faces": {
				"north": {"uv": [0.75, 10.25, 0.75, 11.5], "texture": "#0"},
				"east": {"uv": [0, 10.25, 0.75, 11.5], "texture": "#0"},
				"south": {"uv": [1.5, 10.25, 1.5, 11.5], "texture": "#0"},
				"west": {"uv": [0.75, 10.25, 1.5, 11.5], "texture": "#0"},
				"up": {"uv": [0.75, 10.25, 0.75, 9.5], "texture": "#0"},
				"down": {"uv": [0.75, 9.5, 0.75, 10.25], "texture": "#0"}
			}
		},
		{
			"name": "Fin",
			"from": [6, 8, 4],
			"to": [6, 13, 7],
			"rotation": {"angle": -22.5, "axis": "y", "origin": [6, 11, 4]},
			"faces": {
				"north": {"uv": [8.5, 9.5, 8.5, 10.75], "texture": "#0"},
				"east": {"uv": [7.75, 9.5, 8.5, 10.75], "texture": "#0"},
				"south": {"uv": [9.25, 9.5, 9.25, 10.75], "texture": "#0"},
				"west": {"uv": [8.5, 9.5, 9.25, 10.75], "texture": "#0"},
				"up": {"uv": [8.5, 9.5, 8.5, 8.75], "texture": "#0"},
				"down": {"uv": [8.5, 8.75, 8.5, 9.5], "texture": "#0"}
			}
		},
		{
			"name": "Horn",
			"from": [9.025, 12, 6],
			"to": [10.025, 14, 7],
			"rotation": {"angle": 22.5, "axis": "x", "origin": [10.025, 12, 6]},
			"faces": {
				"north": {"uv": [8, 11.25, 8.25, 11.75], "texture": "#0"},
				"east": {"uv": [7.75, 11.25, 8, 11.75], "texture": "#0"},
				"south": {"uv": [8.5, 11.25, 8.75, 11.75], "texture": "#0"},
				"west": {"uv": [8.25, 11.25, 8.5, 11.75], "texture": "#0"},
				"up": {"uv": [8.25, 11.25, 8, 11], "texture": "#0"},
				"down": {"uv": [8.5, 11, 8.25, 11.25], "texture": "#0"}
			}
		},
		{
			"name": "Horn",
			"from": [5.95, 12, 6],
			"to": [6.95, 14, 7],
			"rotation": {"angle": 22.5, "axis": "x", "origin": [9.95, 12, 6]},
			"faces": {
				"north": {"uv": [8, 11.25, 8.25, 11.75], "texture": "#0"},
				"east": {"uv": [7.75, 11.25, 8, 11.75], "texture": "#0"},
				"south": {"uv": [8.5, 11.25, 8.75, 11.75], "texture": "#0"},
				"west": {"uv": [8.25, 11.25, 8.5, 11.75], "texture": "#0"},
				"up": {"uv": [8.25, 11.25, 8, 11], "texture": "#0"},
				"down": {"uv": [8.5, 11, 8.25, 11.25], "texture": "#0"}
			}
		},
		{
			"name": "Spine1",
			"from": [8, 12, 4],
			"to": [8, 13, 6],
			"rotation": {"angle": 0, "axis": "y", "origin": [8, 0, 8]},
			"faces": {
				"north": {"uv": [5.75, 11.25, 5.75, 11.5], "texture": "#0"},
				"east": {"uv": [5.25, 11.25, 5.75, 11.5], "texture": "#0"},
				"south": {"uv": [6.25, 11.25, 6.25, 11.5], "texture": "#0"},
				"west": {"uv": [5.75, 11.25, 6.25, 11.5], "texture": "#0"},
				"up": {"uv": [5.75, 11.25, 5.75, 10.75], "texture": "#0"},
				"down": {"uv": [5.75, 10.75, 5.75, 11.25], "texture": "#0"}
			}
		},
		{
			"name": "Spine2",
			"from": [8, 10, 7],
			"to": [8, 12, 8],
			"rotation": {"angle": 0, "axis": "y", "origin": [8, 0, 8]},
			"faces": {
				"north": {"uv": [5, 1.5, 5, 2], "texture": "#0"},
				"east": {"uv": [4.75, 1.5, 5, 2], "texture": "#0"},
				"south": {"uv": [5.25, 1.5, 5.25, 2], "texture": "#0"},
				"west": {"uv": [5, 1.5, 5.25, 2], "texture": "#0"},
				"up": {"uv": [5, 1.5, 5, 1.25], "texture": "#0"},
				"down": {"uv": [5, 1.25, 5, 1.5], "texture": "#0"}
			}
		},
		{
			"name": "Spine3",
			"from": [8, 7, 7],
			"to": [8, 9, 8],
			"rotation": {"angle": 0, "axis": "y", "origin": [8, 0, 8]},
			"faces": {
				"north": {"uv": [5, 0.25, 5, 0.75], "texture": "#0"},
				"east": {"uv": [4.75, 0.25, 5, 0.75], "texture": "#0"},
				"south": {"uv": [5.25, 0.25, 5.25, 0.75], "texture": "#0"},
				"west": {"uv": [5, 0.25, 5.25, 0.75], "texture": "#0"},
				"up": {"uv": [5, 0.25, 5, 0], "texture": "#0"},
				"down": {"uv": [5, 0, 5, 0.25], "texture": "#0"}
			}
		},
		{
			"name": "Tail 1",
			"from": [7, 6, 13],
			"to": [9, 8, 17],
			"rotation": {"angle": -22.5, "axis": "x", "origin": [8, 7, 14]},
			"faces": {
				"north": {"uv": [1, 8.75, 1.5, 9.25], "texture": "#0"},
				"east": {"uv": [0, 8.75, 1, 9.25], "texture": "#0"},
				"south": {"uv": [2.5, 8.75, 3, 9.25], "texture": "#0"},
				"west": {"uv": [1.5, 8.75, 2.5, 9.25], "texture": "#0"},
				"up": {"uv": [1.5, 8.75, 1, 7.75], "texture": "#0"},
				"down": {"uv": [2, 7.75, 1.5, 8.75], "texture": "#0"}
			}
		},
		{
			"name": "Tail 2",
			"from": [7, 8, 15],
			"to": [9, 9, 19],
			"rotation": {"angle": -22.5, "axis": "x", "origin": [8, 9, 16]},
			"faces": {
				"north": {"uv": [3.25, 9.5, 3.75, 9.75], "texture": "#0"},
				"east": {"uv": [2.25, 9.5, 3.25, 9.75], "texture": "#0"},
				"south": {"uv": [4.75, 9.5, 5.25, 9.75], "texture": "#0"},
				"west": {"uv": [3.75, 9.5, 4.75, 9.75], "texture": "#0"},
				"up": {"uv": [3.75, 9.5, 3.25, 8.5], "texture": "#0"},
				"down": {"uv": [4.25, 8.5, 3.75, 9.5], "texture": "#0"}
			}
		},
		{
			"name": "TailFin",
			"from": [5, 9, 17],
			"to": [11, 9, 23],
			"rotation": {"angle": -22.5, "axis": "x", "origin": [8, 10, 17]},
			"faces": {
				"north": {"uv": [1.5, 5.25, 3, 5.25], "texture": "#0"},
				"east": {"uv": [0, 5.25, 1.5, 5.25], "texture": "#0"},
				"south": {"uv": [4.5, 5.25, 6, 5.25], "texture": "#0"},
				"west": {"uv": [3, 5.25, 4.5, 5.25], "texture": "#0"},
				"up": {"uv": [3, 5.25, 1.5, 3.75], "texture": "#0"},
				"down": {"uv": [4.5, 3.75, 3, 5.25], "texture": "#0"}
			}
		},
		{
			"name": "WIng1",
			"from": [9, 8.125, 8],
			"to": [17, 8.125, 12],
			"rotation": {"angle": 22.5, "axis": "y", "origin": [9, 8.125, 9]},
			"faces": {
				"north": {"uv": [6.25, 6, 8.25, 6], "texture": "#0"},
				"east": {"uv": [5.25, 6, 6.25, 6], "texture": "#0"},
				"south": {"uv": [9.25, 6, 11.25, 6], "texture": "#0"},
				"west": {"uv": [8.25, 6, 9.25, 6], "texture": "#0"},
				"up": {"uv": [8.25, 6, 6.25, 5], "texture": "#0"},
				"down": {"uv": [10.25, 5, 8.25, 6], "texture": "#0"}
			}
		},
		{
			"name": "WIng3",
			"from": [9, 8.025, 8],
			"to": [17, 8.025, 12],
			"rotation": {"angle": -22.5, "axis": "y", "origin": [9, 8.025, 9]},
			"faces": {
				"north": {"uv": [5.75, 4.75, 7.75, 4.75], "texture": "#0"},
				"east": {"uv": [4.75, 4.75, 5.75, 4.75], "texture": "#0"},
				"south": {"uv": [8.75, 4.75, 10.75, 4.75], "texture": "#0"},
				"west": {"uv": [7.75, 4.75, 8.75, 4.75], "texture": "#0"},
				"up": {"uv": [7.75, 4.75, 5.75, 3.75], "texture": "#0"},
				"down": {"uv": [9.75, 3.75, 7.75, 4.75], "texture": "#0"}
			}
		},
		{
			"name": "WIng2",
			"from": [-1, 8.125, 8],
			"to": [7, 8.125, 12],
			"rotation": {"angle": -22.5, "axis": "y", "origin": [7, 8.125, 10]},
			"faces": {
				"north": {"uv": [5.75, 2.25, 7.75, 2.25], "texture": "#0"},
				"east": {"uv": [4.75, 2.25, 5.75, 2.25], "texture": "#0"},
				"south": {"uv": [8.75, 2.25, 10.75, 2.25], "texture": "#0"},
				"west": {"uv": [7.75, 2.25, 8.75, 2.25], "texture": "#0"},
				"up": {"uv": [7.75, 2.25, 5.75, 1.25], "texture": "#0"},
				"down": {"uv": [9.75, 1.25, 7.75, 2.25], "texture": "#0"}
			}
		},
		{
			"name": "WIng4",
			"from": [-1, 8.025, 8],
			"to": [7, 8.025, 12],
			"rotation": {"angle": 22.5, "axis": "y", "origin": [7, 8.025, 8]},
			"faces": {
				"north": {"uv": [5.75, 1, 7.75, 1], "texture": "#0"},
				"east": {"uv": [4.75, 1, 5.75, 1], "texture": "#0"},
				"south": {"uv": [8.75, 1, 10.75, 1], "texture": "#0"},
				"west": {"uv": [7.75, 1, 8.75, 1], "texture": "#0"},
				"up": {"uv": [7.75, 1, 5.75, 0], "texture": "#0"},
				"down": {"uv": [9.75, 0, 7.75, 1], "texture": "#0"}
			}
		}
	],
	"display": {
		"thirdperson_righthand": {
			"rotation": [0, 171, 0],
			"translation": [0, 3.25, 0],
			"scale": [0.44, 0.44, 0.44]
		},
		"thirdperson_lefthand": {
			"rotation": [0, 171, 0],
			"translation": [0, 3.25, 0],
			"scale": [0.44, 0.44, 0.44]
		},
		"ground": {
			"translation": [0, 4.75, 0]
		},
		"gui": {
			"rotation": [0, 150, 0],
			"translation": [-1.25, 1, 0]
		},
		"head": {
			"translation": [0.5, 18.5, 1],
			"scale": [1.5, 1.5, 1.5]
		},
		"fixed": {
			"rotation": [-90, 0, 0],
			"translation": [0, 0, -17],
			"scale": [2, 2, 2]
		}
	},
	"groups": [
		{
			"name": "Hitbox",
			"origin": [0, 6, 0],
			"color": 0,
			"children": [0]
		},
		{
			"name": "Parent",
			"origin": [0, 6, 6],
			"color": 0,
			"children": [
				{
					"name": "MainBody",
					"origin": [0, 0, 0],
					"color": 0,
					"children": [0, 1, 2]
				},
				{
					"name": "BackLeft",
					"origin": [-2, 7, 4],
					"color": 0,
					"children": [
						3,
						{
							"name": "Leg",
							"origin": [-2, 5, 5],
							"color": 0,
							"children": [
								4,
								{
									"name": "Foot",
									"origin": [-2, 1, 3],
									"color": 0,
									"children": [5]
								}
							]
						}
					]
				},
				{
					"name": "BackRight",
					"origin": [2, 7, 4],
					"color": 0,
					"children": [
						6,
						{
							"name": "Leg3",
							"origin": [2, 5, 5],
							"color": 0,
							"children": [
								7,
								{
									"name": "Foot3",
									"origin": [2, 1, 3],
									"color": 0,
									"children": [8]
								}
							]
						}
					]
				},
				{
					"name": "FrontRight",
					"origin": [2, 7, -3],
					"color": 0,
					"children": [
						9,
						{
							"name": "Leg2",
							"origin": [2, 5, -2],
							"color": 0,
							"children": [
								10,
								{
									"name": "Foot2",
									"origin": [2, 1, -3],
									"color": 0,
									"children": [11]
								}
							]
						}
					]
				},
				{
					"name": "FrontLeft",
					"origin": [-2, 7, -3],
					"color": 0,
					"children": [
						12,
						{
							"name": "Leg4",
							"origin": [-2, 6, -3],
							"color": 0,
							"children": [
								13,
								{
									"name": "Foot4",
									"origin": [-2, 1, -3],
									"color": 0,
									"children": [14]
								}
							]
						}
					]
				},
				{
					"name": "h_head",
					"origin": [0, 8, -2],
					"color": 0,
					"children": [
						15,
						16,
						17,
						18,
						{
							"name": "LeftFin",
							"origin": [2, 10, -4],
							"color": 0,
							"children": [19]
						},
						{
							"name": "RightFin",
							"origin": [-2, 10, -4],
							"color": 0,
							"children": [20]
						},
						21,
						22,
						23,
						24,
						25
					]
				},
				{
					"name": "Tail",
					"origin": [0, 7, 6],
					"color": 0,
					"children": [
						26,
						{
							"name": "bone8",
							"origin": [0, 9, 8],
							"color": 0,
							"children": [
								{
									"name": "Tail2",
									"origin": [0, 8, 8],
									"color": 0,
									"children": [27]
								},
								{
									"name": "TailEnd",
									"origin": [0, 10, 10],
									"color": 0,
									"children": [28]
								}
							]
						}
					]
				},
				{
					"name": "RightWings",
					"origin": [1, 8, 1],
					"color": 0,
					"children": [
						{
							"name": "Wing1",
							"origin": [1, 8, 1],
							"color": 0,
							"children": [29]
						},
						{
							"name": "Wing3",
							"origin": [1, 8, 2],
							"color": 0,
							"children": [30]
						}
					]
				},
				{
					"name": "LeftWings",
					"origin": [-1, 8, 1],
					"color": 0,
					"children": [
						{
							"name": "Wing2",
							"origin": [-1, 8, 2],
							"color": 0,
							"children": [31]
						},
						{
							"name": "Wing4",
							"origin": [-1, 8, 2],
							"color": 0,
							"children": [32]
						}
					]
				}
			]
		}
	]
}