{"textures":{"0":"modelengine:entity/bichon"},"elements":[{"from":[6.3204284,7.44,6.8085713],"to":[9.577572,10.045714,12.02],"rotation":{"angle":0.0,"axis":"y","origin":[8.726643,7.8485126,7.937619]},"faces":{"east":{"uv":[3.008,0.008,4.992,0.992],"rotation":0,"texture":"#0","tintindex":0},"south":{"uv":[5.008,3.758,6.242,4.742],"rotation":0,"texture":"#0","tintindex":0},"north":{"uv":[5.008,2.508,6.242,3.492],"rotation":0,"texture":"#0","tintindex":0},"west":{"uv":[3.508,1.258,5.492,2.242],"rotation":0,"texture":"#0","tintindex":0},"up":{"uv":[1.242,1.992,0.008,0.008],"rotation":0,"texture":"#0","tintindex":0},"down":{"uv":[2.742,0.008,1.508,1.992],"rotation":0,"texture":"#0","tintindex":0}}}],"display":{"head":{"translation":[0.0,-6.4,0.0],"scale":[4.0,4.0,4.0]}}}