{
	"credit": "Made with Blockbench",
	"texture_size": [32, 32],
	"textures": {
		"3": "fraggle:furniture/seats/pillow"
	},
	"elements": [
		{
			"name": "cushion",
			"from": [1, 0, 1],
			"to": [15, 3, 15],
			"faces": {
				"north": {"uv": [7.5, 0, 14.5, 1.5], "texture": "#3", "tintindex": 0},
				"east": {"uv": [7.5, 2, 14.5, 3.5], "texture": "#3", "tintindex": 0},
				"south": {"uv": [7.5, 4, 14.5, 5.5], "texture": "#3", "tintindex": 0},
				"west": {"uv": [7.5, 6, 14.5, 7.5], "texture": "#3", "tintindex": 0},
				"up": {"uv": [7, 7, 0, 0], "texture": "#3", "tintindex": 0},
				"down": {"uv": [7, 7.5, 0, 14.5], "texture": "#3", "tintindex": 0}
			}
		}
	],
	"display": {
		"thirdperson_righthand": {
			"rotation": [80, 0, 0],
			"translation": [0, 4.5, 6.25],
			"scale": [0.8, 0.8, 0.8]
		},
		"thirdperson_lefthand": {
			"rotation": [80, 0, 0],
			"translation": [0, 4.5, 6.25],
			"scale": [0.8, 0.8, 0.8]
		},
		"firstperson_righthand": {
			"rotation": [11, 0, 0],
			"translation": [0, 9.25, 0.5],
			"scale": [0.8, 0.8, 0.8]
		},
		"firstperson_lefthand": {
			"rotation": [11, 0, 0],
			"translation": [0, 9.25, 0.5],
			"scale": [0.8, 0.8, 0.8]
		},
		"ground": {
			"translation": [0, 2.75, 0]
		},
		"gui": {
			"rotation": [41.75, 167.5, 0],
			"translation": [0, 4, 0],
			"scale": [0.8, 0.8, 0.8]
		},
		"head": {
			"translation": [0, 14.5, 0]
		},
		"fixed": {
			"rotation": [-90, 0, 0],
			"translation": [0, 0, -21],
			"scale": [2.5, 2.5, 2.5]
		}
	}
}