{
	"credit": "Made by Larkyy",
	"texture_size": [32, 32],
	"textures": {
		"0": "fraggle:hats/fox_hat",
		"particle": "fraggle:hats/fox_hat"
	},
	"elements": [
		{
			"from": [3, 0, 1],
			"to": [10, 4, 6],
			"rotation": {"angle": 0, "axis": "y", "origin": [-3, 0, -1]},
			"faces": {
				"north": {"uv": [3, 11.5, 6.5, 13.5], "texture": "#0"},
				"east": {"uv": [12, 0, 14.5, 2], "texture": "#0"},
				"south": {"uv": [6.5, 11.5, 10, 13.5], "texture": "#0"},
				"west": {"uv": [13, 2, 15.5, 4], "texture": "#0"},
				"up": {"uv": [13.5, 8, 10, 5.5], "texture": "#0"},
				"down": {"uv": [14.5, 8, 11, 10.5], "texture": "#0"}
			}
		},
		{
			"from": [-7, 0, 6.75],
			"to": [-1, 5, 18.75],
			"rotation": {"angle": 45, "axis": "y", "origin": [-3, 0, -1]},
			"faces": {
				"north": {"uv": [11, 10.5, 14, 13], "texture": "#0"},
				"east": {"uv": [0, 6, 6, 8.5], "texture": "#0"},
				"south": {"uv": [0, 11.5, 3, 14], "texture": "#0"},
				"west": {"uv": [6, 0, 12, 2.5], "texture": "#0"},
				"up": {"uv": [3, 6, 0, 0], "texture": "#0"},
				"down": {"uv": [6, 0, 3, 6], "texture": "#0"}
			}
		},
		{
			"from": [8, 0, 6],
			"to": [16, 6, 12],
			"rotation": {"angle": 0, "axis": "y", "origin": [-3, 0, -1]},
			"faces": {
				"north": {"uv": [6, 2.5, 10, 5.5], "texture": "#0"},
				"east": {"uv": [8, 8.5, 11, 11.5], "texture": "#0"},
				"south": {"uv": [6, 5.5, 10, 8.5], "texture": "#0"},
				"west": {"uv": [10, 2.5, 13, 5.5], "texture": "#0"},
				"up": {"uv": [4, 11.5, 0, 8.5], "texture": "#0"},
				"down": {"uv": [8, 8.5, 4, 11.5], "texture": "#0"}
			}
		},
		{
			"from": [10, 0, 3],
			"to": [14, 2, 6],
			"rotation": {"angle": 0, "axis": "y", "origin": [-3, 0, -1]},
			"faces": {
				"north": {"uv": [12, 13, 14, 14], "texture": "#0"},
				"east": {"uv": [5, 13.5, 6.5, 14.5], "texture": "#0"},
				"south": {"uv": [3, 13.5, 5, 14.5], "texture": "#0"},
				"west": {"uv": [13.5, 5.5, 15, 6.5], "texture": "#0"},
				"up": {"uv": [15, 5.5, 13, 4], "texture": "#0"},
				"down": {"uv": [12, 13, 10, 14.5], "texture": "#0"}
			}
		},
		{
			"from": [8, 6, 7],
			"to": [10, 8, 8],
			"rotation": {"angle": 0, "axis": "y", "origin": [-3, 0, -1]},
			"faces": {
				"north": {"uv": [10, 11.5, 11, 12.5], "texture": "#0"},
				"east": {"uv": [8.5, 13.5, 9, 14.5], "texture": "#0"},
				"south": {"uv": [6.5, 13.5, 7.5, 14.5], "texture": "#0"},
				"west": {"uv": [9, 13.5, 9.5, 14.5], "texture": "#0"},
				"up": {"uv": [11, 8.5, 10, 8], "texture": "#0"},
				"down": {"uv": [13, 2, 12, 2.5], "texture": "#0"}
			}
		},
		{
			"from": [14, 6, 7],
			"to": [16, 8, 8],
			"rotation": {"angle": 0, "axis": "y", "origin": [-3, 0, -1]},
			"faces": {
				"north": {"uv": [13.5, 6.5, 14.5, 7.5], "texture": "#0"},
				"east": {"uv": [9.5, 13.5, 10, 14.5], "texture": "#0"},
				"south": {"uv": [7.5, 13.5, 8.5, 14.5], "texture": "#0"},
				"west": {"uv": [0, 14, 0.5, 15], "texture": "#0"},
				"up": {"uv": [11, 13, 10, 12.5], "texture": "#0"},
				"down": {"uv": [14.5, 7.5, 13.5, 8], "texture": "#0"}
			}
		}
	],
	"display": {
		"head": {
			"translation": [0, 12.25, 0],
			"scale": [0.75, 0.75, 0.75]
		}
	}
}