{
	"credit": "Made by Larkyy",
	"parent": "santa_hat",
	"texture_size": [64, 64],
	"textures": {
		"0": "fraggle:hats/santa_hat",
		"particle": "fraggle:hats/santa_hat"
	},
	"elements": [
		{
			"from": [3, 0, 3],
			"to": [13, 3, 13],
			"faces": {
				"north": {"uv": [4.5, 0, 7, 0.75], "texture": "#0"},
				"east": {"uv": [4.5, 0, 7, 0.75], "texture": "#0"},
				"south": {"uv": [4.5, 0, 7, 0.75], "texture": "#0"},
				"west": {"uv": [4.5, 0, 7, 0.75], "texture": "#0"},
				"up": {"uv": [2.5, 2.5, 0, 0], "texture": "#0"},
				"down": {"uv": [2.5, 2.5, 0, 5], "texture": "#0"}
			}
		},
		{
			"from": [4, 3, 4],
			"to": [12, 5, 12],
			"faces": {
				"north": {"uv": [5, 5.75, 7, 6.25], "texture": "#0"},
				"east": {"uv": [8.25, 3, 6.25, 3.5], "texture": "#0"},
				"south": {"uv": [5, 6.25, 7, 6.75], "texture": "#0"},
				"west": {"uv": [6.25, 3, 8.25, 3.5], "texture": "#0"},
				"up": {"uv": [4.5, 2, 2.5, 0], "texture": "#0"},
				"down": {"uv": [4.5, 2, 2.5, 4], "texture": "#0"}
			}
		},
		{
			"from": [5, 5, 5],
			"to": [11, 8.25, 11.5],
			"rotation": {"angle": 22.5, "axis": "x", "origin": [5, 5, 4.5]},
			"faces": {
				"north": {"uv": [2, 5.75, 3.5, 6.5], "texture": "#0"},
				"east": {"uv": [4.5, 3, 6.25, 3.75], "texture": "#0"},
				"south": {"uv": [3.5, 5.75, 5, 6.5], "texture": "#0"},
				"west": {"uv": [2.5, 5, 4, 5.75], "texture": "#0"},
				"up": {"uv": [4, 5.75, 2.5, 4], "texture": "#0"},
				"down": {"uv": [5.5, 4, 4, 5.75], "texture": "#0"}
			}
		},
		{
			"from": [6, 8, 5],
			"to": [10, 11.5, 9.5],
			"rotation": {"angle": 45, "axis": "x", "origin": [5, 5, 4.5]},
			"faces": {
				"north": {"uv": [4, 6.5, 5, 7.5], "texture": "#0"},
				"east": {"uv": [5.5, 3.75, 6.75, 4.75], "texture": "#0"},
				"south": {"uv": [6.75, 3.5, 7.75, 4.5], "texture": "#0"},
				"west": {"uv": [6.75, 3.75, 5.5, 4.75], "texture": "#0"},
				"up": {"uv": [1, 7, 0, 5.75], "texture": "#0"},
				"down": {"uv": [2, 5.75, 1, 7], "texture": "#0"}
			}
		},
		{
			"from": [7, 3.25, 10.5],
			"to": [9, 6, 14],
			"rotation": {"angle": -22.5, "axis": "x", "origin": [5, 5, 4.5]},
			"faces": {
				"north": {"uv": [7, 1.75, 7.5, 2.5], "texture": "#0"},
				"east": {"uv": [6.75, 4.5, 7.75, 5.25], "texture": "#0"},
				"south": {"uv": [2, 7, 2.5, 7.75], "texture": "#0"},
				"west": {"uv": [7.75, 4.5, 6.75, 5.25], "texture": "#0"},
				"up": {"uv": [7.5, 1.75, 7, 0.75], "texture": "#0"},
				"down": {"uv": [2, 7, 1.5, 8], "texture": "#0"}
			}
		},
		{
			"from": [6.5, 9.75, 10.5],
			"to": [9.5, 13, 13.75],
			"rotation": {"angle": 22.5, "axis": "x", "origin": [5, 5, 4.5]},
			"faces": {
				"north": {"uv": [1.75, 5, 2.5, 5.75], "texture": "#0"},
				"east": {"uv": [6, 6.75, 6.75, 7.5], "texture": "#0"},
				"south": {"uv": [6.75, 6.75, 7.5, 7.5], "texture": "#0"},
				"west": {"uv": [6, 6.75, 6.75, 7.5], "texture": "#0"},
				"up": {"uv": [7.75, 0.75, 7, 0], "texture": "#0"},
				"down": {"uv": [1.5, 7, 0.75, 7.75], "texture": "#0"}
			}
		}
	],
	"display": {
		"head": {
			"translation": [0, 14.5, 0],
			"scale": [1.24, 1.24, 1.24]
		}
	}
}