{"textures":{"1":"modelengine:entity/mammoth"},"elements":[{"from":[6.710857,4.9645715,7.528],"to":[8.973715,8.861714,9.690286],"rotation":{"angle":0.0,"axis":"y","origin":[7.8422856,6.9131427,8.797714]},"faces":{"east":{"uv":[6.625,7.75,7.1875,8.75],"rotation":0,"texture":"#1","tintindex":0},"south":{"uv":[0.5625,7.875,1.125,8.875],"rotation":0,"texture":"#1","tintindex":0},"north":{"uv":[6.0625,7.75,6.625,8.75],"rotation":0,"texture":"#1","tintindex":0},"west":{"uv":[6.625,7.75,7.1875,8.75],"rotation":0,"texture":"#1","tintindex":0},"up":{"uv":[10.875,10.75,10.3125,10.1875],"rotation":0,"texture":"#1","tintindex":0},"down":{"uv":[10.9375,3.75,10.375,4.3125],"rotation":0,"texture":"#1","tintindex":0}}},{"from":[8.395429,4.2605715,7.0],"to":[9.149714,5.190857,7.326857],"rotation":{"angle":-22.5,"axis":"y","origin":[8.772572,4.662857,7.1634283]},"faces":{"east":{"uv":[1.3125,0.0,1.5,0.25],"rotation":0,"texture":"#1","tintindex":0},"south":{"uv":[1.3125,0.0,1.5,0.25],"rotation":0,"texture":"#1","tintindex":0},"north":{"uv":[1.3125,0.0,1.5,0.25],"rotation":0,"texture":"#1","tintindex":0},"west":{"uv":[1.3125,0.0,1.5,0.25],"rotation":0,"texture":"#1","tintindex":0},"up":{"uv":[1.3125,0.0,1.5,0.0625],"rotation":0,"texture":"#1","tintindex":0},"down":{"uv":[1.3125,0.0,1.5,0.0625],"rotation":0,"texture":"#1","tintindex":0}}},{"from":[6.5348573,4.2605715,7.0],"to":[7.2891426,5.190857,7.326857],"rotation":{"angle":22.5,"axis":"y","origin":[6.9119997,4.662857,7.1634283]},"faces":{"east":{"uv":[1.3125,0.0,1.5,0.25],"rotation":0,"texture":"#1","tintindex":0},"south":{"uv":[1.3125,0.0,1.5,0.25],"rotation":0,"texture":"#1","tintindex":0},"north":{"uv":[1.3125,0.0,1.5,0.25],"rotation":0,"texture":"#1","tintindex":0},"west":{"uv":[1.3125,0.0,1.5,0.25],"rotation":0,"texture":"#1","tintindex":0},"up":{"uv":[1.3125,0.0,1.5,0.0625],"rotation":0,"texture":"#1","tintindex":0},"down":{"uv":[1.3125,0.0,1.5,0.0625],"rotation":0,"texture":"#1","tintindex":0}}},{"from":[7.44,4.2605715,6.849143],"to":[8.194285,5.190857,7.176],"rotation":{"angle":0.0,"axis":"y","origin":[7.8422856,6.536,8.772572]},"faces":{"east":{"uv":[1.3125,0.0,1.5,0.25],"rotation":0,"texture":"#1","tintindex":0},"south":{"uv":[1.3125,0.0,1.5,0.25],"rotation":0,"texture":"#1","tintindex":0},"north":{"uv":[1.3125,0.0,1.5,0.25],"rotation":0,"texture":"#1","tintindex":0},"west":{"uv":[1.3125,0.0,1.5,0.25],"rotation":0,"texture":"#1","tintindex":0},"up":{"uv":[1.3125,0.0,1.5,0.0625],"rotation":0,"texture":"#1","tintindex":0},"down":{"uv":[1.3125,0.0,1.5,0.0625],"rotation":0,"texture":"#1","tintindex":0}}},{"from":[6.5348573,4.2605715,7.176],"to":[9.149714,5.5177145,9.816],"rotation":{"angle":0.0,"axis":"y","origin":[7.8422856,6.536,8.772572]},"faces":{"east":{"uv":[9.3125,11.1875,10.0,11.5],"rotation":0,"texture":"#1","tintindex":0},"south":{"uv":[8.0625,11.4375,8.6875,11.75],"rotation":0,"texture":"#1","tintindex":0},"north":{"uv":[7.4375,11.4375,8.0625,11.75],"rotation":0,"texture":"#1","tintindex":0},"west":{"uv":[11.4375,5.9375,12.0625,6.25],"rotation":0,"texture":"#1","tintindex":0},"up":{"uv":[6.6875,10.0625,6.0625,9.375],"rotation":0,"texture":"#1","tintindex":0},"down":{"uv":[3.1875,8.1875,3.8125,9.0625],"rotation":0,"texture":"#1","tintindex":0}}}],"display":{"head":{"translation":[0.0,-6.4,0.0],"scale":[4.0,4.0,4.0]}}}